Site,Year,Month,NEE,QC,GPP,R,Date,Source,GPP_dtrd
BE-Bra,1996,1,1.686366611111111,0,0.23836065333333334,1.8986808,1996-01-01,FLUXNET2015,-3.3638639473034715
BE-Bra,1996,2,1.4981253888888888,0,0.746379,2.2002638,1996-02-01,FLUXNET2015,-2.8554015597896205
BE-Bra,1996,3,0.7728556111111111,0,1.9660583999999999,2.5227298,1996-03-01,FLUXNET2015,-1.635278118942446
BE-Bra,1996,4,-0.06103899722222224,0,3.815037333333333,3.3520726666666665,1996-04-01,FLUXNET2015,0.21414485523806026
BE-Bra,1996,5,-1.3353154444444444,0,6.195868,4.218876666666667,1996-05-01,FLUXNET2015,2.5954195627518994
BE-Bra,1996,6,-2.289801111111111,0,8.137798666666667,5.028867333333333,1996-06-01,FLUXNET2015,4.53779427026574
BE-Bra,1996,7,-1.9573822222222221,0,7.9865846666666664,5.263026,1996-07-01,FLUXNET2015,4.3870243111129135
BE-Bra,1996,8,-1.4715416666666667,0,6.955841333333333,4.807264,1996-08-01,FLUXNET2015,3.3567250186267517
BE-Bra,1996,9,-0.48513266666666666,0,4.926049333333333,3.9792773333333336,1996-09-01,FLUXNET2015,1.327377059473925
BE-Bra,1996,10,0.8694455555555556,0,2.878126,3.528567333333333,1996-10-01,FLUXNET2015,-0.7201022330122353
BE-Bra,1996,11,1.7486313333333334,0,1.0659876,2.7755953333333334,1996-11-01,FLUXNET2015,-2.5317965921650627
BE-Bra,1996,12,1.9025091666666667,0,0.51964228,2.3778146666666666,1996-12-01,FLUXNET2015,-3.07769787131789
BE-Bra,1997,1,1.686366611111111,0,0.23836065333333334,1.8986808,1997-01-01,FLUXNET2015,-3.3585354571373833
BE-Bra,1997,2,1.4981253888888888,0,0.746379,2.2002638,1997-02-01,FLUXNET2015,-2.8500730696235435
BE-Bra,1997,3,0.7728556111111111,0,1.9660583999999999,2.5227298,1997-03-01,FLUXNET2015,-1.6299496287763706
BE-Bra,1997,4,-0.06103899722222224,0,3.815037333333333,3.3520726666666665,1997-04-01,FLUXNET2015,0.21947334540413543
BE-Bra,1997,5,-1.3353154444444444,0,6.195868,4.218876666666667,1997-05-01,FLUXNET2015,2.6007480529179747
BE-Bra,1997,6,-2.289801111111111,0,8.137798666666667,5.028867333333333,1997-06-01,FLUXNET2015,4.543122760431815
BE-Bra,1997,7,-1.9573822222222221,0,7.9865846666666664,5.263026,1997-07-01,FLUXNET2015,4.392352801278989
BE-Bra,1997,8,-1.4715416666666667,0,6.955841333333333,4.807264,1997-08-01,FLUXNET2015,3.3620535087928265
BE-Bra,1997,9,-0.48513266666666666,0,4.926049333333333,3.9792773333333336,1997-09-01,FLUXNET2015,1.3327055496400002
BE-Bra,1997,10,0.8694455555555556,0,2.878126,3.528567333333333,1997-10-01,FLUXNET2015,-0.7147737428461602
BE-Bra,1997,11,1.7486313333333334,0,1.0659876,2.7755953333333334,1997-11-01,FLUXNET2015,-2.5264681019989874
BE-Bra,1997,12,1.9025091666666667,0,0.51964228,2.3778146666666666,1997-12-01,FLUXNET2015,-3.0723693811518147
BE-Bra,1998,1,1.686366611111111,0,0.23836065333333334,1.8986808,1998-01-01,FLUXNET2015,-3.3532069669713085
BE-Bra,1998,2,1.4981253888888888,0,0.746379,2.2002638,1998-02-01,FLUXNET2015,-2.8447445794574686
BE-Bra,1998,3,0.7728556111111111,0,1.9660583999999999,2.5227298,1998-03-01,FLUXNET2015,-1.6246211386102956
BE-Bra,1998,4,-0.06103899722222224,0,3.815037333333333,3.3520726666666665,1998-04-01,FLUXNET2015,0.2248018355702106
BE-Bra,1998,5,-1.3353154444444444,0,6.195868,4.218876666666667,1998-05-01,FLUXNET2015,2.60607654308405
BE-Bra,1998,6,-2.289801111111111,0,8.137798666666667,5.028867333333333,1998-06-01,FLUXNET2015,4.54845125059789
BE-Bra,1998,7,-1.9573822222222221,0,7.9865846666666664,5.263026,1998-07-01,FLUXNET2015,4.397681291445064
BE-Bra,1998,8,-1.4715416666666667,0,6.955841333333333,4.807264,1998-08-01,FLUXNET2015,3.367381998958902
BE-Bra,1998,9,-0.48513266666666666,0,4.926049333333333,3.9792773333333336,1998-09-01,FLUXNET2015,1.3380340398060755
BE-Bra,1998,10,0.8694455555555556,0,2.878126,3.528567333333333,1998-10-01,FLUXNET2015,-0.7094452526800851
BE-Bra,1998,11,1.7486313333333334,0,1.0659876,2.7755953333333334,1998-11-01,FLUXNET2015,-2.5211396118329126
BE-Bra,1998,12,1.9025091666666667,0,0.51964228,2.3778146666666666,1998-12-01,FLUXNET2015,-3.06704089098574
BE-Bra,1999,1,2.09719,0.347446,0.714368,2.81016,1999-01-01,FLUXNET2015,-2.8718711301385667
BE-Bra,1999,2,1.54594,0.560268,1.67367,3.20446,1999-02-01,FLUXNET2015,-1.9121250892913932
BE-Bra,1999,3,1.46843,0.399866,2.27566,3.72667,1999-03-01,FLUXNET2015,-1.3096910484442206
BE-Bra,1999,4,-0.00887615,1,3.81007,3.80662,1999-04-01,FLUXNET2015,0.22516299240295257
BE-Bra,1999,5,-1.75744,0.998656,6.71599,4.98635,1999-05-01,FLUXNET2015,3.1315270332501246
BE-Bra,1999,6,-2.39058,0.911806,7.77049,5.45792,1999-06-01,FLUXNET2015,4.186471074097299
BE-Bra,1999,7,-2.14961,0.956317,8.5722,6.41181,1999-07-01,FLUXNET2015,4.988625114944472
BE-Bra,1999,8,-1.30889,0.862231,7.1905,5.9292299999999996,1999-08-01,FLUXNET2015,3.6073691557916443
BE-Bra,1999,9,-0.131986,0.942361,4.6492000000000004,4.91071,1999-09-01,FLUXNET2015,1.0665131966388175
BE-Bra,1999,10,0.918039,1,2.59726,3.51247,1999-10-01,FLUXNET2015,-0.98498276251401
BE-Bra,1999,11,2.03739,0.99375,0.801236,2.81727,1999-11-01,FLUXNET2015,-2.7805627216668376
BE-Bra,1999,12,3.1264,0.72043,0.753185,3.67974,1999-12-01,FLUXNET2015,-2.8281696808196646
BE-Bra,2000,1,2.16521,0.994624,0.381162,2.58013,2000-01-01,FLUXNET2015,-3.199748639972491
BE-Bra,2000,2,1.68366,0.978448,0.8997,2.59355,2000-02-01,FLUXNET2015,-2.680766599125318
BE-Bra,2000,3,0.987775,0.983199,1.74197,2.7153,2000-03-01,FLUXNET2015,-1.838052558278145
BE-Bra,2000,4,0.347398,0.977083,3.1421,3.53831,2000-04-01,FLUXNET2015,-0.43747851743097227
BE-Bra,2000,5,-0.435041,0.52621,6.11601,5.80152,2000-05-01,FLUXNET2015,2.5368755234162004
BE-Bra,2000,6,-1.94984,0.977083,7.82145,5.92759,2000-06-01,FLUXNET2015,4.242759564263374
BE-Bra,2000,7,-1.66471,0.993952,6.99452,5.32653,2000-07-01,FLUXNET2015,3.416273605110546
BE-Bra,2000,8,-1.64075,0.985215,7.35478,5.65889,2000-08-01,FLUXNET2015,3.7769776459577185
BE-Bra,2000,9,0.350811,0.990278,4.71187,5.05927,2000-09-01,FLUXNET2015,1.1345116868048926
BE-Bra,2000,10,1.3352,1,2.5194,3.8414,2000-10-01,FLUXNET2015,-1.0575142723479347
BE-Bra,2000,11,2.06245,0.999306,1.07053,3.13221,2000-11-01,FLUXNET2015,-2.505940231500762
BE-Bra,2000,12,1.92919,0.99664,0.852961,2.76755,2000-12-01,FLUXNET2015,-2.723065190653589
BE-Bra,2001,1,2.32272,0.133737,-1.07316,1.45845,2001-01-01,FLUXNET2015,-4.648742149806416
BE-Bra,2001,2,1.4981253888888888,0,0.746379,2.2002638,2001-02-01,FLUXNET2015,-2.828759108959243
BE-Bra,2001,3,0.727793,0.111559,0.769994,1.72425,2001-03-01,FLUXNET2015,-2.80470006811207
BE-Bra,2001,4,-0.323486,0.990972,2.56108,2.25601,2001-04-01,FLUXNET2015,-1.0131700272648974
BE-Bra,2001,5,-1.49236,0.990591,5.46869,3.96181,2001-05-01,FLUXNET2015,1.8948840135822753
BE-Bra,2001,6,-2.75323,0.981944,6.98162,4.21732,2001-06-01,FLUXNET2015,3.4082580544294485
BE-Bra,2001,7,-2.05294,0.993952,6.94418,4.84081,2001-07-01,FLUXNET2015,3.3712620952766215
BE-Bra,2001,8,-1.7959,0.988575,6.67942,4.82201,2001-08-01,FLUXNET2015,3.1069461361237947
BE-Bra,2001,9,-0.963947,0.971528,4.06717,3.09599,2001-09-01,FLUXNET2015,0.4951401769709673
BE-Bra,2001,10,0.473496,0.994624,2.67239,3.12758,2001-10-01,FLUXNET2015,-0.8991957821818597
BE-Bra,2001,11,1.1074,0.996528,0.910391,2.06727,2001-11-01,FLUXNET2015,-2.660750741334687
BE-Bra,2001,12,1.38769,0.946909,0.269986,1.60726,2001-12-01,FLUXNET2015,-3.3007117004875144
BE-Bra,2002,1,1.17928,0.848118,0.42049,1.62923,2002-01-01,FLUXNET2015,-3.149763659640341
BE-Bra,2002,2,1.07017,0.974702,0.811528,1.89711,2002-02-01,FLUXNET2015,-2.758281618793168
BE-Bra,2002,3,0.158701,0.97043,2.07062,2.24401,2002-03-01,FLUXNET2015,-1.4987455779459953
BE-Bra,2002,4,-0.351659,0.99375,3.09775,2.73959,2002-04-01,FLUXNET2015,-0.47117153709882215
BE-Bra,2002,5,-1.29411,0.987903,4.77333,3.42658,2002-05-01,FLUXNET2015,1.2048525037483506
BE-Bra,2002,6,-2.07838,0.995833,5.81714,3.74558,2002-06-01,FLUXNET2015,2.2491065445955236
BE-Bra,2002,7,-2.05591,0.983871,6.43231,4.38002,2002-07-01,FLUXNET2015,2.8647205854426967
BE-Bra,2002,8,-1.9659,0.977823,5.7238,3.7793,2002-08-01,FLUXNET2015,2.1566546262898694
BE-Bra,2002,9,-0.945345,0.938889,4.48817,3.5323,2002-09-01,FLUXNET2015,0.9214686671370427
BE-Bra,2002,10,0.410064,0.971774,2.17069,2.53509,2002-10-01,FLUXNET2015,-1.3955672920157844
BE-Bra,2002,11,1.47679,0.719444,0.835322,2.30057,2002-11-01,FLUXNET2015,-2.730491251168612
BE-Bra,2002,12,1.22287,0.808468,0.499471,1.7757,2002-12-01,FLUXNET2015,-3.0658982103214387
BE-Bra,2003,1,1.686366611111111,0,0.23836065333333334,1.8986808,2003-01-01,FLUXNET2015,-3.3265645161409325
BE-Bra,2003,2,1.4981253888888888,0,0.746379,2.2002638,2003-02-01,FLUXNET2015,-2.818102128627093
BE-Bra,2003,3,0.7728556111111111,0,1.9660583999999999,2.5227298,2003-03-01,FLUXNET2015,-1.5979786877799198
BE-Bra,2003,4,-0.06103899722222224,0,3.815037333333333,3.3520726666666665,2003-04-01,FLUXNET2015,0.2514442864005862
BE-Bra,2003,5,-1.3353154444444444,0,6.195868,4.218876666666667,2003-05-01,FLUXNET2015,2.6327189939144255
BE-Bra,2003,6,-2.289801111111111,0,8.137798666666667,5.028867333333333,2003-06-01,FLUXNET2015,4.5750937014282655
BE-Bra,2003,7,-1.9573822222222221,0,7.9865846666666664,5.263026,2003-07-01,FLUXNET2015,4.42432374227544
BE-Bra,2003,8,-1.4715416666666667,0,6.955841333333333,4.807264,2003-08-01,FLUXNET2015,3.3940244497892773
BE-Bra,2003,9,-0.48513266666666666,0,4.926049333333333,3.9792773333333336,2003-09-01,FLUXNET2015,1.364676490636451
BE-Bra,2003,10,0.8694455555555556,0,2.878126,3.528567333333333,2003-10-01,FLUXNET2015,-0.6828028018497094
BE-Bra,2003,11,1.7486313333333334,0,1.0659876,2.7755953333333334,2003-11-01,FLUXNET2015,-2.4944971610025366
BE-Bra,2003,12,1.9025091666666667,0,0.51964228,2.3778146666666666,2003-12-01,FLUXNET2015,-3.040398440155364
BE-Bra,2004,1,1.96298,0.887769,0.127865,2.07723,2004-01-01,FLUXNET2015,-3.431731679308191
BE-Bra,2004,2,1.58849,1,0.886881,2.50111,2004-02-01,FLUXNET2015,-2.6722716384610177
BE-Bra,2004,3,0.652043,0.906586,1.79469,2.43661,2004-03-01,FLUXNET2015,-1.764018597613845
BE-Bra,2004,4,0.0557572,0.546528,2.86035,2.89279,2004-04-01,FLUXNET2015,-0.697914556766672
BE-Bra,2004,5,-2.40469,0.99328,5.65754,3.20865,2004-05-01,FLUXNET2015,2.099719484080501
BE-Bra,2004,6,-2.61871,0.95625,6.68345,4.1011,2004-06-01,FLUXNET2015,3.126073524927673
BE-Bra,2004,7,-2.14461,0.772849,5.8844,3.74417,2004-07-01,FLUXNET2015,2.327467565774847
BE-Bra,2004,8,-1.9623,0.22043,5.8389,3.97421,2004-08-01,FLUXNET2015,2.2824116066220195
BE-Bra,2004,9,-0.551263,0.924306,3.80468,3.25342,2004-09-01,FLUXNET2015,0.2486356474691926
BE-Bra,2004,10,0.317641,0.957661,2.50543,2.81737,2004-10-01,FLUXNET2015,-1.0501703116836343
BE-Bra,2004,11,2.03673,0.907639,0.76692,2.66584,2004-11-01,FLUXNET2015,-2.7882362708364616
BE-Bra,2004,12,0.450005,0.353495,1.3678,1.83481,2004-12-01,FLUXNET2015,-2.186912229989289
BE-Bra,2005,1,1.83905,0.522849,-1.02314,0.770074,2005-01-01,FLUXNET2015,-4.5774081891421154
BE-Bra,2005,2,0.766923,0.693452,-0.115425,0.649067,2005-02-01,FLUXNET2015,-3.6692491482949428
BE-Bra,2005,3,0.733585,0.807796,0.153702,0.866897,2005-03-01,FLUXNET2015,-3.3996781074477695
BE-Bra,2005,4,-0.179101,0.997222,2.3333,2.05704,2005-04-01,FLUXNET2015,-1.2196360666005968
BE-Bra,2005,5,-2.32046,0.994624,5.42235,3.06133,2005-05-01,FLUXNET2015,1.8698579742465757
BE-Bra,2005,6,-3.41395,0.967361,6.5009,3.01971,2005-06-01,FLUXNET2015,2.9488520150937485
BE-Bra,2005,7,-3.20903,0.969758,6.49619,3.25086,2005-07-01,FLUXNET2015,2.9445860559409223
BE-Bra,2005,8,-4.15104,0.995968,6.56498,2.39982,2005-08-01,FLUXNET2015,3.0138200967880953
BE-Bra,2005,9,-1.95345,0.734028,4.23397,2.26585,2005-09-01,FLUXNET2015,0.6832541376352681
BE-Bra,2005,10,0.394925,0.921371,2.84495,3.23535,2005-10-01,FLUXNET2015,-0.7053218215175593
BE-Bra,2005,11,1.92047,1,0.995132,2.89556,2005-11-01,FLUXNET2015,-2.5546957806703867
BE-Bra,2005,12,2.01235,1,0.55322,2.56869,2005-12-01,FLUXNET2015,-2.9961637398232135
BE-Bra,2006,1,1.29565,0.74328,0.378597,1.66373,2006-01-01,FLUXNET2015,-3.1703426989760404
BE-Bra,2006,2,1.31255,0.784226,0.343958,1.62736,2006-02-01,FLUXNET2015,-3.2045376581288676
BE-Bra,2006,3,1.05812,1,1.01838,2.0701,2006-03-01,FLUXNET2015,-2.5296716172816947
BE-Bra,2006,4,0.210133,1,2.84406,3.03079,2006-04-01,FLUXNET2015,-0.7035475764345218
BE-Bra,2006,5,-0.914027,1,4.60857,3.7186,2006-05-01,FLUXNET2015,1.0614064644126517
BE-Bra,2006,6,-3.0791,0.999306,8.50806,5.45193,2006-06-01,FLUXNET2015,4.961340505259825
BE-Bra,2006,7,-2.81924,0.846102,8.73505,5.9618,2006-07-01,FLUXNET2015,5.1887745461069965
BE-Bra,2006,8,-1.47601,1,6.3405,4.86818,2006-08-01,FLUXNET2015,2.7946685869541694
BE-Bra,2006,9,-1.03989,0.988889,4.94158,3.85761,2006-09-01,FLUXNET2015,1.3961926278013432
BE-Bra,2006,10,0.498511,1,3.46777,3.97051,2006-10-01,FLUXNET2015,-0.07717333135148427
BE-Bra,2006,11,1.76904,0.997917,1.19347,2.94853,2006-11-01,FLUXNET2015,-2.3510292905043113
BE-Bra,2006,12,1.84572,0.999328,0.379754,2.20806,2006-12-01,FLUXNET2015,-3.164301249657138
BE-Bra,2007,1,2.16348,0.637097,0.766154,2.94401,2007-01-01,FLUXNET2015,-2.777457208809966
BE-Bra,2007,2,1.14668,1,0.98487,2.15845,2007-02-01,FLUXNET2015,-2.5582971679627926
BE-Bra,2007,3,0.476758,0.954301,2.0574,2.49971,2007-03-01,FLUXNET2015,-1.4853231271156193
BE-Bra,2007,4,-0.611556,0.997917,4.80261,4.20791,2007-04-01,FLUXNET2015,1.260330913731553
BE-Bra,2007,5,-1.99663,0.999328,6.49235,4.52311,2007-05-01,FLUXNET2015,2.9505149545787264
BE-Bra,2007,6,-2.77363,0.997222,7.82157,5.08148,2007-06-01,FLUXNET2015,4.280178995425901
BE-Bra,2007,7,-3.02412,0.97043,8.2706,5.24736,2007-07-01,FLUXNET2015,4.729653036273072
BE-Bra,2007,8,-1.86085,0.99664,6.47905,4.58416,2007-08-01,FLUXNET2015,2.938547077120245
BE-Bra,2007,9,-0.801359,0.873611,2.79776,2.0133,2007-09-01,FLUXNET2015,-0.742298882032582
BE-Bra,2007,10,0.400425,0.995968,2.1722,2.4956,2007-10-01,FLUXNET2015,-1.3674148411854088
BE-Bra,2007,11,1.83191,1,0.952333,2.77948,2007-11-01,FLUXNET2015,-2.5868378003382366
BE-Bra,2007,12,1.39109,0.997312,0.46584,1.92026,2007-12-01,FLUXNET2015,-3.0728867594910634
BE-Bra,2008,1,1.64431,1,0.549602,2.2295,2008-01-01,FLUXNET2015,-2.98868071864389
BE-Bra,2008,2,1.48714,0.748563,1.27839,3.0414,2008-02-01,FLUXNET2015,-2.2594486777967173
BE-Bra,2008,3,0.6448,0.99664,1.8294,2.45745,2008-03-01,FLUXNET2015,-1.7079946369495442
BE-Bra,2008,4,-0.452215,0.972917,3.63626,3.16252,2008-04-01,FLUXNET2015,0.09930940389762866
BE-Bra,2008,5,-1.88921,0.989919,5.03978,3.12181,2008-05-01,FLUXNET2015,1.503273444744802
BE-Bra,2008,6,-3.64415,0.995139,8.67354,5.06461,2008-06-01,FLUXNET2015,5.137477485591973
BE-Bra,2008,7,-3.28617,0.920027,7.38521,4.10995,2008-07-01,FLUXNET2015,3.849591526439148
BE-Bra,2008,8,-1.98609,0.992608,6.3351,4.34996,2008-08-01,FLUXNET2015,2.79992556728632
BE-Bra,2008,9,-0.580531,0.997917,3.72953,3.12915,2008-09-01,FLUXNET2015,0.19479960813349323
BE-Bra,2008,10,0.485653,0.998656,2.87085,3.34886,2008-10-01,FLUXNET2015,-0.663436351019334
BE-Bra,2008,11,1.62297,1,0.906048,2.58951,2008-11-01,FLUXNET2015,-2.6277943101721615
BE-Bra,2008,12,1.01312,0.997312,0.269367,1.27543,2008-12-01,FLUXNET2015,-3.264031269324988
BE-Bra,2009,1,-0.160245,0.990591,0.502114,0.358098,2009-01-01,FLUXNET2015,-3.030840228477815
BE-Bra,2009,2,1.32285,1,0.342683,1.64192,2009-02-01,FLUXNET2015,-3.1898271876306423
BE-Bra,2009,3,0.229203,0.93078,1.96772,2.2072,2009-03-01,FLUXNET2015,-1.5643461467834692
BE-Bra,2009,4,-0.784062,0.83125,4.09096,3.25399,2009-04-01,FLUXNET2015,0.5593378940637037
BE-Bra,2009,5,-2.56924,0.995968,6.50555,3.91119,2009-05-01,FLUXNET2015,2.974371934910877
BE-Bra,2009,6,-4.05356,0.997222,8.25149,4.25294,2009-06-01,FLUXNET2015,4.72075597575805
BE-Bra,2009,7,-3.15269,0.969086,8.70185,5.36009,2009-07-01,FLUXNET2015,5.171560016605223
BE-Bra,2009,8,-2.63517,0.984543,8.64604,5.895,2009-08-01,FLUXNET2015,5.116194057452394
BE-Bra,2009,9,-1.47656,0.988194,5.60518,4.13203,2009-09-01,FLUXNET2015,2.075778098299568
BE-Bra,2009,10,0.815589,0.914651,2.93052,3.68209,2009-10-01,FLUXNET2015,-0.5984378608532587
BE-Bra,2009,11,2.40355,0.994444,0.939906,3.34783,2009-11-01,FLUXNET2015,-2.588607820006086
BE-Bra,2009,12,2.16574,0.889113,0.334619,2.45734,2009-12-01,FLUXNET2015,-3.1934507791589133
BE-Bra,2010,1,1.5822,1,0.428351,2.01139,2010-01-01,FLUXNET2015,-3.09927473831174
BE-Bra,2010,2,1.88308,1,0.335025,2.21873,2010-02-01,FLUXNET2015,-3.192156697464567
BE-Bra,2010,3,0.960885,0.998656,1.86913,2.84244,2010-03-01,FLUXNET2015,-1.657607656617394
BE-Bra,2010,4,-0.394062,1,3.80888,3.40886,2010-04-01,FLUXNET2015,0.2825863842297787
BE-Bra,2010,5,-1.8876,1,5.75122,3.90777,2010-05-01,FLUXNET2015,2.2253704250769513
BE-Bra,2010,6,-3.24659,0.989583,8.32108,5.03886,2010-06-01,FLUXNET2015,4.795674465924125
BE-Bra,2010,7,-2.12137,0.762769,7.57251,5.37539,2010-07-01,FLUXNET2015,4.047548506771299
BE-Bra,2010,8,-1.35175,0.989247,5.44152,4.14189,2010-08-01,FLUXNET2015,1.9170025476184704
BE-Bra,2010,9,-0.899095,0.995833,5.40039,4.45593,2010-09-01,FLUXNET2015,1.8763165884656432
BE-Bra,2010,10,0.68329,1,2.79928,3.47831,2010-10-01,FLUXNET2015,-0.7243493706871835
BE-Bra,2010,11,1.51186,1,0.869249,2.38125,2010-11-01,FLUXNET2015,-2.653936329840011
BE-Bra,2010,12,1.9235,0.999328,0.371089,2.26695,2010-12-01,FLUXNET2015,-3.151652288992838
BE-Vie,1996,1,0.4589317894736842,0,1.0061986842105264,1.4486621052631579,1996-01-01,FLUXNET2015,-3.3669577661880687
BE-Vie,1996,2,0.00739816842105262,0,1.4936065263157894,1.48099,1996-02-01,FLUXNET2015,-2.8833232490466307
BE-Vie,1996,3,-0.8323114842105264,0,2.9419168421052633,2.0771136842105262,1996-03-01,FLUXNET2015,-1.4387862582210045
BE-Vie,1996,4,-1.8241577894736842,0,5.045774736842105,3.1977784210526314,1996-04-01,FLUXNET2015,0.6612983115519926
BE-Vie,1996,5,-3.3455342105263157,0,8.071197894736843,4.743235789473684,1996-05-01,FLUXNET2015,3.682948144482885
BE-Vie,1996,6,-4.182142631578947,0,9.936525789473684,5.816384210526316,1996-06-01,FLUXNET2015,5.54450271425588
BE-Vie,1996,7,-4.85218,0.061828,8.48432,3.57956,1996-07-01,FLUXNET2015,4.088523599818352
BE-Vie,1996,8,-3.35257,0.756048,7.45588,4.32486,1996-08-01,FLUXNET2015,3.0563102748545057
BE-Vie,1996,9,-2.90883,0.975694,6.73452,3.77683,1996-09-01,FLUXNET2015,2.3311769498906605
BE-Vie,1996,10,-0.807695,0.976478,3.23422,2.58969,1996-10-01,FLUXNET2015,-1.1728963750731844
BE-Vie,1996,11,0.549788,0.983333,0.97718,1.53565,1996-11-01,FLUXNET2015,-3.43370970003703
BE-Vie,1996,12,0.134867,0.827285,0.563631,0.709405,1996-12-01,FLUXNET2015,-3.8510320250008747
BE-Vie,1997,1,0.714561,0.854839,0.805993,1.48188,1997-01-01,FLUXNET2015,-3.61244334996472
BE-Vie,1997,2,-0.0302711,0.969494,1.04122,0.996678,1997-02-01,FLUXNET2015,-3.3809896749285655
BE-Vie,1997,3,-0.0840289,0.875,2.5721,2.46772,1997-03-01,FLUXNET2015,-1.853882999892411
BE-Vie,1997,4,-1.70219,0.9875,4.32276,2.58007,1997-04-01,FLUXNET2015,-0.10699632485625629
BE-Vie,1997,5,-2.63592,0.93414,7.10354,4.48154,1997-05-01,FLUXNET2015,2.6700103501798984
BE-Vie,1997,6,-3.56885,0.911806,9.4598,6.00547,1997-06-01,FLUXNET2015,5.022497025216053
BE-Vie,1997,7,-3.19523,0.946237,10.0764,6.96353,1997-07-01,FLUXNET2015,5.635323700252207
BE-Vie,1997,8,-1.58295,0.824597,7.01083,5.56103,1997-08-01,FLUXNET2015,2.5659803752883636
BE-Vie,1997,9,-2.73153,0.873611,5.96655,3.16686,1997-09-01,FLUXNET2015,1.5179270503245177
BE-Vie,1997,10,-0.464545,0.984543,3.46252,2.94359,1997-10-01,FLUXNET2015,-0.9898762746393275
BE-Vie,1997,11,0.484996,0.994444,1.34318,1.8322,1997-11-01,FLUXNET2015,-3.1129895996031727
BE-Vie,1997,12,0.811766,0.981183,0.384604,1.2286300000000001,1997-12-01,FLUXNET2015,-4.075338924567018
BE-Vie,1998,1,0.897868,0.993952,0.423625,1.29741,1998-01-01,FLUXNET2015,-4.040091249530863
BE-Vie,1998,2,0.598366,0.954613,0.937738,1.51788,1998-02-01,FLUXNET2015,-3.5297515744947088
BE-Vie,1998,3,-0.345547,0.931452,2.03929,1.75507,1998-03-01,FLUXNET2015,-2.431972899458554
BE-Vie,1998,4,-0.729354,0.981944,3.72535,3.00674,1998-04-01,FLUXNET2015,-0.749686224422399
BE-Vie,1998,5,-2.83773,0.877688,8.19404,5.43845,1998-05-01,FLUXNET2015,3.7152304506137552
BE-Vie,1998,6,-4.48956,0.933333,11.3181,6.84743,1998-06-01,FLUXNET2015,6.835517125649909
BE-Vie,1998,7,-4.61581,0.982527,9.06061,4.504,1998-07-01,FLUXNET2015,4.574253800686066
BE-Vie,1998,8,-3.09044,0.956317,10.6599,7.56973,1998-08-01,FLUXNET2015,6.16977047572222
BE-Vie,1998,9,-1.67134,0.970833,6.049,4.37037,1998-09-01,FLUXNET2015,1.555097150758375
BE-Vie,1998,10,0.333496,0.980511,1.9469,2.33681,1998-10-01,FLUXNET2015,-2.55077617420547
BE-Vie,1998,11,0.754362,0.963889,0.874016,1.60578,1998-11-01,FLUXNET2015,-3.6274334991693156
BE-Vie,1998,12,1.03547,0.81586,0.573494,1.52648,1998-12-01,FLUXNET2015,-3.931728824133161
BE-Vie,1999,1,0.44715,0.991263,0.571721,1.04271,1999-01-01,FLUXNET2015,-3.9372751490970064
BE-Vie,1999,2,0.168961,0.763393,0.913085,1.10585,1999-02-01,FLUXNET2015,-3.5996844740608513
BE-Vie,1999,3,-1.25952,0.995296,2.84491,1.61061,1999-03-01,FLUXNET2015,-1.6716327990246969
BE-Vie,1999,4,-1.53695,0.967361,4.24324,2.71903,1999-04-01,FLUXNET2015,-0.277076123988542
BE-Vie,1999,5,-3.90227,0.94086,8.87579,4.9713,1999-05-01,FLUXNET2015,4.351700551047613
BE-Vie,1999,6,-4.69508,0.6125,9.55562,4.90982,1999-06-01,FLUXNET2015,5.027757226083766
BE-Vie,1999,7,-4.88385,0.91129,10.8665,5.98316,1999-07-01,FLUXNET2015,6.334863901119922
BE-Vie,1999,8,-3.38825,0.868952,7.68851,4.41395,1999-08-01,FLUXNET2015,3.153100576156077
BE-Vie,1999,9,-1.49187,0.89375,5.28911,3.73285,1999-09-01,FLUXNET2015,0.7499272511922316
BE-Vie,1999,10,-0.429979,0.994624,3.24655,2.7492,1999-10-01,FLUXNET2015,-1.2964060737716134
BE-Vie,1999,11,1.14088,0.911806,0.700584,1.85011,1999-11-01,FLUXNET2015,-3.846145398735459
BE-Vie,1999,12,1.21963,0.985887,0.487462,1.69795,1999-12-01,FLUXNET2015,-4.063040723699305
BE-Vie,2000,1,0.808588,0.93414,0.470022,1.27509,2000-01-01,FLUXNET2015,-4.08425404866315
BE-Vie,2000,2,0.487884,0.981322,0.882561,1.3706,2000-02-01,FLUXNET2015,-3.6754883736269948
BE-Vie,2000,3,0.0402616,0.975806,1.75264,1.80443,2000-03-01,FLUXNET2015,-2.8091826985908397
BE-Vie,2000,4,-1.68536,0.938194,5.62115,3.9681,2000-04-01,FLUXNET2015,1.055553976445315
BE-Vie,2000,5,-2.87447,0.811828,7.52516,4.74922,2000-05-01,FLUXNET2015,2.955790651481469
BE-Vie,2000,6,-2.99777,0.944444,9.11163,6.06398,2000-06-01,FLUXNET2015,4.538487326517624
BE-Vie,2000,7,-2.60964,0.987231,7.26428,4.59119,2000-07-01,FLUXNET2015,2.6873640015537794
BE-Vie,2000,8,-2.04805,0.875,8.15906,6.0454,2000-08-01,FLUXNET2015,3.5783706765899344
BE-Vie,2000,9,-0.406946,0.997917,4.95002,4.54321,2000-09-01,FLUXNET2015,0.3655573516260888
BE-Vie,2000,10,0.22653,0.997312,2.62389,2.87429,2000-10-01,FLUXNET2015,-1.9643459733377568
BE-Vie,2000,11,0.705342,0.940972,1.24804,1.9586,2000-11-01,FLUXNET2015,-3.343969298301602
BE-Vie,2000,12,1.22458,0.992608,0.755779,1.94063,2000-12-01,FLUXNET2015,-3.840003623265447
BE-Vie,2001,1,0.68955,0.980511,0.652279,1.3125,2001-01-01,FLUXNET2015,-3.9472769482292924
BE-Vie,2001,2,0.146982,0.96131,1.43461,1.51931,2001-02-01,FLUXNET2015,-3.1687192731931377
BE-Vie,2001,3,-0.220758,0.978495,1.92535,1.70206,2001-03-01,FLUXNET2015,-2.6817525981569834
BE-Vie,2001,4,-1.07604,0.993056,3.44381,2.35763,2001-04-01,FLUXNET2015,-1.1670659231208282
BE-Vie,2001,5,-3.72921,0.876344,8.64,4.92319,2001-05-01,FLUXNET2015,4.025350751915326
BE-Vie,2001,6,-4.19945,0.927778,8.56507,4.3338,2001-06-01,FLUXNET2015,3.9466474269514813
BE-Vie,2001,7,-3.89096,0.957661,10.2521,6.33854,2001-07-01,FLUXNET2015,5.629904101987636
BE-Vie,2001,8,-3.65158,0.947581,7.79632,4.14947,2001-08-01,FLUXNET2015,3.1703507770237906
BE-Vie,2001,9,-1.19376,0.994444,4.50091,3.27339,2001-09-01,FLUXNET2015,-0.12883254794005433
BE-Vie,2001,10,-0.373208,0.97379,3.38921,2.94504,2001-10-01,FLUXNET2015,-1.2443058729039
BE-Vie,2001,11,0.148011,0.989583,1.58997,1.74566,2001-11-01,FLUXNET2015,-3.047319197867745
BE-Vie,2001,12,0.622361,0.967742,0.746152,1.37499,2001-12-01,FLUXNET2015,-3.894910522831591
BE-Vie,2002,1,0.730238,0.975806,0.156812,0.829038,2002-01-01,FLUXNET2015,-4.488023847795436
BE-Vie,2002,2,0.0871494,0.94122,1.33093,1.41016,2002-02-01,FLUXNET2015,-3.3176791727592807
BE-Vie,2002,3,-1.39405,0.981183,3.31089,1.93005,2002-03-01,FLUXNET2015,-1.341492497723126
BE-Vie,2002,4,-2.41354,0.945139,5.11285,2.65204,2002-04-01,FLUXNET2015,0.45669417731302864
BE-Vie,2002,5,-3.35312,0.977151,7.35612,3.98911,2002-05-01,FLUXNET2015,2.6961908523491833
BE-Vie,2002,6,-4.46016,0.86875,10.2902,5.94662,2002-06-01,FLUXNET2015,5.626497527385338
BE-Vie,2002,7,-3.78211,0.922715,9.05549,5.37797,2002-07-01,FLUXNET2015,4.388014202421493
BE-Vie,2002,8,-3.27099,0.863575,8.31578,5.2424,2002-08-01,FLUXNET2015,3.644530877457648
BE-Vie,2002,9,-3.88538,0.946528,7.26876,3.41736,2002-09-01,FLUXNET2015,2.593737552493803
BE-Vie,2002,10,-0.136992,0.973118,2.9854,2.82258,2002-10-01,FLUXNET2015,-1.6933957724700428
BE-Vie,2002,11,0.680045,0.996528,1.29353,1.9465,2002-11-01,FLUXNET2015,-3.389039097433888
BE-Vie,2002,12,0.656618,0.935484,0.780152,1.42635,2002-12-01,FLUXNET2015,-3.9061904223977333
BE-Vie,2003,1,0.493041,0.969758,0.510768,1.01295,2003-01-01,FLUXNET2015,-4.17934774736158
BE-Vie,2003,2,-0.235452,0.797619,1.00094,0.758051,2003-02-01,FLUXNET2015,-3.692949072325424
BE-Vie,2003,3,-1.73307,0.957661,3.85302,2.07773,2003-03-01,FLUXNET2015,-0.8446423972892692
BE-Vie,2003,4,-2.09253,0.934028,4.44893,2.36554,2003-04-01,FLUXNET2015,-0.2525057222531146
BE-Vie,2003,5,-3.08845,0.989247,6.93535,3.88986,2003-05-01,FLUXNET2015,2.23014095278304
BE-Vie,2003,6,-4.48001,0.45625,8.76174,4.24312,2003-06-01,FLUXNET2015,4.052757627819195
BE-Vie,2003,7,-4.15421,0.924059,9.67465,5.5324,2003-07-01,FLUXNET2015,4.961894302855349
BE-Vie,2003,8,-2.64547,0.795027,9.55047,6.89539,2003-08-01,FLUXNET2015,4.833940977891505
BE-Vie,2003,9,-2.88291,0.904861,6.48883,3.54917,2003-09-01,FLUXNET2015,1.7685276529276595
BE-Vie,2003,10,-1.26852,0.979839,3.13717,1.83535,2003-10-01,FLUXNET2015,-1.586905672036186
BE-Vie,2003,11,-0.0853136,0.990278,1.81121,1.72167,2003-11-01,FLUXNET2015,-2.9166389970000313
BE-Vie,2003,12,0.538996,0.790323,0.691593,1.21826,2003-12-01,FLUXNET2015,-4.0400293219638765
BE-Vie,2004,1,0.775222,0.436156,0.603558,1.37621,2004-01-01,FLUXNET2015,-4.131837646927722
BE-Vie,2004,2,0.0747289,0.864943,1.3653,1.45022,2004-02-01,FLUXNET2015,-3.373868971891567
BE-Vie,2004,3,-1.10452,0.989247,2.81831,1.75141,2004-03-01,FLUXNET2015,-1.9246322968554124
BE-Vie,2004,4,-1.73055,0.798611,4.84129,3.19085,2004-04-01,FLUXNET2015,0.09457437818074241
BE-Vie,2004,5,-4.63475,0.815188,9.09077,4.5068,2004-05-01,FLUXNET2015,4.340281053216897
BE-Vie,2004,6,-4.13079,0.846528,9.80909,5.61278,2004-06-01,FLUXNET2015,5.054827728253051
BE-Vie,2004,7,-2.94504,0.93078,9.58978,6.56641,2004-07-01,FLUXNET2015,4.831744403289206
BE-Vie,2004,8,-2.26636,0.726478,6.78375,4.47195,2004-08-01,FLUXNET2015,2.021941078325362
BE-Vie,2004,9,-1.55251,0.917361,5.68743,4.13729,2004-09-01,FLUXNET2015,0.9218477533615164
BE-Vie,2004,10,-1.13739,0.874328,3.89005,2.74752,2004-10-01,FLUXNET2015,-0.8793055716023289
BE-Vie,2004,11,0.499431,0.96875,1.83466,2.30459,2004-11-01,FLUXNET2015,-2.9384688965661745
BE-Vie,2004,12,0.741448,0.860887,1.10036,1.83899,2004-12-01,FLUXNET2015,-3.676542221530019
BE-Vie,2005,1,0.731707,0.948925,0.743098,1.47791,2005-01-01,FLUXNET2015,-4.037577546493865
BE-Vie,2005,2,0.798156,0.974702,0.578142,1.39582,2005-02-01,FLUXNET2015,-4.20630687145771
BE-Vie,2005,3,0.238402,0.973118,2.01454,2.23376,2005-03-01,FLUXNET2015,-2.773682196421555
BE-Vie,2005,4,-2.05018,0.905556,5.31153,3.22755,2005-04-01,FLUXNET2015,0.5195344786145998
BE-Vie,2005,5,-2.39145,0.850806,7.59354,5.1706,2005-05-01,FLUXNET2015,2.7977711536507543
BE-Vie,2005,6,-4.06498,0.888194,10.7031,6.81662,2005-06-01,FLUXNET2015,5.903557828686908
BE-Vie,2005,7,-4.01748,0.927419,10.0848,6.17259,2005-07-01,FLUXNET2015,5.281484503723063
BE-Vie,2005,8,-2.92569,0.982527,7.79104,4.93332,2005-08-01,FLUXNET2015,2.9839511787592183
BE-Vie,2005,9,-2.08616,0.963194,6.83244,4.72502,2005-09-01,FLUXNET2015,2.0215778537953732
BE-Vie,2005,10,-0.54762,0.993952,3.83823,3.21845,2005-10-01,FLUXNET2015,-0.9764054711684722
BE-Vie,2005,11,0.610151,0.989583,1.60892,2.13611,2005-11-01,FLUXNET2015,-3.2094887961323173
BE-Vie,2005,12,0.940689,0.972446,1.05098,1.93375,2005-12-01,FLUXNET2015,-3.7712021210961626
BE-Vie,2006,1,0.609348,0.974462,0.800563,1.38786,2006-01-01,FLUXNET2015,-4.025392446060008
BE-Vie,2006,2,0.277325,0.929315,0.895378,1.14392,2006-02-01,FLUXNET2015,-3.934350771023853
BE-Vie,2006,3,0.0445721,0.981855,1.2821,1.32513,2006-03-01,FLUXNET2015,-3.5514020959876986
BE-Vie,2006,4,-1.73237,0.984722,4.59414,2.87177,2006-04-01,FLUXNET2015,-0.24313542095154325
BE-Vie,2006,5,-2.92853,0.739919,7.39729,4.45684,2006-05-01,FLUXNET2015,2.556241254084611
BE-Vie,2006,6,-4.40998,0.948611,8.78407,4.41837,2006-06-01,FLUXNET2015,3.9392479291207656
BE-Vie,2006,7,-3.70172,0.483199,7.66344,4.02166,2006-07-01,FLUXNET2015,2.8148446041569204
BE-Vie,2006,8,-2.77525,0.994624,7.63179,4.87862,2006-08-01,FLUXNET2015,2.779421279193075
BE-Vie,2006,9,-2.37717,0.961806,6.2252,3.91327,2006-09-01,FLUXNET2015,1.3690579542292303
BE-Vie,2006,10,-0.916307,0.966398,3.54348,2.64413,2006-10-01,FLUXNET2015,-1.316435370734615
BE-Vie,2006,11,0.429223,0.983333,1.34919,1.76425,2006-11-01,FLUXNET2015,-3.5144986956984603
BE-Vie,2006,12,0.211926,0.985887,0.817441,0.935897,2006-12-01,FLUXNET2015,-4.050021020662306
BE-Vie,2007,1,0.254445,0.993952,0.706879,0.959642,2007-01-01,FLUXNET2015,-4.164356345626151
BE-Vie,2007,2,-0.387254,0.982887,1.35633,0.984521,2007-02-01,FLUXNET2015,-3.518678670589996
BE-Vie,2007,3,-1.71737,0.990591,2.97274,1.21358,2007-03-01,FLUXNET2015,-1.9060419955538415
BE-Vie,2007,4,-2.34211,0.746528,6.95466,4.48612,2007-04-01,FLUXNET2015,2.072104679482313
BE-Vie,2007,5,-2.9882,0.87836,7.73675,4.7273,2007-05-01,FLUXNET2015,2.850421354518468
BE-Vie,2007,6,-4.06158,0.79375,9.43019,5.3296,2007-06-01,FLUXNET2015,4.540088029554622
BE-Vie,2007,7,-3.27132,0.987231,8.06744,4.78678,2007-07-01,FLUXNET2015,3.173564704590777
BE-Vie,2007,8,-2.87179,0.972446,7.94933,5.14233,2007-08-01,FLUXNET2015,3.051681379626932
BE-Vie,2007,9,-1.96759,0.979167,5.91188,3.97201,2007-09-01,FLUXNET2015,1.0104580546630872
BE-Vie,2007,10,-1.05928,0.964382,3.64902,2.53604,2007-10-01,FLUXNET2015,-1.256175270300758
BE-Vie,2007,11,0.611296,0.983333,1.19683,1.81386,2007-11-01,FLUXNET2015,-3.712138595264603
BE-Vie,2007,12,0.534906,0.977151,0.684857,1.19725,2007-12-01,FLUXNET2015,-4.227884920228449
BE-Vie,2008,1,0.586989,0.997312,0.853922,1.44435,2008-01-01,FLUXNET2015,-4.062593245192295
BE-Vie,2008,2,-0.508054,0.989943,2.05474,1.53771,2008-02-01,FLUXNET2015,-2.8655485701561396
BE-Vie,2008,3,-0.738691,0.935484,2.36172,1.61836,2008-03-01,FLUXNET2015,-2.5623418951199843
BE-Vie,2008,4,-2.27503,0.967361,5.1474,2.86014,2008-04-01,FLUXNET2015,0.2195647799161705
BE-Vie,2008,5,-3.83087,0.936156,7.99658,4.12276,2008-05-01,FLUXNET2015,3.064971454952325
BE-Vie,2008,6,-4.46139,0.925694,10.527,5.94873,2008-06-01,FLUXNET2015,5.591618129988479
BE-Vie,2008,7,-4.56334,0.915323,10.2901,5.78302,2008-07-01,FLUXNET2015,5.350944805024635
BE-Vie,2008,8,-3.76594,0.983871,8.8968,5.23417,2008-08-01,FLUXNET2015,3.95387148006079
BE-Vie,2008,9,-3.78584,0.984028,8.12827,4.50862,2008-09-01,FLUXNET2015,3.1815681550969446
BE-Vie,2008,10,-0.580984,0.968414,3.71464,3.09277,2008-10-01,FLUXNET2015,-1.2358351698669012
BE-Vie,2008,11,0.815052,0.995833,1.36761,2.06823,2008-11-01,FLUXNET2015,-3.586638494830747
BE-Vie,2008,12,0.464315,0.968414,0.918608,1.37766,2008-12-01,FLUXNET2015,-4.039413819794592
BE-Vie,2009,1,0.245445,0.913978,0.842956,1.11926,2009-01-01,FLUXNET2015,-4.118839144758438
BE-Vie,2009,2,0.299736,0.938988,0.817119,1.10702,2009-02-01,FLUXNET2015,-4.148449469722283
BE-Vie,2009,3,-0.831697,0.815188,3.05347,2.18186,2009-03-01,FLUXNET2015,-1.9158717946861274
BE-Vie,2009,4,-1.8241577894736842,0,5.045774736842105,3.1977784210526314,2009-04-01,FLUXNET2015,0.07265961719213251
BE-Vie,2009,5,-3.3455342105263157,0,8.071197894736843,4.743235789473684,2009-05-01,FLUXNET2015,3.0943094501230246
BE-Vie,2009,6,-5.25814,0.433333,10.3051,5.41049,2009-06-01,FLUXNET2015,5.324438230422336
BE-Vie,2009,7,-4.2075,0.919355,12.3122,8.06001,2009-07-01,FLUXNET2015,7.327764905458492
BE-Vie,2009,8,-1.96135,0.908602,9.17667,7.01768,2009-08-01,FLUXNET2015,4.1884615804946455
BE-Vie,2009,9,-2.97728,0.956944,7.74867,4.77691,2009-09-01,FLUXNET2015,2.756688255530801
BE-Vie,2009,10,0.496311,0.99328,3.6596,4.1535,2009-10-01,FLUXNET2015,-1.336155069433044
BE-Vie,2009,11,1.65261,0.969444,1.33754,2.95044,2009-11-01,FLUXNET2015,-3.66198839439689
BE-Vie,2009,12,1.12067,0.980511,0.865439,1.9769,2009-12-01,FLUXNET2015,-4.137862719360736
BE-Vie,2010,1,1.25611,0.817204,0.167887,1.42349,2010-01-01,FLUXNET2015,-4.8391880443245805
BE-Vie,2010,2,0.78035,0.93006,0.879507,1.54002,2010-02-01,FLUXNET2015,-4.1313413692884255
BE-Vie,2010,3,0.392811,0.969758,1.84772,2.24561,2010-03-01,FLUXNET2015,-3.166901694252271
BE-Vie,2010,4,-2.4563,0.882639,5.85569,3.42511,2010-04-01,FLUXNET2015,0.8372949807838843
BE-Vie,2010,5,-2.64192,0.989247,7.79899,5.13364,2010-05-01,FLUXNET2015,2.776821655820039
BE-Vie,2010,6,-4.42702,0.926389,11.885,7.61158,2010-06-01,FLUXNET2015,6.859058330856192
BE-Vie,2010,7,-3.49948,0.868952,10.6948,7.3123,2010-07-01,FLUXNET2015,5.665085005892348
BE-Vie,2010,8,-2.34058,0.969758,9.99613,7.63127,2010-08-01,FLUXNET2015,4.962641680928504
BE-Vie,2010,9,-2.01602,0.921528,7.8331,5.7908,2010-09-01,FLUXNET2015,2.795838355964658
BE-Vie,2010,10,-0.0518556,0.983199,4.30862,4.18727,2010-10-01,FLUXNET2015,-0.7324149689991869
BE-Vie,2010,11,1.28582,0.911806,1.2959,2.61001,2010-11-01,FLUXNET2015,-3.7489082939630327
BE-Vie,2010,12,2.09177,0.655242,0.347483,2.43919,2010-12-01,FLUXNET2015,-4.701098618926879
BE-Vie,2011,1,0.848182,0.852823,0.481211,1.35044,2011-01-01,FLUXNET2015,-4.571143943890723
BE-Vie,2011,2,0.61723,0.90625,1.73267,2.34977,2011-02-01,FLUXNET2015,-3.3234582688545684
BE-Vie,2011,3,-1.4077,0.854167,4.01006,2.66699,2011-03-01,FLUXNET2015,-1.0498415938184134
BE-Vie,2011,4,-1.16817,0.882639,5.90611,4.66771,2011-04-01,FLUXNET2015,0.842435081217741
BE-Vie,2011,5,-3.92974,0.903898,9.69277,5.76442,2011-05-01,FLUXNET2015,4.625321756253895
BE-Vie,2011,6,-3.25817,0.902083,10.0279,6.88896,2011-06-01,FLUXNET2015,4.956678431290051
BE-Vie,2011,7,-1.86962,0.951613,8.74415,6.87059,2011-07-01,FLUXNET2015,3.6691551063262047
BE-Vie,2011,8,-0.228006,0.957661,8.56958,8.36818,2011-08-01,FLUXNET2015,3.4908117813623605
BE-Vie,2011,9,-0.0272757,0.945833,5.83034,5.81099,2011-09-01,FLUXNET2015,0.7477984563985145
BE-Vie,2011,10,0.93581,0.99328,3.50101,4.52306,2011-10-01,FLUXNET2015,-1.5853048685653304
BE-Vie,2011,11,1.50622,0.964583,2.12105,3.57096,2011-11-01,FLUXNET2015,-2.9690381935291756
BE-Vie,2011,12,2.00049,0.835349,0.183198,2.18347,2011-12-01,FLUXNET2015,-4.910663518493021
BE-Vie,2012,1,1.59612,0.980511,0.609514,2.18664,2012-01-01,FLUXNET2015,-4.4881208434568665
BE-Vie,2012,2,1.04788,0.876437,0.802664,1.82906,2012-02-01,FLUXNET2015,-4.298744168420711
BE-Vie,2012,3,-0.810468,0.920699,3.85422,2.94019,2012-03-01,FLUXNET2015,-1.2509614933845565
BE-Vie,2012,4,-1.34686,0.972917,4.60373,3.24217,2012-04-01,FLUXNET2015,-0.5052248183484024
BE-Vie,2012,5,-1.12619,0.951613,7.5141,6.33367,2012-05-01,FLUXNET2015,2.401371856687753
BE-Vie,2012,6,-1.97079,0.933333,10.2412,8.19335,2012-06-01,FLUXNET2015,5.124698531723906
BE-Vie,2012,7,-3.02634,0.951613,11.7598,8.7197,2012-07-01,FLUXNET2015,6.639525206760062
BE-Vie,2012,8,-1.48352,0.938172,9.60793,8.10287,2012-08-01,FLUXNET2015,4.483881881796216
BE-Vie,2012,9,-1.2412,0.927083,6.68212,5.55323,2012-09-01,FLUXNET2015,1.554298556832372
BE-Vie,2012,10,0.538973,0.971102,3.92265,4.50645,2012-10-01,FLUXNET2015,-1.2089447681314736
BE-Vie,2012,11,1.11283,0.995139,1.55245,2.64015,2012-11-01,FLUXNET2015,-3.582918093095319
BE-Vie,2012,12,1.56303,0.386425,1.22519,2.80569,2012-12-01,FLUXNET2015,-3.9139514180591637
BE-Vie,2013,1,1.13726,0.708333,0.823137,1.92044,2013-01-01,FLUXNET2015,-4.31977774302301
BE-Vie,2013,2,0.811458,0.734375,1.05745,1.86525,2013-02-01,FLUXNET2015,-4.089238067986855
BE-Vie,2013,3,0.651152,0.832661,1.64822,2.11907,2013-03-01,FLUXNET2015,-3.5022413929506997
BE-Vie,2013,4,-1.09148,0.759028,3.83291,2.65728,2013-04-01,FLUXNET2015,-1.321324717914545
BE-Vie,2013,5,-2.28,0.799731,7.42612,5.16247,2013-05-01,FLUXNET2015,2.2681119571216097
BE-Vie,2013,6,-4.27338,0.945139,10.326,6.21424,2013-06-01,FLUXNET2015,5.164218632157765
BE-Vie,2013,7,-3.73165,0.883065,10.5893,6.92343,2013-07-01,FLUXNET2015,5.423745307193919
BE-Vie,2013,8,-1.93838,0.686156,11.0229,9.50598,2013-08-01,FLUXNET2015,5.853571982230074
BE-Vie,2013,9,-1.89909,0.874306,6.79304,4.88444,2013-09-01,FLUXNET2015,1.6199386572662293
BE-Vie,2013,10,0.81822,0.985887,3.82244,4.59544,2013-10-01,FLUXNET2015,-1.3544346676976167
BE-Vie,2013,11,1.2204,0.984722,1.2867,2.52783,2013-11-01,FLUXNET2015,-3.893947992661462
BE-Vie,2013,12,1.32043,0.706989,1.16105,2.44707,2013-12-01,FLUXNET2015,-4.023371317625307
BE-Vie,2014,1,1.02356,0.952285,1.27831,2.27282,2014-01-01,FLUXNET2015,-3.909884642589152
BE-Vie,2014,2,0.2348,0.997768,1.76577,1.99015,2014-02-01,FLUXNET2015,-3.426197967552998
BE-Vie,2014,3,-0.408017,0.918683,3.9869,3.33489,2014-03-01,FLUXNET2015,-1.208841292516843
BE-Vie,2014,4,-2.00222,0.811111,5.45182,3.4187,2014-04-01,FLUXNET2015,0.25230538251931156
BE-Vie,2014,5,-3.38556,0.927419,7.92091,4.43083,2014-05-01,FLUXNET2015,2.717622057555467
BE-Vie,2014,6,-5.42955,0.85,11.2774,6.16993,2014-06-01,FLUXNET2015,6.070338732591621
BE-Vie,2014,7,-2.94756,0.903898,9.93901,6.99892,2014-07-01,FLUXNET2015,4.728175407627776
BE-Vie,2014,8,-2.37033,0.949597,8.61798,6.54452,2014-08-01,FLUXNET2015,3.40337208266393
BE-Vie,2014,9,-1.76069,0.621528,6.43018,4.87448,2014-09-01,FLUXNET2015,1.2117987577000855
BE-Vie,2014,10,0.865625,0.918011,3.05786,3.6998,2014-10-01,FLUXNET2015,-2.1642945672637595
BE-Vie,2014,11,0.734202,0.928472,2.02884,2.66172,2014-11-01,FLUXNET2015,-3.197087892227605
BE-Vie,2014,12,1.64629,0.976478,0.435049,2.06554,2014-12-01,FLUXNET2015,-4.79465221719145
CA-Man,1994,1,0.16948334666666667,0,0.5495075344,0.9337581733333333,1994-01-01,FLUXNET2015,-1.6384798534510447
CA-Man,1994,2,0.16526963333333333,0,1.55660798,1.80129526,1994-02-01,FLUXNET2015,-0.6290581588304297
CA-Man,1994,3,0.18506309333333334,0,0.4436759,0.61272436,1994-03-01,FLUXNET2015,-1.7396689898098239
CA-Man,1994,4,0.438037,0.579861,0.0308523,0.488603,1994-04-01,FLUXNET2015,-2.1501713407892193
CA-Man,1994,5,-0.805745,0.557796,2.66336,1.71462,1994-05-01,FLUXNET2015,0.4846576082313858
CA-Man,1994,6,-1.43906,0.944444,4.45332,2.81989,1994-06-01,FLUXNET2015,2.27693885725199
CA-Man,1994,7,0.670432,0.825269,5.16558,6.34426,1994-07-01,FLUXNET2015,2.991520106272596
CA-Man,1994,8,-0.184197,0.380376,3.12801,3.09443,1994-08-01,FLUXNET2015,0.9562713552932011
CA-Man,1994,9,0.622045,0.935417,3.17845,3.88617,1994-09-01,FLUXNET2015,1.009032604313806
CA-Man,1994,10,0.744117,0.988575,0.58618,1.29928,1994-10-01,FLUXNET2015,-1.5809161466655892
CA-Man,1994,11,0.597709,0.728472,-0.0347344,0.58379,1994-11-01,FLUXNET2015,-2.1995092976449846
CA-Man,1994,12,0.328986,0.706317,-0.0824632,0.270132,1994-12-01,FLUXNET2015,-2.2449168486243796
CA-Man,1995,1,0.197712,0.903898,0.0337994,0.210689,1995-01-01,FLUXNET2015,-2.1263329996037745
CA-Man,1995,2,0.0988463,0.875744,-0.0559015,0.0504208,1995-02-01,FLUXNET2015,-2.2137126505831692
CA-Man,1995,3,0.295821,0.839382,0.0948236,0.405048,1995-03-01,FLUXNET2015,-2.060666301562564
CA-Man,1995,4,0.222996,0.675,0.451646,0.669581,1995-04-01,FLUXNET2015,-1.7015226525419593
CA-Man,1995,5,-1.14627,0.867608,3.33425,2.19215,1995-05-01,FLUXNET2015,1.1834025964786457
CA-Man,1995,6,-0.935977,0.591667,5.63236,4.57255,1995-06-01,FLUXNET2015,3.483833845499251
CA-Man,1995,7,-0.532449,0.791667,6.17198,5.58893,1995-07-01,FLUXNET2015,4.0257750945198545
CA-Man,1995,8,0.914743,0.883065,5.76741,6.65181,1995-08-01,FLUXNET2015,3.62352634354046
CA-Man,1995,9,-0.114954,0.978472,3.33736,3.20129,1995-09-01,FLUXNET2015,1.1957975925610653
CA-Man,1995,10,0.276957,0.866263,0.814881,1.18284,1995-10-01,FLUXNET2015,-1.3243601584183295
CA-Man,1995,11,0.377922,0.959722,-0.0174109,0.354374,1995-11-01,FLUXNET2015,-2.1543308093977247
CA-Man,1995,12,0.297413,0.969086,-0.083238,0.174346,1995-12-01,FLUXNET2015,-2.2178366603771194
CA-Man,1996,1,0.190332,0.773522,7.85316e-4,0.194735,1996-01-01,FLUXNET2015,-2.1314920953565144
CA-Man,1996,2,0.16526963333333333,0,1.55660798,1.80129526,1996-02-01,FLUXNET2015,-0.5733481823359097
CA-Man,1996,3,0.262143,0.647849,0.0829691,0.344127,1996-03-01,FLUXNET2015,-2.0446658133153046
CA-Man,1996,4,0.466709,0.991667,0.0377022,0.506114,1996-04-01,FLUXNET2015,-2.0876114642946995
CA-Man,1996,5,-0.590072,0.949597,1.48839,0.879012,1996-05-01,FLUXNET2015,-0.6346024152740944
CA-Man,1996,6,-0.916038,0.975694,5.5068,4.5035,1996-06-01,FLUXNET2015,3.3861288337465107
CA-Man,1996,7,-0.6199,0.993952,5.49795,4.86502,1996-07-01,FLUXNET2015,3.3796000827671158
CA-Man,1996,8,-0.071523,0.925403,4.38717,4.14861,1996-08-01,FLUXNET2015,2.271141331787721
CA-Man,1996,9,-0.208079,0.990972,3.93491,3.5453,1996-09-01,FLUXNET2015,1.8212025808083254
CA-Man,1996,10,0.490001,0.897849,1.05434,1.55688,1996-10-01,FLUXNET2015,-1.0570461701710694
CA-Man,1996,11,0.495732,0.5125,0.287003,0.827524,1996-11-01,FLUXNET2015,-1.8220619211504645
CA-Man,1996,12,0.268967,0.870968,-0.148276,0.193196,1996-12-01,FLUXNET2015,-2.25501967212986
CA-Man,1997,1,0.250705,0.325269,9.47484,9.7998,1997-01-01,FLUXNET2015,7.370417576890745
CA-Man,1997,2,0.0836942,0.551339,8.58752,9.12193,1997-02-01,FLUXNET2015,6.485418825911349
CA-Man,1997,3,0.159647,0.766801,-0.0719805,0.090137,1997-03-01,FLUXNET2015,-2.1717604250680447
CA-Man,1997,4,0.23722,0.9875,0.235818,0.454427,1997-04-01,FLUXNET2015,-1.8616406760474398
CA-Man,1997,5,-0.496229,0.327957,1.58804,1.0725,1997-05-01,FLUXNET2015,-0.5070974270268349
CA-Man,1997,6,-1.18578,0.936111,4.17293,3.08085,1997-06-01,FLUXNET2015,2.0801138219937703
CA-Man,1997,7,-0.143185,0.995296,5.9662,5.82572,1997-07-01,FLUXNET2015,3.8757050710143757
CA-Man,1997,8,-0.16019,0.869624,5.17898,4.93492,1997-08-01,FLUXNET2015,3.0908063200349805
CA-Man,1997,9,0.0517243,0.982639,3.49676,3.56523,1997-09-01,FLUXNET2015,1.4109075690555852
CA-Man,1997,10,0.523682,0.989247,0.708839,1.23054,1997-10-01,FLUXNET2015,-1.3746921819238098
CA-Man,1997,11,0.492392,0.194444,-0.246791,0.25581,1997-11-01,FLUXNET2015,-2.328000932903205
CA-Man,1997,12,0.204647,0.313844,-0.0670231,0.147876,1997-12-01,FLUXNET2015,-2.1459117838826
CA-Man,1998,1,0.190357,0.983871,-0.0970021,0.094259,1998-01-01,FLUXNET2015,-2.1735695348619952
CA-Man,1998,2,0.172124,0.90625,0.043025,0.216741,1998-02-01,FLUXNET2015,-2.0312211858413898
CA-Man,1998,3,0.19999,0.768145,-0.0345943,0.163659,1998-03-01,FLUXNET2015,-2.106519236820785
CA-Man,1998,4,-0.346892,0.846528,1.3913,1.03555,1998-04-01,FLUXNET2015,-0.6783036878001799
CA-Man,1998,5,-1.68409,0.890457,3.53025,1.82668,1998-05-01,FLUXNET2015,1.4629675612204252
CA-Man,1998,6,-0.568086,0.917361,4.25152,3.68836,1998-06-01,FLUXNET2015,2.18655881024103
CA-Man,1998,7,-0.0155543,0.971102,6.02829,5.94813,1998-07-01,FLUXNET2015,3.965650059261634
CA-Man,1998,8,0.72642,0.978495,5.17653,5.94928,1998-08-01,FLUXNET2015,3.1162113082822396
CA-Man,1998,9,0.21988,0.647222,3.84362,3.97066,1998-09-01,FLUXNET2015,1.7856225573028448
CA-Man,1998,10,0.421162,0.989919,1.04452,1.45793,1998-10-01,FLUXNET2015,-1.01115619367655
CA-Man,1998,11,0.511076,0.986806,-0.0461745,0.478563,1998-11-01,FLUXNET2015,-2.099529444655945
CA-Man,1998,12,0.290778,0.192204,-0.169245,0.125902,1998-12-01,FLUXNET2015,-2.22027869563534
CA-Man,1999,1,0.194661,0.401882,-0.107098,0.0715853,1999-01-01,FLUXNET2015,-2.1558104466147356
CA-Man,1999,2,0.278506,0.985863,-0.122196,0.173269,1999-02-01,FLUXNET2015,-2.1685871975941304
CA-Man,1999,3,0.382153,0.84543,-0.0303122,0.357118,1999-03-01,FLUXNET2015,-2.074382148573525
CA-Man,1999,4,-0.89109,0.15625,1.76433,0.859973,1999-04-01,FLUXNET2015,-0.27741869955292014
CA-Man,1999,5,-1.63021,0.611559,3.45075,1.77649,1999-05-01,FLUXNET2015,1.4113225494676849
CA-Man,1999,6,-1.08082,0.990278,4.97679,3.92254,1999-06-01,FLUXNET2015,2.93968379848829
CA-Man,1999,7,-0.391956,0.977823,5.20127,4.80666,1999-07-01,FLUXNET2015,3.166485047508895
CA-Man,1999,8,0.12701,0.985215,5.07118,5.10741,1999-08-01,FLUXNET2015,3.0387162965294996
CA-Man,1999,9,-0.0286877,0.983333,2.56683,2.53401,1999-09-01,FLUXNET2015,0.5366875455501048
CA-Man,1999,10,0.465729,0.68414,0.686649,1.09052,1999-10-01,FLUXNET2015,-1.3411722054292898
CA-Man,1999,11,0.772707,0.23125,-0.206855,0.540069,1999-11-01,FLUXNET2015,-2.232354956408685
CA-Man,1999,12,0.576331,0.863575,-0.241792,0.339733,1999-12-01,FLUXNET2015,-2.26497070738808
CA-Man,2000,1,0.257413,0.315188,-0.0716945,0.648234,2000-01-01,FLUXNET2015,-2.0925519583674754
CA-Man,2000,2,0.387531,0.891523,0.145312,0.825164,2000-02-01,FLUXNET2015,-1.87322420934687
CA-Man,2000,3,0.451851,0.834677,0.261124,0.675433,2000-03-01,FLUXNET2015,-1.7550909603262652
CA-Man,2000,4,0.146224,0.993056,0.726154,0.853199,2000-04-01,FLUXNET2015,-1.2877397113056603
CA-Man,2000,5,-0.889545,0.846774,2.39548,1.51687,2000-05-01,FLUXNET2015,0.3839075377149448
CA-Man,2000,6,-1.30468,0.909722,3.78792,2.5844,2000-06-01,FLUXNET2015,1.7786687867355497
CA-Man,2000,7,0.164911,0.397849,4.87324,5.07148,2000-07-01,FLUXNET2015,2.8663100357561544
CA-Man,2000,8,0.294169,0.684812,4.31525,4.75214,2000-08-01,FLUXNET2015,2.3106412847767595
CA-Man,2000,9,0.063463,0.994444,2.92629,3.01391,2000-09-01,FLUXNET2015,0.9240025337973644
CA-Man,2000,10,0.491706,0.99328,0.651681,1.17312,2000-10-01,FLUXNET2015,-1.3482852171820303
CA-Man,2000,11,0.587591,0.989583,-0.0278134,0.500973,2000-11-01,FLUXNET2015,-2.0254583681614253
CA-Man,2000,12,0.430773,0.958333,-0.00153948,0.685058,2000-12-01,FLUXNET2015,-1.9968631991408201
CA-Man,2001,1,0.257962,0.977151,-0.0588729,0.206628,2001-01-01,FLUXNET2015,-2.0518753701202153
CA-Man,2001,2,0.205201,0.959077,-0.0214865,0.177721,2001-02-01,FLUXNET2015,-2.0121677210996105
CA-Man,2001,3,0.287247,0.952285,-0.0122552,0.269576,2001-03-01,FLUXNET2015,-2.0006151720790055
CA-Man,2001,4,0.0685827,0.779167,0.712374,0.708302,2001-04-01,FLUXNET2015,-1.2736647230584004
CA-Man,2001,5,-1.43787,0.979839,3.34811,1.88953,2001-05-01,FLUXNET2015,1.3643925259622045
CA-Man,2001,6,-1.54911,0.990278,4.45818,2.88709,2001-06-01,FLUXNET2015,2.4767837749828088
CA-Man,2001,7,-0.751156,0.968414,4.91447,4.30613,2001-07-01,FLUXNET2015,2.935395024003414
CA-Man,2001,8,-0.288017,0.984543,4.822,4.60497,2001-08-01,FLUXNET2015,2.8452462730240193
CA-Man,2001,9,0.0214011,0.986806,2.86022,2.88529,2001-09-01,FLUXNET2015,0.8857875220446244
CA-Man,2001,10,0.377788,0.987903,0.830469,1.19442,2001-10-01,FLUXNET2015,-1.1416422289347707
CA-Man,2001,11,0.597291,0.93125,0.0268319,0.633171,2001-11-01,FLUXNET2015,-1.9429580799141655
CA-Man,2001,12,0.33494,0.959677,0.00805784,0.343301,2001-12-01,FLUXNET2015,-1.9594108908935604
CA-Man,2002,1,0.355734,0.231855,-0.0728401,0.305771,2002-01-01,FLUXNET2015,-2.037987581872956
CA-Man,2002,2,0.264321,0.994048,-0.0733952,0.20549,2002-02-01,FLUXNET2015,-2.0362214328523507
CA-Man,2002,3,0.242302,0.991935,-0.0792148,0.155637,2002-03-01,FLUXNET2015,-2.0397197838317456
CA-Man,2002,4,0.428042,0.99375,0.0818028,0.510648,2002-04-01,FLUXNET2015,-1.8763809348111407
CA-Man,2002,5,-0.573735,0.997312,1.52332,0.950358,2002-05-01,FLUXNET2015,-0.43254248579053567
CA-Man,2002,6,-1.50255,0.988194,4.24985,2.72635,2002-06-01,FLUXNET2015,2.296308763230069
CA-Man,2002,7,-1.07499,0.978495,5.30058,4.21667,2002-07-01,FLUXNET2015,3.349360012250674
CA-Man,2002,8,-0.735014,0.994624,5.10285,4.39279,2002-08-01,FLUXNET2015,3.153951261271279
CA-Man,2002,9,-0.253763,0.877778,3.11112,2.91702,2002-09-01,FLUXNET2015,1.1645425102918843
CA-Man,2002,10,0.456322,0.978495,0.599509,1.06632,2002-10-01,FLUXNET2015,-1.3447472406875112
CA-Man,2002,11,0.488009,0.9875,-0.066684,0.431045,2002-11-01,FLUXNET2015,-2.0086189916669057
CA-Man,2002,12,0.345158,0.981183,0.0178458,0.342136,2002-12-01,FLUXNET2015,-1.921767942646301
CA-Man,2003,1,0.384365,0.995968,0.155799,0.396242,2003-01-01,FLUXNET2015,-1.7814934936256956
CA-Man,2003,2,0.237971,0.99628,0.0357819,0.0814275,2003-02-01,FLUXNET2015,-1.899189344605091
CA-Man,2003,3,-0.0545056,0.501344,0.0712888,0.0928814,2003-03-01,FLUXNET2015,-1.8613611955844855
CA-Man,2003,4,-0.574561,0.55625,1.18199,0.42341,2003-04-01,FLUXNET2015,-0.7483387465638807
CA-Man,2003,5,-1.48301,0.995296,3.13956,1.65963,2003-05-01,FLUXNET2015,1.211552502456724
CA-Man,2003,6,-1.43837,0.88125,4.8312,3.27745,2003-06-01,FLUXNET2015,2.9055137514773293
CA-Man,2003,7,-0.47763100000000003,0.767473,5.19536,4.69578,2003-07-01,FLUXNET2015,3.271995000497934
CA-Man,2003,8,0.265236,0.948925,4.77038,5.23431,2003-08-01,FLUXNET2015,2.8493362495185393
CA-Man,2003,9,-0.120697,0.99375,2.67907,2.5522,2003-09-01,FLUXNET2015,0.760347498539144
CA-Man,2003,10,0.325956,0.977151,0.876534,1.21068,2003-10-01,FLUXNET2015,-1.039867252440251
CA-Man,2003,11,0.648923,0.988194,-0.0759448,0.601437,2003-11-01,FLUXNET2015,-1.990024803419646
CA-Man,2003,12,0.366602,0.989247,-0.028101,0.283614,2003-12-01,FLUXNET2015,-1.9398597543990408
CA-Man,2004,1,0.256853,0.977151,0.143296,0.291126,2004-01-01,FLUXNET2015,-1.7661415053784357
CA-Man,2004,2,0.183873,0.145833,4.84137,2.22345,2004-02-01,FLUXNET2015,2.934253743642169
CA-Man,2004,3,0.18506309333333334,0,0.4436759,0.61272436,2004-03-01,FLUXNET2015,-1.4611191073372258
CA-Man,2004,4,0.007877046666666667,0,1.1070389533333334,1.0265896,2004-04-01,FLUXNET2015,-0.7954348049832877
CA-Man,2004,5,-0.9263648666666666,0,2.820744,1.8225220666666666,2004-05-01,FLUXNET2015,0.9205914907039839
CA-Man,2004,6,-1.1396736666666667,0,4.528188666666667,3.2779494666666666,2004-06-01,FLUXNET2015,2.630357406391256
CA-Man,2004,7,-0.32497067333333335,0,4.939797333333333,4.592658133333333,2004-07-01,FLUXNET2015,3.0442873220785267
CA-Man,2004,8,0.08992453333333333,0,4.520635333333334,4.626608133333333,2004-08-01,FLUXNET2015,2.627446571099133
CA-Man,2004,9,-0.005302553333333336,0,2.944884,2.9676461333333335,2004-09-01,FLUXNET2015,1.054016486786404
CA-Man,2004,10,0.3796480666666667,0,0.8078952,1.3339514666666668,2004-10-01,FLUXNET2015,-1.080651064192991
CA-Man,2004,11,0.3857638,0,-0.0022920799999999997,0.5671527333333334,2004-11-01,FLUXNET2015,-1.8885170951723858
CA-Man,2004,12,0.372668,0.723118,-0.162344,0.18821,2004-12-01,FLUXNET2015,-2.0462477661517813
CA-Man,2005,1,0.132238,0.215054,-1.59724,0.687082,2005-01-01,FLUXNET2015,-3.478822517131176
CA-Man,2005,2,0.16526963333333333,0,1.55660798,1.80129526,2005-02-01,FLUXNET2015,-0.3226532881105713
CA-Man,2005,3,0.18506309333333334,0,0.4436759,0.61272436,2005-03-01,FLUXNET2015,-1.4332641190899662
CA-Man,2005,4,0.007877046666666667,0,1.1070389533333334,1.0265896,2005-04-01,FLUXNET2015,-0.7675798167360278
CA-Man,2005,5,-0.9263648666666666,0,2.820744,1.8225220666666666,2005-05-01,FLUXNET2015,0.9484464789512438
CA-Man,2005,6,-1.1396736666666667,0,4.528188666666667,3.2779494666666666,2005-06-01,FLUXNET2015,2.6582123946385154
CA-Man,2005,7,-0.32497067333333335,0,4.939797333333333,4.592658133333333,2005-07-01,FLUXNET2015,3.0721423103257868
CA-Man,2005,8,0.08992453333333333,0,4.520635333333334,4.626608133333333,2005-08-01,FLUXNET2015,2.6553015593463924
CA-Man,2005,9,-0.005302553333333336,0,2.944884,2.9676461333333335,2005-09-01,FLUXNET2015,1.0818714750336635
CA-Man,2005,10,0.3796480666666667,0,0.8078952,1.3339514666666668,2005-10-01,FLUXNET2015,-1.0527960759457313
CA-Man,2005,11,0.3857638,0,-0.0022920799999999997,0.5671527333333334,2005-11-01,FLUXNET2015,-1.8606621069251261
CA-Man,2005,12,0.20881804666666667,0,-0.03175842933333333,0.39948982,2005-12-01,FLUXNET2015,-1.8878072072378544
CA-Obs,1997,1,0.2032585,0,0.1338577333333333,0.3393713333333333,1997-01-01,FLUXNET2015,-2.0124364193660815
CA-Obs,1997,2,0.25655608333333335,0,0.08383803,0.3433860833333333,1997-02-01,FLUXNET2015,-2.064197069552535
CA-Obs,1997,3,0.31503775,0,0.19438588416666666,0.512362,1997-03-01,FLUXNET2015,-1.955390162238998
CA-Obs,1997,4,-0.3379631633333333,0,1.4076353333333333,1.0756068333333333,1997-04-01,FLUXNET2015,-0.7438816599254583
CA-Obs,1997,5,-1.5403233333333333,0,3.5341825,1.9810783333333333,1997-05-01,FLUXNET2015,1.3809245598880813
CA-Obs,1997,6,-1.37446,0,5.486565833333334,4.2125375,1997-06-01,FLUXNET2015,3.3315669463682878
CA-Obs,1997,7,-0.43614461666666665,0,6.308925833333333,5.88927,1997-07-01,FLUXNET2015,4.152185999515161
CA-Obs,1997,8,-0.23190588833333334,0,5.625265833333334,5.3940325,1997-08-01,FLUXNET2015,3.4667850526620336
CA-Obs,1997,9,-0.1411755,0,3.8147275,3.6861441666666668,1997-09-01,FLUXNET2015,1.6545057724755732
CA-Obs,1997,10,0.5537490833333334,0,1.1536804999999999,1.7056725,1997-10-01,FLUXNET2015,-1.0082821743775539
CA-Obs,1997,11,0.66760075,0,0.08565277416666667,0.7525310833333333,1997-11-01,FLUXNET2015,-2.0780508470640138
CA-Obs,1997,12,0.41864483333333335,0,-0.024243579166666668,0.39404633333333333,1997-12-01,FLUXNET2015,-2.189688147250475
CA-Obs,1998,1,0.2032585,0,0.1338577333333333,0.3393713333333333,1998-01-01,FLUXNET2015,-2.0333277816036013
CA-Obs,1998,2,0.25655608333333335,0,0.08383803,0.3433860833333333,1998-02-01,FLUXNET2015,-2.0850884317900618
CA-Obs,1998,3,0.31503775,0,0.19438588416666666,0.512362,1998-03-01,FLUXNET2015,-1.9762815244765222
CA-Obs,1998,4,-0.3379631633333333,0,1.4076353333333333,1.0756068333333333,1998-04-01,FLUXNET2015,-0.7647730221629823
CA-Obs,1998,5,-1.5403233333333333,0,3.5341825,1.9810783333333333,1998-05-01,FLUXNET2015,1.3600331976505573
CA-Obs,1998,6,-1.37446,0,5.486565833333334,4.2125375,1998-06-01,FLUXNET2015,3.3106755841307636
CA-Obs,1998,7,-0.43614461666666665,0,6.308925833333333,5.88927,1998-07-01,FLUXNET2015,4.131294637277637
CA-Obs,1998,8,-0.23190588833333334,0,5.625265833333334,5.3940325,1998-08-01,FLUXNET2015,3.44589369042451
CA-Obs,1998,9,-0.1411755,0,3.8147275,3.6861441666666668,1998-09-01,FLUXNET2015,1.6336144102380492
CA-Obs,1998,10,0.5537490833333334,0,1.1536804999999999,1.7056725,1998-10-01,FLUXNET2015,-1.0291735366150778
CA-Obs,1998,11,0.66760075,0,0.08565277416666667,0.7525310833333333,1998-11-01,FLUXNET2015,-2.098942209301538
CA-Obs,1998,12,0.41864483333333335,0,-0.024243579166666668,0.39404633333333333,1998-12-01,FLUXNET2015,-2.2105795094879985
CA-Obs,1999,1,0.2032585,0,0.1338577333333333,0.3393713333333333,1999-01-01,FLUXNET2015,-2.0542191438411255
CA-Obs,1999,2,0.25655608333333335,0,0.08383803,0.3433860833333333,1999-02-01,FLUXNET2015,-2.105979794027586
CA-Obs,1999,3,0.31503775,0,0.19438588416666666,0.512362,1999-03-01,FLUXNET2015,-1.9971728867140464
CA-Obs,1999,4,-1.51151,0.355556,2.69755,1.1941,1999-04-01,FLUXNET2015,0.5042502822661603
CA-Obs,1999,5,-1.68917,0.975806,3.8269,2.14144,1999-05-01,FLUXNET2015,1.6318593354130333
CA-Obs,1999,6,-1.64181,0.76875,5.53368,3.94832,1999-06-01,FLUXNET2015,3.336898388559906
CA-Obs,1999,7,-0.21143700000000001,0.94422,5.71762,5.51103,1999-07-01,FLUXNET2015,3.519097441706779
CA-Obs,1999,8,-0.0347634,0.875672,5.0414,5.02289,1999-08-01,FLUXNET2015,2.8411364948536524
CA-Obs,1999,9,-0.196315,0.968056,3.75063,3.53704,1999-09-01,FLUXNET2015,1.548625548000525
CA-Obs,1999,10,0.530367,0.971102,1.0749,1.63801,1999-10-01,FLUXNET2015,-1.128845398852602
CA-Obs,1999,11,0.645273,0.959028,0.11389,0.757599,1999-11-01,FLUXNET2015,-2.091596345705729
CA-Obs,1999,12,0.456915,0.93078,0.0222685,0.47544,1999-12-01,FLUXNET2015,-2.184958792558856
CA-Obs,2000,1,0.293249,0.861559,-0.0400826,0.248211,2000-01-01,FLUXNET2015,-2.2490508394119826
CA-Obs,2000,2,0.334244,0.96408,0.013397,0.340732,2000-02-01,FLUXNET2015,-2.19731218626511
CA-Obs,2000,3,0.424239,0.948253,0.218371,0.640041,2000-03-01,FLUXNET2015,-1.9940791331182368
CA-Obs,2000,4,-0.208412,0.938194,1.18194,0.998988,2000-04-01,FLUXNET2015,-1.032251079971364
CA-Obs,2000,5,-1.90985,0.988575,3.61776,1.65775,2000-05-01,FLUXNET2015,1.4018279731755092
CA-Obs,2000,6,-1.44341,0.963194,5.11044,3.64408,2000-06-01,FLUXNET2015,2.8927670263223817
CA-Obs,2000,7,-0.113754,0.896505,5.95275,5.98084,2000-07-01,FLUXNET2015,3.7333360794692547
CA-Obs,2000,8,-0.593109,0.968414,5.87077,5.45351,2000-08-01,FLUXNET2015,3.649615132616128
CA-Obs,2000,9,-0.270254,0.957639,3.90751,3.66438,2000-09-01,FLUXNET2015,1.6846141857630008
CA-Obs,2000,10,0.637973,0.928763,0.88171600000000006,1.47721,2000-10-01,FLUXNET2015,-1.3429207610901261
CA-Obs,2000,11,0.627891,0.850694,0.106468,0.730571,2000-11-01,FLUXNET2015,-2.1199097079432527
CA-Obs,2000,12,0.33756,0.96707,-0.00836426,0.325647,2000-12-01,FLUXNET2015,-2.23648291479638
CA-Obs,2001,1,0.349852,0.978495,0.0151953,0.381564,2001-01-01,FLUXNET2015,-2.214664301649507
CA-Obs,2001,2,0.241239,0.938244,-0.0333488,0.230051,2001-02-01,FLUXNET2015,-2.264949348502634
CA-Obs,2001,3,0.441798,0.96371,0.0825881,0.535678,2001-03-01,FLUXNET2015,-2.150753395355761
CA-Obs,2001,4,0.00562404,0.899306,1.14853,1.13741,2001-04-01,FLUXNET2015,-1.0865524422088881
CA-Obs,2001,5,-2.37985,0.974462,4.58561,2.11073,2001-05-01,FLUXNET2015,2.3487866109379847
CA-Obs,2001,6,-1.38964,0.921528,5.70319,4.62373,2001-06-01,FLUXNET2015,3.464625664084858
CA-Obs,2001,7,-0.0708874,0.985215,5.73732,5.93402,2001-07-01,FLUXNET2015,3.4970147172317314
CA-Obs,2001,8,-0.00592726,1,5.30679,5.16885,2001-08-01,FLUXNET2015,3.064743770378604
CA-Obs,2001,9,-0.256162,0.999306,3.8409,3.46988,2001-09-01,FLUXNET2015,1.5971128235254768
CA-Obs,2001,10,0.321961,0.989919,1.16514,1.49198,2001-10-01,FLUXNET2015,-1.0803881233276502
CA-Obs,2001,11,0.705017,0.988194,0.154512,0.838289,2001-11-01,FLUXNET2015,-2.0927570701807774
CA-Obs,2001,12,0.345896,0.703629,-0.0723105,0.310115,2001-12-01,FLUXNET2015,-2.321320517033904
CA-Obs,2002,1,0.293569,0.956317,-0.0252082,0.272377,2002-01-01,FLUXNET2015,-2.275959163887031
CA-Obs,2002,2,0.254349,0.957589,0.00354228,0.255617,2002-02-01,FLUXNET2015,-2.2489496307401584
CA-Obs,2002,3,0.199305,0.976478,-0.00938489,0.186373,2002-03-01,FLUXNET2015,-2.2636177475932855
CA-Obs,2002,4,0.386318,0.946528,0.406095,0.813407,2002-04-01,FLUXNET2015,-1.8498788044464123
CA-Obs,2002,5,-1.15994,0.969086,2.51906,1.38524,2002-05-01,FLUXNET2015,0.26134524870046083
CA-Obs,2002,6,-1.16948,0.938194,4.84197,3.75962,2002-06-01,FLUXNET2015,2.5825143018473335
CA-Obs,2002,7,-0.695113,0.892473,5.80711,5.10187,2002-07-01,FLUXNET2015,3.5459133549942066
CA-Obs,2002,8,-0.25962,0.942876,5.82152,5.76128,2002-08-01,FLUXNET2015,3.5585824081410795
CA-Obs,2002,9,-0.218842,0.981944,3.78289,3.6658,2002-09-01,FLUXNET2015,1.518211461287953
CA-Obs,2002,10,0.408188,0.978495,0.725691,1.10997,2002-10-01,FLUXNET2015,-1.5407284855651746
CA-Obs,2002,11,0.503559,0.947222,0.0260529,0.528504,2002-11-01,FLUXNET2015,-2.2421075324183013
CA-Obs,2002,12,0.327697,0.931452,-0.0107969,0.305441,2002-12-01,FLUXNET2015,-2.280698279271428
CA-Obs,2003,1,0.255128,0.969758,0.0304289,0.251293,2003-01-01,FLUXNET2015,-2.2412134261245558
CA-Obs,2003,2,0.186232,0.980655,0.00711303,0.177966,2003-02-01,FLUXNET2015,-2.2662702429776824
CA-Obs,2003,3,0.388686,0.992608,0.0396058,0.426299,2003-03-01,FLUXNET2015,-2.2355184198308096
CA-Obs,2003,4,-0.451571,0.972917,1.41633,0.995265,2003-04-01,FLUXNET2015,-0.8605351666839363
CA-Obs,2003,5,-1.83057,0.928763,3.90113,2.16986,2003-05-01,FLUXNET2015,1.6225238864629368
CA-Obs,2003,6,-1.41997,0.9375,5.07352,3.88626,2003-06-01,FLUXNET2015,2.7931729396098097
CA-Obs,2003,7,-0.708964,0.951613,5.86282,4.6564,2003-07-01,FLUXNET2015,3.5807319927566827
CA-Obs,2003,8,0.232059,0.989247,4.40595,4.66233,2003-08-01,FLUXNET2015,2.1221210459035555
CA-Obs,2003,9,-0.119026,0.979167,3.41659,3.3502,2003-09-01,FLUXNET2015,1.1310200990504282
CA-Obs,2003,10,0.342543,0.994624,1.41566,1.83232,2003-10-01,FLUXNET2015,-0.8716508478026985
CA-Obs,2003,11,0.49128,0.98125,0.0319526,0.507488,2003-11-01,FLUXNET2015,-2.2570991946558254
CA-Obs,2003,12,0.367711,0.697581,0.0317525,0.365543,2003-12-01,FLUXNET2015,-2.2590402415089526
CA-Obs,2004,1,0.217764,0.817204,-0.0414787,0.167176,2004-01-01,FLUXNET2015,-2.3340123883620794
CA-Obs,2004,2,0.303199,0.965517,0.00162795,0.30323,2004-02-01,FLUXNET2015,-2.2926466852152068
CA-Obs,2004,3,0.42772,0.983871,0.025,0.453153,2004-03-01,FLUXNET2015,-2.2710155820683338
CA-Obs,2004,4,0.107069,0.974306,0.974486,1.10841,2004-04-01,FLUXNET2015,-1.3232705289214606
CA-Obs,2004,5,-0.9211,0.946237,2.38852,1.41715,2004-05-01,FLUXNET2015,0.08902252422541265
CA-Obs,2004,6,-1.58791,0.940278,4.89968,3.67575,2004-06-01,FLUXNET2015,2.5984415773722853
CA-Obs,2004,7,-0.280119,0.918683,5.92973,5.8751,2004-07-01,FLUXNET2015,3.6267506305191586
CA-Obs,2004,8,-0.664002,0.964382,5.78867,5.18683,2004-08-01,FLUXNET2015,3.4839496836660313
CA-Obs,2004,9,-0.161791,0.989583,3.43763,3.29692,2004-09-01,FLUXNET2015,1.1311687368129042
CA-Obs,2004,10,0.654427,0.969086,1.02334,1.70709,2004-10-01,FLUXNET2015,-1.2848622100402227
CA-Obs,2004,11,0.667213,0.970139,0.0881363,0.767533,2004-11-01,FLUXNET2015,-2.22180685689335
CA-Obs,2004,12,0.411923,0.979167,-0.073947,0.32363,2004-12-01,FLUXNET2015,-2.385631103746477
CA-Obs,2005,1,0.306393,0.999328,-0.116771,0.193653,2005-01-01,FLUXNET2015,-2.4301960505996036
CA-Obs,2005,2,0.367247,0.974702,-0.0454545,0.327363,2005-02-01,FLUXNET2015,-2.3606204974527305
CA-Obs,2005,3,0.407243,0.928091,0.0239486,0.444895,2005-03-01,FLUXNET2015,-2.2929583443058577
CA-Obs,2005,4,-0.581674,0.951389,1.61957,1.03314,2005-04-01,FLUXNET2015,-0.6990778911589848
CA-Obs,2005,5,-1.27816,0.960349,3.34942,2.05005,2005-05-01,FLUXNET2015,1.0290311619878882
CA-Obs,2005,6,-1.35771,0.924306,5.77132,4.46136,2005-06-01,FLUXNET2015,3.4491902151347618
CA-Obs,2005,7,-0.817849,0.668683,6.8605,6.21975,2005-07-01,FLUXNET2015,4.536629268281635
CA-Obs,2005,8,-0.253111,0.995296,5.53443,5.33501,2005-08-01,FLUXNET2015,3.2088183214285078
CA-Obs,2005,9,-0.340652,0.975694,4.05078,3.79485,2005-09-01,FLUXNET2015,1.7234273745753799
CA-Obs,2005,10,0.51218,0.975134,1.28622,1.79838,2005-10-01,FLUXNET2015,-1.0428735722777467
CA-Obs,2005,11,0.64078,0.985417,0.100009,0.745786,2005-11-01,FLUXNET2015,-2.230825519130874
CA-Obs,2005,12,0.480553,0.913306,-0.00578492,0.477004,2005-12-01,FLUXNET2015,-2.338360385984001
CA-Obs,2006,1,0.342222,0.440188,0.0119119,0.3626,2006-01-01,FLUXNET2015,-2.322404512837128
CA-Obs,2006,2,0.271253,0.918155,-0.0116706,0.267642,2006-02-01,FLUXNET2015,-2.3477279596902547
CA-Obs,2006,3,0.393213,0.944892,0.0371367,0.426533,2006-03-01,FLUXNET2015,-2.3006616065433816
CA-Obs,2006,4,-1.11248,0.930556,2.29779,1.14789,2006-04-01,FLUXNET2015,-0.04174925339650881
CA-Obs,2006,5,-1.27646,0.962366,3.65646,2.36279,2006-05-01,FLUXNET2015,1.3151797997503643
CA-Obs,2006,6,-1.22362,0.902083,6.036,4.86976,2006-06-01,FLUXNET2015,3.692978852897237
CA-Obs,2006,7,-0.548829,0.93078,6.24851,5.69786,2006-07-01,FLUXNET2015,3.9037479060441096
CA-Obs,2006,8,-0.208448,0.884409,5.37597,5.09582,2006-08-01,FLUXNET2015,3.0294669591909824
CA-Obs,2006,9,-0.160499,0.972222,3.11253,2.93997,2006-09-01,FLUXNET2015,0.7642860123378561
CA-Obs,2006,10,0.370746,0.990591,0.821699,1.16622,2006-10-01,FLUXNET2015,-1.5282859345152708
CA-Obs,2006,11,0.433077,0.985417,0.00943769,0.450486,2006-11-01,FLUXNET2015,-2.342288191368398
CA-Obs,2006,12,0.461576,0.954973,-0.00479455,0.447819,2006-12-01,FLUXNET2015,-2.3582613782215254
CA-Obs,2007,1,0.389102,0.97379,-0.0252452,0.370166,2007-01-01,FLUXNET2015,-2.380452975074652
CA-Obs,2007,2,0.288224,0.994792,-0.0183772,0.268977,2007-02-01,FLUXNET2015,-2.375325921927779
CA-Obs,2007,3,0.458846,0.948925,0.0615799,0.523076,2007-03-01,FLUXNET2015,-2.297109768780906
CA-Obs,2007,4,-0.525058,0.955556,1.58434,1.05465,2007-04-01,FLUXNET2015,-0.7760906156340328
CA-Obs,2007,5,-1.81405,0.965726,4.04966,2.23026,2007-05-01,FLUXNET2015,1.68748843751284
CA-Obs,2007,6,-1.43856,0.903472,5.43415,4.08805,2007-06-01,FLUXNET2015,3.070237490659713
CA-Obs,2007,7,0.322764,0.858199,5.9983,6.31007,2007-07-01,FLUXNET2015,3.6326465438065862
CA-Obs,2007,8,-0.285129,0.984543,5.67203,5.33535,2007-08-01,FLUXNET2015,3.3046355969534593
CA-Obs,2007,9,-0.366129,0.959028,3.92866,3.57409,2007-09-01,FLUXNET2015,1.559524650100332
CA-Obs,2007,10,0.54683,0.985215,1.34798,1.87942,2007-10-01,FLUXNET2015,-1.022896296752795
CA-Obs,2007,11,0.73415,0.989583,0.066384,0.809937,2007-11-01,FLUXNET2015,-2.306233243605922
CA-Obs,2007,12,0.438983,0.908602,-0.00910782,0.437103,2007-12-01,FLUXNET2015,-2.383466010459049
CA-Obs,2008,1,0.505792,0.975806,0.0275271,0.53786,2008-01-01,FLUXNET2015,-2.3485720373121763
CA-Obs,2008,2,0.498327,0.948276,0.0652608,0.552485,2008-02-01,FLUXNET2015,-2.3125792841653032
CA-Obs,2008,3,0.55112,0.938172,-0.0208778,0.5241,2008-03-01,FLUXNET2015,-2.40045883101843
CA-Obs,2008,4,0.39427,0.979167,0.489594,0.902452,2008-04-01,FLUXNET2015,-1.8917279778715574
CA-Obs,2008,5,-1.45898,0.941532,3.22629,1.74288,2008-05-01,FLUXNET2015,0.8432270752753159
CA-Obs,2008,6,-1.47817,0.981944,5.72841,4.26178,2008-06-01,FLUXNET2015,3.343606128422189
CA-Obs,2008,7,-0.640164,0.915323,7.14483,6.54542,2008-07-01,FLUXNET2015,4.758285181569062
CA-Obs,2008,8,-0.169468,0.903898,5.7079,5.38539,2008-08-01,FLUXNET2015,3.319614234715935
CA-Obs,2008,9,-0.208404,0.986111,3.84394,3.62119,2008-09-01,FLUXNET2015,1.4539132878628078
CA-Obs,2008,10,0.935987,0.988575,1.52318,2.46106,2008-10-01,FLUXNET2015,-0.8685876589903192
CA-Obs,2008,11,0.859636,0.93125,0.0883377,0.951492,2008-11-01,FLUXNET2015,-2.3051709058434464
CA-Obs,2008,12,0.561931,0.957661,0.0665915,0.649515,2008-12-01,FLUXNET2015,-2.3286580526965732
CA-Obs,2009,1,0.500134,0.93414,-0.0971454,0.408053,2009-01-01,FLUXNET2015,-2.4941358995497
CA-Obs,2009,2,0.434244,0.889881,-0.0749868,0.349199,2009-02-01,FLUXNET2015,-2.4737182464028273
CA-Obs,2009,3,0.436365,0.960349,-0.093387800000000007,0.342394,2009-03-01,FLUXNET2015,-2.493860193255954
CA-Obs,2009,4,0.154506,0.930556,0.885299,1.03078,2009-04-01,FLUXNET2015,-1.5169143401090814
CA-Obs,2009,5,-1.01959,0.934812,3.17427,2.11161,2009-05-01,FLUXNET2015,0.7703157130377916
CA-Obs,2009,6,-1.12594,0.886806,5.88733,4.74357,2009-06-01,FLUXNET2015,3.481634766184665
CA-Obs,2009,7,-1.1057,0.915995,6.92744,5.7292,2009-07-01,FLUXNET2015,4.520003819331539
CA-Obs,2009,8,-0.259914,0.962366,6.59519,6.3098,2009-08-01,FLUXNET2015,4.18601287247841
CA-Obs,2009,9,0.412031,0.973611,4.80677,5.24019,2009-09-01,FLUXNET2015,2.395851925625284
CA-Obs,2009,10,0.767346,0.99664,1.09694,1.79562,2009-10-01,FLUXNET2015,-1.3157190212278433
CA-Obs,2009,11,0.888626,0.872917,0.145692,1.04789,2009-11-01,FLUXNET2015,-2.2687079680809705
CA-Obs,2009,12,0.403918,0.323925,-0.198651,0.181307,2009-12-01,FLUXNET2015,-2.6147919149340972
CA-Obs,2010,1,0.361597,0.897177,0.0702007,0.425141,2010-01-01,FLUXNET2015,-2.347681161787224
CA-Obs,2010,2,0.318837,0.677827,0.0534132,0.370558,2010-02-01,FLUXNET2015,-2.366209608640351
CA-Obs,2010,3,0.590116,0.897177,0.135251,0.732487,2010-03-01,FLUXNET2015,-2.286112755493478
CA-Obs,2010,4,-0.71264,0.979167,2.1901,1.49079,2010-04-01,FLUXNET2015,-0.2330047023466052
CA-Obs,2010,5,-1.74616,0.956989,4.11511,2.39318,2010-05-01,FLUXNET2015,1.6902643508002673
CA-Obs,2010,6,-1.2173,0.679861,5.8191,4.58817,2010-06-01,FLUXNET2015,3.3925134039471403
CA-Obs,2010,7,-0.363683,0.894489,7.52018,7.10968,2010-07-01,FLUXNET2015,5.091852457094014
CA-Obs,2010,8,-0.281438,0.954973,6.38257,6.01133,2010-08-01,FLUXNET2015,3.952501510240887
CA-Obs,2010,9,0.191937,0.999306,3.8979,4.07922,2010-09-01,FLUXNET2015,1.4660905633877594
CA-Obs,2010,10,0.616441,0.979839,1.4817,2.11079,2010-10-01,FLUXNET2015,-0.9518503834653673
CA-Obs,2010,11,0.814707,0.948611,0.0969611,0.894798,2010-11-01,FLUXNET2015,-2.3383302303184945
CA-Obs,2010,12,0.429075,0.932796,-0.0277785,0.429992,2010-12-01,FLUXNET2015,-2.4648107771716217
CA-TP1,2002,1,0.4486951083333333,0,0.03727884333333333,0.483489425,2002-01-01,FLUXNET2015,-0.9204761530577354
CA-TP1,2002,2,0.4375231666666667,0,-0.0252109325,0.42515225,2002-02-01,FLUXNET2015,-1.0022759726938333
CA-TP1,2002,3,0.2326447083333333,0,0.45536561416666665,0.6925641666666666,2002-03-01,FLUXNET2015,-0.5410094698299402
CA-TP1,2002,4,-0.47586115833333337,0,1.8929026916666667,1.4416265,2002-04-01,FLUXNET2015,0.8772175638672893
CA-TP1,2002,5,-0.9580484166666666,0,3.5567501666666668,2.611745,2002-05-01,FLUXNET2015,2.521754995064519
CA-TP1,2002,6,-0.7024069433333333,0,4.436193416666667,3.7216091666666666,2002-06-01,FLUXNET2015,3.3818882012617486
CA-TP1,2002,7,-0.679708,0,4.475732833333334,3.79615675,2002-07-01,FLUXNET2015,3.4021175741256453
CA-TP1,2002,8,-0.6496090366666667,0,4.833750416666667,4.1916339166666665,2002-08-01,FLUXNET2015,3.7408251136562076
CA-TP1,2002,9,-0.027117341666666673,0,3.9140353333333335,3.8777343333333336,2002-09-01,FLUXNET2015,2.8017999865201038
CA-TP1,2002,10,0.19388911166666667,0,2.6608216666666666,2.870135416666667,2002-10-01,FLUXNET2015,1.529276276050667
CA-TP1,2002,11,-0.002696416666666672,0,1.5940026666666667,1.5956194166666666,2002-11-01,FLUXNET2015,0.44314723224789687
CA-TP1,2002,12,0.43901141666666665,0,0.364504375,0.8211026666666666,2002-12-01,FLUXNET2015,-0.8056611032215402
CA-TP1,2003,1,0.306125,0.84543,-0.221363,0.0852511,2003-01-01,FLUXNET2015,-1.4108385220243111
CA-TP1,2003,2,0.838732,0.232143,-0.449023,0.374618,2003-02-01,FLUXNET2015,-1.657808565827081
CA-TP1,2003,3,0.512218,0.586694,-0.308843,0.212346,2003-03-01,FLUXNET2015,-1.5369386096298514
CA-TP1,2003,4,0.662953,0.226389,0.271162,0.944423,2003-04-01,FLUXNET2015,-0.9762436534326219
CA-TP1,2003,5,-0.9580484166666666,0,3.5567501666666668,2.611745,2003-05-01,FLUXNET2015,2.2900344694312746
CA-TP1,2003,6,-0.7024069433333333,0,4.436193416666667,3.7216091666666666,2003-06-01,FLUXNET2015,3.1501676756285044
CA-TP1,2003,7,0.886619,0.584005,1.19293,2.07162,2003-07-01,FLUXNET2015,-0.11240578484093271
CA-TP1,2003,8,-0.454926,0.62836,2.68611,2.23647,2003-08-01,FLUXNET2015,1.361464171356297
CA-TP1,2003,9,-0.327479,0.747222,1.483,1.15114,2003-09-01,FLUXNET2015,0.13904412755352663
CA-TP1,2003,10,0.653731,0.641129,0.54079,1.19877,2003-10-01,FLUXNET2015,-0.8224759162492439
CA-TP1,2003,11,0.846384,0.0194444,0.763417,1.60667,2003-11-01,FLUXNET2015,-0.6191589600520142
CA-TP1,2003,12,0.43901141666666665,0,0.364504375,0.8211026666666666,2003-12-01,FLUXNET2015,-1.0373816288547844
CA-TP1,2004,1,0.4486951083333333,0,0.03727884333333333,0.483489425,2004-01-01,FLUXNET2015,-1.3839172043242216
CA-TP1,2004,2,0.532072,0.801006,-0.240535,0.2923,2004-02-01,FLUXNET2015,-1.6810410914603253
CA-TP1,2004,3,0.555093,0.237903,0.00685747,0.572714,2004-03-01,FLUXNET2015,-1.452958665263096
CA-TP1,2004,4,0.43376,0.688889,0.347894,0.756351,2004-04-01,FLUXNET2015,-1.1312321790658662
CA-TP1,2004,5,-0.195484,0.298387,1.36812,1.2024,2004-05-01,FLUXNET2015,-0.1303162228686363
CA-TP1,2004,6,-0.585362,0.673611,3.25403,2.68836,2004-06-01,FLUXNET2015,1.7362837333285934
CA-TP1,2004,7,-0.679708,0,4.475732833333334,3.79615675,2004-07-01,FLUXNET2015,2.9386765228591565
CA-TP1,2004,8,-0.146162,0.147849,0.883215,0.75566,2004-08-01,FLUXNET2015,-0.6731513542769475
CA-TP1,2004,9,-0.418524,0.988889,1.02684,0.548764,2004-09-01,FLUXNET2015,-0.5488363980797178
CA-TP1,2004,10,-0.449833,0.204973,1.0963,0.586965,2004-10-01,FLUXNET2015,-0.4986864418824881
CA-TP1,2004,11,-0.37235,0.21875,1.47967,1.11445,2004-11-01,FLUXNET2015,-0.13462648568525837
CA-TP1,2004,12,0.181458,0.93414,0.0493482,0.233397,2004-12-01,FLUXNET2015,-1.5842583294880292
CA-TP1,2005,1,0.467985,0.116263,-0.238038,0.219906,2005-01-01,FLUXNET2015,-1.8909545732907995
CA-TP1,2005,2,0.396654,0.046875,-0.133966,0.255876,2005-02-01,FLUXNET2015,-1.8061926170935698
CA-TP1,2005,3,0.442163,0.97043,0.080257,0.52575,2005-03-01,FLUXNET2015,-1.61127966089634
CA-TP1,2005,4,0.288698,0.339583,-0.0215737,0.271649,2005-04-01,FLUXNET2015,-1.73242040469911
CA-TP1,2005,5,0.527468,0.138441,0.725773,1.26146,2005-05-01,FLUXNET2015,-1.0043837485018807
CA-TP1,2005,6,0.791302,0.991667,1.54503,2.31286,2005-06-01,FLUXNET2015,-0.20443679230465112
CA-TP1,2005,7,-0.312533,0.0759409,0.378924,0.128951,2005-07-01,FLUXNET2015,-1.3898528361074214
CA-TP1,2005,8,-0.6496090366666667,0,4.833750416666667,4.1916339166666665,2005-08-01,FLUXNET2015,3.045663536756475
CA-TP1,2005,9,-0.193398,0.163889,0.557394,0.474828,2005-09-01,FLUXNET2015,-1.2500029237129622
CA-TP1,2005,10,0.525715,0.938172,1.1884,1.74519,2005-10-01,FLUXNET2015,-0.6383069675157326
CA-TP1,2005,11,0.67267,0.0430556,0.73061,1.43908,2005-11-01,FLUXNET2015,-1.115407011318503
CA-TP1,2005,12,0.43901141666666665,0,0.364504375,0.8211026666666666,2005-12-01,FLUXNET2015,-1.5008226801212732
CA-TP1,2006,1,0.4486951083333333,0,0.03727884333333333,0.483489425,2006-01-01,FLUXNET2015,-1.8473582555907102
CA-TP1,2006,2,0.4375231666666667,0,-0.0252109325,0.42515225,2006-02-01,FLUXNET2015,-1.9291580752268138
CA-TP1,2006,3,0.375824,0.11828,-0.0462073,0.333682,2006-03-01,FLUXNET2015,-1.9694644865295843
CA-TP1,2006,4,-0.185719,0.994444,1.5592,1.41332,2006-04-01,FLUXNET2015,-0.3833672303323547
CA-TP1,2006,5,-0.477863,0.148522,2.47523,1.96132,2006-05-01,FLUXNET2015,0.5133527258648748
CA-TP1,2006,6,-0.0520161,0.19375,3.48991,3.34889,2006-06-01,FLUXNET2015,1.5087226820621047
CA-TP1,2006,7,0.27148,0.75672,3.92903,4.10007,2006-07-01,FLUXNET2015,1.9285326382593342
CA-TP1,2006,8,-0.6496090366666667,0,4.833750416666667,4.1916339166666665,2006-08-01,FLUXNET2015,2.8139430111232304
CA-TP1,2006,9,-0.027117341666666673,0,3.9140353333333335,3.8777343333333336,2006-09-01,FLUXNET2015,1.8749178839871272
CA-TP1,2006,10,0.19388911166666667,0,2.6608216666666666,2.870135416666667,2006-10-01,FLUXNET2015,0.6023941735176899
CA-TP1,2006,11,-0.002696416666666672,0,1.5940026666666667,1.5956194166666666,2006-11-01,FLUXNET2015,-0.48373487028508044
CA-TP1,2006,12,-0.316351,0.202285,0.455122,0.120262,2006-12-01,FLUXNET2015,-1.6419255807545177
CA-TP1,2007,1,0.430015,0.999328,0.135317,0.564331,2007-01-01,FLUXNET2015,-1.9810406245572878
CA-TP1,2007,2,0.42227,0.997024,-0.169785,0.234067,2007-02-01,FLUXNET2015,-2.3054526683600582
CA-TP1,2007,3,0.439515,0.995968,0.162194,0.60489,2007-03-01,FLUXNET2015,-1.9927837121628287
CA-TP1,2007,4,0.289178,0.197917,0.813764,1.16932,2007-04-01,FLUXNET2015,-1.3605237559655992
CA-TP1,2007,5,-0.225774,0.0840054,1.83341,1.62482,2007-05-01,FLUXNET2015,-0.36018779976836934
CA-TP1,2007,6,0.00476898,0.979167,2.28989,2.25862,2007-06-01,FLUXNET2015,0.07698215642886051
CA-TP1,2007,7,-1.08415,0.204973,3.36253,2.18913,2007-07-01,FLUXNET2015,1.13031211262609
CA-TP1,2007,8,-0.203908,0.374328,4.29006,4.01559,2007-08-01,FLUXNET2015,2.03853206882332
CA-TP1,2007,9,-0.755443,0.986806,3.34662,2.57278,2007-09-01,FLUXNET2015,1.0757820250205494
CA-TP1,2007,10,-0.387197,0.163978,2.59384,2.20961,2007-10-01,FLUXNET2015,0.30369198121777907
CA-TP1,2007,11,-0.002696416666666672,0,1.5940026666666667,1.5956194166666666,2007-11-01,FLUXNET2015,-0.7154553959183247
CA-TP1,2007,12,0.43901141666666665,0,0.364504375,0.8211026666666666,2007-12-01,FLUXNET2015,-1.9642637313877618
CA-TP1,2008,1,0.4486951083333333,0,0.03727884333333333,0.483489425,2008-01-01,FLUXNET2015,-2.3107993068571986
CA-TP1,2008,2,0.4375231666666667,0,-0.0252109325,0.42515225,2008-02-01,FLUXNET2015,-2.392599126493302
CA-TP1,2008,3,0.2326447083333333,0,0.45536561416666665,0.6925641666666666,2008-03-01,FLUXNET2015,-1.9313326236294064
CA-TP1,2008,4,-0.0249979,0.0895833,1.91757,1.99213,2008-04-01,FLUXNET2015,-0.4884382815988432
CA-TP1,2008,5,-1.13782,0.985887,2.67073,1.55826,2008-05-01,FLUXNET2015,0.2454116745983862
CA-TP1,2008,6,-0.653196,0.618056,4.43464,3.75527,2008-06-01,FLUXNET2015,1.9900116307956157
CA-TP1,2008,7,-0.393815,0.902554,4.25893,3.93186,2008-07-01,FLUXNET2015,1.7949915869928459
CA-TP1,2008,8,-1.06447,0.969758,4.97724,3.70945,2008-08-01,FLUXNET2015,2.493991543190075
CA-TP1,2008,9,0.313314,0.888889,3.21782,3.52521,2008-09-01,FLUXNET2015,0.7152614993873051
CA-TP1,2008,10,-0.0644251,0.932124,2.3371,2.16515,2008-10-01,FLUXNET2015,-0.18476854441546547
CA-TP1,2008,11,0.220638,0.245139,0.937827,1.16622,2008-11-01,FLUXNET2015,-1.6033515882182359
CA-TP1,2008,12,0.376727,0.99328,0.0927668,0.464373,2008-12-01,FLUXNET2015,-2.4677218320210064
CA-TP1,2009,1,0.308471,0.602151,0.00864688,0.344798,2009-01-01,FLUXNET2015,-2.5711517958237766
CA-TP1,2009,2,0.300411,0.156994,-0.015792,0.420456,2009-02-01,FLUXNET2015,-2.614900719626547
CA-TP1,2009,3,0.158024,0.961694,0.518604,0.677609,2009-03-01,FLUXNET2015,-2.0998147634293174
CA-TP1,2009,4,-0.694006,0.952083,1.90691,1.20205,2009-04-01,FLUXNET2015,-0.7308188072320875
CA-TP1,2009,5,-1.6077,0.983871,4.54932,2.96588,2009-05-01,FLUXNET2015,1.8922811489651417
CA-TP1,2009,6,-0.558524,0.98125,3.84642,3.2653,2009-06-01,FLUXNET2015,1.1700711051623718
CA-TP1,2009,7,-1.44109,0.966398,5.88694,4.44129,2009-07-01,FLUXNET2015,3.1912810613596014
CA-TP1,2009,8,-1.09438,0.90793,6.08322,4.94238,2009-08-01,FLUXNET2015,3.368251017556831
CA-TP1,2009,9,-0.550601,0.820833,4.70022,3.99633,2009-09-01,FLUXNET2015,1.9659409737540603
CA-TP1,2009,10,-0.00431556,0.979167,2.48693,2.49847,2009-10-01,FLUXNET2015,-0.26665907004870965
CA-TP1,2009,11,-0.110917,0.99375,1.58723,1.47769,2009-11-01,FLUXNET2015,-1.1856691138514803
CA-TP1,2009,12,0.348813,0.997312,0.26518,0.615576,2009-12-01,FLUXNET2015,-2.5270291576542503
CA-TP1,2010,1,0.362899,0.97043,-0.0073342600000000004,0.340656,2010-01-01,FLUXNET2015,-2.8188534614570204
CA-TP1,2010,2,0.294251,0.978423,0.00561671,0.292825,2010-02-01,FLUXNET2015,-2.8252125352597917
CA-TP1,2010,3,0.118231,0.982527,0.619195,0.748784,2010-03-01,FLUXNET2015,-2.230944289062562
CA-TP1,2010,4,-1.63755,0.991667,3.76275,2.18294,2010-04-01,FLUXNET2015,0.8933006671346682
CA-TP1,2010,5,-1.50122,0.955645,5.73698,4.37121,2010-05-01,FLUXNET2015,2.8482206233318976
CA-TP1,2010,6,-1.44013,0.977778,6.89713,5.4862,2010-06-01,FLUXNET2015,3.989060579529127
CA-TP1,2010,7,-1.15636,0.925403,7.29771,6.16603,2010-07-01,FLUXNET2015,4.3703305357263575
CA-TP1,2010,8,-1.03607,0.922715,6.45548,5.61267,2010-08-01,FLUXNET2015,3.508790491923586
CA-TP1,2010,9,-0.220989,0.936806,4.97953,4.7598,2010-09-01,FLUXNET2015,2.013530448120816
CA-TP1,2010,10,-0.134848,0.977151,3.18785,3.05929,2010-10-01,FLUXNET2015,0.20254040431804593
CA-TP1,2010,11,-0.189798,0.98125,1.80055,1.58451,2010-11-01,FLUXNET2015,-1.2040696394847243
CA-TP1,2010,12,0.551557,0.998656,0.0952895,0.616632,2010-12-01,FLUXNET2015,-2.928640183287495
CA-TP1,2011,1,0.421791,0.984543,-0.041288,0.38042,2011-01-01,FLUXNET2015,-3.084527727090266
CA-TP1,2011,2,0.439185,0.984375,-0.0188254,0.423749,2011-02-01,FLUXNET2015,-3.0813751708930353
CA-TP1,2011,3,0.27685,0.985887,0.313763,0.597128,2011-03-01,FLUXNET2015,-2.768096814695806
CA-TP1,2011,4,-1.23357,0.986111,2.96857,1.75402,2011-04-01,FLUXNET2015,-0.13259985849857608
CA-TP1,2011,5,-2.41301,0.946909,6.22206,3.75109,2011-05-01,FLUXNET2015,3.1015800976986534
CA-TP1,2011,6,-2.57579,0.972222,8.31685,5.75253,2011-06-01,FLUXNET2015,5.177060053895883
CA-TP1,2011,7,-0.776474,0.942876,5.42409,4.63345,2011-07-01,FLUXNET2015,2.264990010093112
CA-TP1,2011,8,-1.65793,0.918011,7.68283,6.20167,2011-08-01,FLUXNET2015,4.504419966290342
CA-TP1,2011,9,-0.0931061,0.95625,5.96589,5.83558,2011-09-01,FLUXNET2015,2.768169922487572
CA-TP1,2011,10,-0.179216,0.969758,3.71574,3.56527,2011-10-01,FLUXNET2015,0.4987098786848013
CA-TP1,2011,11,-0.319695,0.996528,2.2997,1.98158,2011-11-01,FLUXNET2015,-0.9366401651179688
CA-TP1,2011,12,0.390229,0.999328,0.60638,0.996027,2011-12-01,FLUXNET2015,-2.649270208920739
CA-TP1,2012,1,0.518647,0.977823,0.178378,0.693757,2012-01-01,FLUXNET2015,-3.09658225272351
CA-TP1,2012,2,0.436646,0.988506,0.192045,0.631319,2012-02-01,FLUXNET2015,-3.10222529652628
CA-TP1,2012,3,-0.852463,0.991935,2.53497,1.65937,2012-03-01,FLUXNET2015,-0.7786103403290502
CA-TP1,2012,4,-2.34017,0.977083,4.75248,2.42568,2012-04-01,FLUXNET2015,1.4195896158681798
CA-TP1,2012,5,-2.46401,0.929435,6.85596,4.38548,2012-05-01,FLUXNET2015,3.5037595720654084
CA-TP1,2012,6,-1.6076,0.927778,7.16697,5.58394,2012-06-01,FLUXNET2015,3.7954595282626387
CA-TP1,2012,7,-0.131213,0.797043,4.53318,4.33762,2012-07-01,FLUXNET2015,1.142359484459868
CA-TP1,2012,8,-0.790756,0.84207,6.83633,6.04001,2012-08-01,FLUXNET2015,3.4261994406570984
CA-TP1,2012,9,-0.742279,0.822222,6.79904,6.04919,2012-09-01,FLUXNET2015,3.369599396854327
CA-TP1,2012,10,0.581803,0.989247,3.68595,4.27723,2012-10-01,FLUXNET2015,0.2371993530515572
CA-TP1,2012,11,0.138267,0.740278,1.40807,1.56165,2012-11-01,FLUXNET2015,-2.059990690751213
CA-TP1,2012,12,0.555926,0.994624,0.681162,1.2335,2012-12-01,FLUXNET2015,-2.8062087345539832
CA-TP1,2013,1,0.752754,0.99664,0.163226,0.91311,2013-01-01,FLUXNET2015,-3.343454778356754
CA-TP1,2013,2,0.514475,0.971726,0.0384234,0.550485,2013-02-01,FLUXNET2015,-3.487567422159524
CA-TP1,2013,3,0.274557,0.953629,0.369746,0.645864,2013-03-01,FLUXNET2015,-3.1755548659622943
CA-TP1,2013,4,-1.61926,0.990278,3.79798,2.21,2013-04-01,FLUXNET2015,0.23336909023493502
CA-TP1,2013,5,-3.15883,0.723118,8.09013,4.94417,2013-05-01,FLUXNET2015,4.506209046432164
CA-TP1,2013,6,-2.84391,0.928472,8.27095,5.41214,2013-06-01,FLUXNET2015,4.667719002629393
CA-TP1,2013,7,-1.99112,0.906586,9.00203,7.06036,2013-07-01,FLUXNET2015,5.379488958826623
CA-TP1,2013,8,0.00123756,0.80914,7.8514099999999996,7.75524,2013-08-01,FLUXNET2015,4.209558915023853
CA-TP1,2013,9,1.61659,0.853472,7.00954,8.72311,2013-09-01,FLUXNET2015,3.3483788712210836
CA-TP1,2013,10,0.603254,0.928763,4.84767,5.51599,2013-10-01,FLUXNET2015,1.1671988274183127
CA-TP1,2013,11,0.635624,0.969444,1.93812,2.6009,2013-11-01,FLUXNET2015,-1.7616612163844574
CA-TP1,2013,12,0.702617,0.977151,0.337717,1.02774,2013-12-01,FLUXNET2015,-3.381374260187228
CA-TP1,2014,1,0.547187,0.99328,0.0458495,0.592676,2014-01-01,FLUXNET2015,-3.6925518039899985
CA-TP1,2014,2,0.483784,0.962054,-0.0276999,0.448665,2014-02-01,FLUXNET2015,-3.785411247792769
CA-TP1,2014,3,0.445565,0.959677,0.0713512,0.512613,2014-03-01,FLUXNET2015,-3.705670191595539
CA-TP1,2014,4,0.35035,0.264583,0.638126,0.977635,2014-04-01,FLUXNET2015,-3.1582054353983096
CA-TP1,2014,5,-0.9580484166666666,0,3.5567501666666668,2.611745,2014-05-01,FLUXNET2015,-0.2588913125344128
CA-TP1,2014,6,-0.7024069433333333,0,4.436193416666667,3.7216091666666666,2014-06-01,FLUXNET2015,0.601241893662817
CA-TP1,2014,7,-0.679708,0,4.475732833333334,3.79615675,2014-07-01,FLUXNET2015,0.6214712665267135
CA-TP1,2014,8,-0.6496090366666667,0,4.833750416666667,4.1916339166666665,2014-08-01,FLUXNET2015,0.9601788060572761
CA-TP1,2014,9,0.147339,0.524306,6.5273,6.85545,2014-09-01,FLUXNET2015,2.634418345587839
CA-TP1,2014,10,1.33722,0.964382,5.20776,6.60922,2014-10-01,FLUXNET2015,1.2955683017850688
CA-TP1,2014,11,0.58151,0.990278,1.98068,2.55903,2014-11-01,FLUXNET2015,-1.9508217420177019
CA-TP1,2014,12,0.861676,0.683468,0.557664,1.43094,2014-12-01,FLUXNET2015,-3.3931477858204726
CA-TP3,2002,1,-0.44460784615384613,0,0.5897222366666667,0.36917986694725,2002-01-01,FLUXNET2015,-2.4413964029470576
CA-TP3,2002,2,-0.22544802307692305,0,0.47237239999999997,0.4711767711063333,2002-02-01,FLUXNET2015,-2.5718950722473455
CA-TP3,2002,3,-0.4649623076923077,0,0.9253432433333333,0.6723030427735833,2002-03-01,FLUXNET2015,-2.132073061547623
CA-TP3,2002,4,-1.8428,0,3.2931291666666667,1.5513054166666667,2002-04-01,FLUXNET2015,0.2225640291521074
CA-TP3,2002,5,-3.0800823076923076,0,6.281911666666667,3.225972666666667,2002-05-01,FLUXNET2015,3.1981976965185055
CA-TP3,2002,6,-2.846409230769231,0,8.219810833333334,5.424153333333333,2002-06-01,FLUXNET2015,5.12294803055157
CA-TP3,2002,7,-1.869019923076923,0,8.055694166666667,6.329061666666667,2002-07-01,FLUXNET2015,4.9456825312513
CA-TP3,2002,8,-1.935846076923077,0,8.087569166666666,6.2253025,2002-08-01,FLUXNET2015,4.964408698617698
CA-TP3,2002,9,-1.6091376153846153,0,6.166035,4.49137,2002-09-01,FLUXNET2015,3.0297256993174284
CA-TP3,2002,10,-0.955373,0,3.82024375,2.9141008333333334,2002-10-01,FLUXNET2015,0.6707856166838254
CA-TP3,2002,11,-0.45257468461538464,0,1.7939263333333333,1.357896,2002-11-01,FLUXNET2015,-1.3686806326164436
CA-TP3,2002,12,-0.16758446923076922,0,0.7418588116666667,0.6094701083460833,2002-12-01,FLUXNET2015,-2.4338969869167126
CA-TP3,2003,1,-1.01493,0.56922,1.17628,0.15148,2003-01-01,FLUXNET2015,-2.0126246312169824
CA-TP3,2003,2,-0.150039,0.171131,1.03723,0.877683,2003-02-01,FLUXNET2015,-2.1648234638505843
CA-TP3,2003,3,0.229862,0.691532,0.479901,0.70485,2003-03-01,FLUXNET2015,-2.735301296484187
CA-TP3,2003,4,-1.11369,0.0111111,2.85843,1.70976,2003-04-01,FLUXNET2015,-0.36992112911779007
CA-TP3,2003,5,-1.87875,0.946909,4.0244,2.15001,2003-05-01,FLUXNET2015,0.7829000382486078
CA-TP3,2003,6,-2.21442,0.0895833,5.58694,3.38275,2003-06-01,FLUXNET2015,2.3322912056150056
CA-TP3,2003,7,-1.57369,0.373656,6.83386,5.26016,2003-07-01,FLUXNET2015,3.5660623729814023
CA-TP3,2003,8,-2.53166,0.700941,6.86989,4.33732,2003-08-01,FLUXNET2015,3.5889435403478
CA-TP3,2003,9,-2.00194,0.544444,6.64073,4.68452,2003-09-01,FLUXNET2015,3.3466347077141974
CA-TP3,2003,10,-2.42076,0.567876,4.73232,2.386,2003-10-01,FLUXNET2015,1.4250758750805945
CA-TP3,2003,11,-0.524686,0.788889,1.22693,0.667808,2003-11-01,FLUXNET2015,-2.0934629575530077
CA-TP3,2003,12,-1.02212,0.631048,1.09846,0.0761211,2003-12-01,FLUXNET2015,-2.23508179018661
CA-TP3,2004,1,-1.86541,0.527554,1.90838,0.0429686,2004-01-01,FLUXNET2015,-1.4383106228202127
CA-TP3,2004,2,-1.02382,0.104885,1.55355,0.529727,2004-02-01,FLUXNET2015,-1.8062894554538151
CA-TP3,2004,3,-0.444254,0.998656,0.811236,0.361616,2004-03-01,FLUXNET2015,-2.5617522880874173
CA-TP3,2004,4,-1.59247,0.270833,2.66516,1.07357,2004-04-01,FLUXNET2015,-0.72097712072102
CA-TP3,2004,5,-2.00473,0.725134,4.48902,2.47583,2004-05-01,FLUXNET2015,1.089734046645377
CA-TP3,2004,6,-1.32934,0.0131944,5.26458,3.93647,2004-06-01,FLUXNET2015,1.8521452140117745
CA-TP3,2004,7,-0.357841,0.961694,5.37499,5.00311,2004-07-01,FLUXNET2015,1.9494063813781726
CA-TP3,2004,8,0.204119,0.164651,5.40687,5.66026,2004-08-01,FLUXNET2015,1.9681375487445691
CA-TP3,2004,9,-0.798271,0.136111,4.56908,3.81487,2004-09-01,FLUXNET2015,1.1171987161109664
CA-TP3,2004,10,-0.49257,0.588038,1.9272,1.44706,2004-10-01,FLUXNET2015,-1.5378301165226358
CA-TP3,2004,11,-0.105459,0.159722,0.844586,0.734125,2004-11-01,FLUXNET2015,-2.6335929491562378
CA-TP3,2004,12,-0.0869381,0.229167,0.388051,0.289903,2004-12-01,FLUXNET2015,-3.1032767817898406
CA-TP3,2005,1,-0.394596,0.991263,0.436535,0.0048355,2005-01-01,FLUXNET2015,-3.067941614423443
CA-TP3,2005,2,-0.0772233,0.210565,0.312256,0.0317252,2005-02-01,FLUXNET2015,-3.2053694470570453
CA-TP3,2005,3,-0.858376,0.0598118,1.1174,0.116269,2005-03-01,FLUXNET2015,-2.413374279690648
CA-TP3,2005,4,-1.69664,0.977778,2.25854,0.554681,2005-04-01,FLUXNET2015,-1.285383112324251
CA-TP3,2005,5,-2.15059,0.489919,4.92061,2.9037,2005-05-01,FLUXNET2015,1.3635380550421465
CA-TP3,2005,6,-3.17458,0.254167,8.02698,5.02253,2005-06-01,FLUXNET2015,4.456759222408545
CA-TP3,2005,7,-1.06937,0.00268817,6.23996,5.17241,2005-07-01,FLUXNET2015,2.6565903897749417
CA-TP3,2005,8,-0.387179,0.924731,6.06255,5.67311,2005-08-01,FLUXNET2015,2.466031557141339
CA-TP3,2005,9,-0.416002,0.2,3.55532,3.26757,2005-09-01,FLUXNET2015,-0.054347275492263536
CA-TP3,2005,10,-1.21411,0.231183,2.82783,1.61632,2005-10-01,FLUXNET2015,-0.7949861081258661
CA-TP3,2005,11,-1.21522,0.969444,1.80368,0.591078,2005-11-01,FLUXNET2015,-1.8322849407594686
CA-TP3,2005,12,-1.41732,0.00739247,1.60852,0.191642,2005-12-01,FLUXNET2015,-2.0405937733930712
CA-TP3,2006,1,-0.44460784615384613,0,0.5897222366666667,0.36917986694725,2006-01-01,FLUXNET2015,-3.072540369360007
CA-TP3,2006,2,-0.22544802307692305,0,0.47237239999999997,0.4711767711063333,2006-02-01,FLUXNET2015,-3.2030390386602767
CA-TP3,2006,3,-0.4649623076923077,0,0.9253432433333333,0.6723030427735833,2006-03-01,FLUXNET2015,-2.7632170279605455
CA-TP3,2006,4,-2.51768,0.1125,3.912,1.39282,2006-04-01,FLUXNET2015,0.21029089607251852
CA-TP3,2006,5,-3.40243,0.986559,5.22787,1.82558,2006-05-01,FLUXNET2015,1.5130120634389161
CA-TP3,2006,6,-3.59221,0.0986111,7.30968,3.92188,2006-06-01,FLUXNET2015,3.581673230805314
CA-TP3,2006,7,-1.3047,0.138441,7.31279,6.09556,2006-07-01,FLUXNET2015,3.571634398171711
CA-TP3,2006,8,-1.31796,1,6.90949,5.62904,2006-08-01,FLUXNET2015,3.1551855655381087
CA-TP3,2006,9,-0.183793,0.1875,2.42393,2.2391200000000002,2006-09-01,FLUXNET2015,-1.3435232670954944
CA-TP3,2006,10,-0.955373,0,3.82024375,2.9141008333333334,2006-10-01,FLUXNET2015,0.0396416502709033
CA-TP3,2006,11,-0.45257468461538464,0,1.7939263333333333,1.357896,2006-11-01,FLUXNET2015,-1.9998245990293662
CA-TP3,2006,12,-0.16758446923076922,0,0.7418588116666667,0.6094701083460833,2006-12-01,FLUXNET2015,-3.065040953329635
CA-TP3,2007,1,-0.44460784615384613,0,0.5897222366666667,0.36917986694725,2007-01-01,FLUXNET2015,-3.2303263609632373
CA-TP3,2007,2,-0.22544802307692305,0,0.47237239999999997,0.4711767711063333,2007-02-01,FLUXNET2015,-3.360825030263507
CA-TP3,2007,3,-0.930011,0.0981183,0.944762,5.13283e-7,2007-03-01,FLUXNET2015,-2.901584262897109
CA-TP3,2007,4,-1.78739,0.982639,2.14302,0.238584,2007-04-01,FLUXNET2015,-1.716475095530712
CA-TP3,2007,5,-3.1489,0.115591,3.98319,0.832222,2007-05-01,FLUXNET2015,0.11054607183568546
CA-TP3,2007,6,-2.846409230769231,0,8.219810833333334,5.424153333333333,2007-06-01,FLUXNET2015,4.334018072535417
CA-TP3,2007,7,-1.72615,0.317204,5.4187,4.18243,2007-07-01,FLUXNET2015,1.5197584065684806
CA-TP3,2007,8,-0.974409,0.902554,5.17437,4.12024,2007-08-01,FLUXNET2015,1.2622795739348776
CA-TP3,2007,9,-1.6091376153846153,0,6.166035,4.49137,2007-09-01,FLUXNET2015,2.2407957413012753
CA-TP3,2007,10,-1.43828,0.251344,3.48242,1.97079,2007-10-01,FLUXNET2015,-0.4559680913323274
CA-TP3,2007,11,-1.35183,0.990278,1.57545,0.171421,2007-11-01,FLUXNET2015,-2.37608692396593
CA-TP3,2007,12,-0.836364,0.993952,0.858281,2.00153e-7,2007-12-01,FLUXNET2015,-3.1064047565995323
CA-TP3,2008,1,-0.189393,0.999328,0.371103,0.182234,2008-01-01,FLUXNET2015,-3.6067315892331346
CA-TP3,2008,2,0.277688,0.972701,0.186856,0.466755,2008-02-01,FLUXNET2015,-3.8041274218667374
CA-TP3,2008,3,0.272101,0.999328,0.0900411,0.3616,2008-03-01,FLUXNET2015,-3.91409115450034
CA-TP3,2008,4,-1.46329,0.993056,3.16744,1.70464,2008-04-01,FLUXNET2015,-0.8498410871339425
CA-TP3,2008,5,-2.80189,0.975806,5.91265,3.10559,2008-05-01,FLUXNET2015,1.8822200802324554
CA-TP3,2008,6,-2.05782,0.998611,8.86422,6.8286,2008-06-01,FLUXNET2015,4.820641247598853
CA-TP3,2008,7,-1.38965,0.948925,8.43802,7.08468,2008-07-01,FLUXNET2015,4.381292414965251
CA-TP3,2008,8,-2.07163,0.961022,9.33053,7.28378,2008-08-01,FLUXNET2015,5.260653582331647
CA-TP3,2008,9,-0.597518,0.990278,6.62281,6.03432,2008-09-01,FLUXNET2015,2.5397847496980455
CA-TP3,2008,10,-1.06558,0.997312,4.36787,3.31071,2008-10-01,FLUXNET2015,0.2716959170644422
CA-TP3,2008,11,0.230153,1,1.59334,1.8218,2008-11-01,FLUXNET2015,-2.51598291556916
CA-TP3,2008,12,0.590775,1,0.10723,0.695691,2008-12-01,FLUXNET2015,-4.0152417482027625
CA-TP3,2009,1,0.32267,0.988575,-0.0490744,0.274343,2009-01-01,FLUXNET2015,-4.184694980836365
CA-TP3,2009,2,0.476708,0.960565,0.0761145,0.551786,2009-02-01,FLUXNET2015,-4.072654913469968
CA-TP3,2009,3,0.204307,0.992608,0.515674,0.718636,2009-03-01,FLUXNET2015,-3.6462442461035702
CA-TP3,2009,4,-1.16804,1,2.99015,1.82415,2009-04-01,FLUXNET2015,-1.1849170787371732
CA-TP3,2009,5,-4.70187,0.927419,8.61219,3.89309,2009-05-01,FLUXNET2015,4.423974088629225
CA-TP3,2009,6,-2.61473,1,9.07619,6.43234,2009-06-01,FLUXNET2015,4.874825255995623
CA-TP3,2009,7,-2.19667,0.99328,9.7157,7.48856,2009-07-01,FLUXNET2015,5.50118642336202
CA-TP3,2009,8,-1.47929,0.915995,8.89314,7.43053,2009-08-01,FLUXNET2015,4.665477590728418
CA-TP3,2009,9,-2.02852,0.992361,6.95385,4.92775,2009-09-01,FLUXNET2015,2.7130387580948145
CA-TP3,2009,10,-0.43636200000000003,0.994624,3.57114,3.13803,2009-10-01,FLUXNET2015,-0.6828200745387881
CA-TP3,2009,11,-0.46156,0.997222,2.11984,1.66326,2009-11-01,FLUXNET2015,-2.147268907172391
CA-TP3,2009,12,0.379511,0.999328,0.202873,0.581856,2009-12-01,FLUXNET2015,-4.077384739805994
CA-TP3,2010,1,0.440715,0.998656,-0.00313176,0.436895,2010-01-01,FLUXNET2015,-4.296538332439596
CA-TP3,2010,2,0.37762,0.988839,0.0173547,0.398276,2010-02-01,FLUXNET2015,-4.289200705073198
CA-TP3,2010,3,-0.109512,0.998656,1.09099,0.979441,2010-03-01,FLUXNET2015,-3.228714237706801
CA-TP3,2010,4,-2.72276,0.990278,5.14506,2.4267,2010-04-01,FLUXNET2015,0.8122069296595964
CA-TP3,2010,5,-2.59122,0.804435,7.37557,4.82914,2010-05-01,FLUXNET2015,3.0295680970259937
CA-TP3,2010,6,-3.57343,0.992361,10.7234,7.17259,2010-06-01,FLUXNET2015,6.364249264392392
CA-TP3,2010,7,-2.62899,0.977823,11.0268,8.37524,2010-07-01,FLUXNET2015,6.654500431758788
CA-TP3,2010,8,-1.78024,0.979839,7.85869,6.03809,2010-08-01,FLUXNET2015,3.473241599125186
CA-TP3,2010,9,-1.75962,0.991667,6.60895,4.84994,2010-09-01,FLUXNET2015,2.210352766491584
CA-TP3,2010,10,-1.22322,0.99664,4.81815,3.5926,2010-10-01,FLUXNET2015,0.40640393385798124
CA-TP3,2010,11,-0.571085,1,2.26754,1.67923,2010-11-01,FLUXNET2015,-2.1573548987756213
CA-TP3,2010,12,0.649602,0.685484,0.00167974,0.650561,2010-12-01,FLUXNET2015,-4.436363991409223
CA-TP3,2011,1,0.399456,1,-0.0581187,0.344468,2011-01-01,FLUXNET2015,-4.509311264042827
CA-TP3,2011,2,0.44771,0.997768,0.0135293,0.459208,2011-02-01,FLUXNET2015,-4.450812096676429
CA-TP3,2011,3,0.345092,0.930108,0.384609,0.732092,2011-03-01,FLUXNET2015,-4.092881229310032
CA-TP3,2011,4,-1.24971,0.998611,3.25041,2.00191,2011-04-01,FLUXNET2015,-1.2402290619436342
CA-TP3,2011,5,-2.54532,0.596102,6.48222,3.97307,2011-05-01,FLUXNET2015,1.978432105422763
CA-TP3,2011,6,-3.56165,0.86875,9.04511,5.42138,2011-06-01,FLUXNET2015,4.528173272789161
CA-TP3,2011,7,-0.158686,0.963038,7.18977,6.99951,2011-07-01,FLUXNET2015,2.6596844401555586
CA-TP3,2011,8,-2.84908,0.974462,11.5297,8.72148,2011-08-01,FLUXNET2015,6.986465607521956
CA-TP3,2011,9,-2.1998,0.972917,7.6692,5.44785,2011-09-01,FLUXNET2015,3.1128167748883535
CA-TP3,2011,10,-0.967357,0.977151,4.41206,3.44758,2011-10-01,FLUXNET2015,-0.1574720577452492
CA-TP3,2011,11,-0.291952,0.998611,2.74185,2.45499,2011-11-01,FLUXNET2015,-1.8408308903788522
CA-TP3,2011,12,0.378227,1,0.719851,1.09588,2011-12-01,FLUXNET2015,-3.8759787230124547
CA-TP3,2012,1,0.642916,0.988575,0.131333,0.775208,2012-01-01,FLUXNET2015,-4.477645555646056
CA-TP3,2012,2,0.644758,0.992816,0.133727,0.776657,2012-02-01,FLUXNET2015,-4.4884003882796595
CA-TP3,2012,3,-0.84825,0.987903,2.84548,1.99488,2012-03-01,FLUXNET2015,-1.7897962209132623
CA-TP3,2012,4,-2.99885,1,5.46159,2.46698,2012-04-01,FLUXNET2015,0.8131649464531354
CA-TP3,2012,5,-3.26498,0.991935,8.36296,5.07897,2012-05-01,FLUXNET2015,3.7013861138195328
CA-TP3,2012,6,-2.93932,0.986111,9.5352,6.59196,2012-06-01,FLUXNET2015,4.86047728118593
CA-TP3,2012,7,-0.145822,0.963038,5.80214,5.66291,2012-07-01,FLUXNET2015,1.1142684485523273
CA-TP3,2012,8,-2.59698,0.975134,8.91494,6.33698,2012-08-01,FLUXNET2015,4.2139196159187255
CA-TP3,2012,9,-1.87926,0.950694,8.02889,6.17578,2012-09-01,FLUXNET2015,3.3147207832851238
CA-TP3,2012,10,-0.121865,0.99664,4.08183,4.00114,2012-10-01,FLUXNET2015,-0.64548804934848
CA-TP3,2012,11,-0.439289,1,2.15591,1.71971,2012-11-01,FLUXNET2015,-2.584556881982082
CA-TP3,2012,12,0.499956,0.999328,0.725356,1.22424,2012-12-01,FLUXNET2015,-4.028259714615685
CA-TP3,2013,1,0.846604,0.980511,0.0559718,0.90733,2013-01-01,FLUXNET2015,-4.710792747249287
CA-TP3,2013,2,0.56557,0.993304,0.0390483,0.604988,2013-02-01,FLUXNET2015,-4.74086507988289
CA-TP3,2013,3,0.422856,1,0.290316,0.714319,2013-03-01,FLUXNET2015,-4.5027462125164925
CA-TP3,2013,4,-1.03284,0.993056,2.72044,1.69366,2013-04-01,FLUXNET2015,-2.085771045150095
CA-TP3,2013,5,-3.85336,0.961022,7.91255,4.08921,2013-05-01,FLUXNET2015,3.0931901222163023
CA-TP3,2013,6,-3.25878,0.978472,10.2789,7.01925,2013-06-01,FLUXNET2015,5.4463912895827
CA-TP3,2013,7,-3.89738,0.991935,11.248,7.35294,2013-07-01,FLUXNET2015,6.402342456949097
CA-TP3,2013,8,-2.94334,0.876344,10.6685,7.72777,2013-08-01,FLUXNET2015,5.8096936243154955
CA-TP3,2013,9,-2.80133,0.938889,7.7173,4.84593,2013-09-01,FLUXNET2015,2.845344791681892
CA-TP3,2013,10,-1.0394,0.992608,5.61161,4.58328,2013-10-01,FLUXNET2015,0.7265059590482892
CA-TP3,2013,11,-0.0963209,0.999306,1.88393,1.78549,2013-11-01,FLUXNET2015,-3.014322873585313
CA-TP3,2013,12,0.430767,0.956989,0.31696,0.752827,2013-12-01,FLUXNET2015,-4.594441706218915
CA-TP3,2014,1,0.571362,1,-0.0283111,0.547113,2014-01-01,FLUXNET2015,-4.952861638852518
CA-TP3,2014,2,0.515495,0.978423,-0.103003,0.410977,2014-02-01,FLUXNET2015,-5.0407023714861205
CA-TP3,2014,3,0.561595,0.995296,0.00763982,0.572128,2014-03-01,FLUXNET2015,-4.943208384119723
CA-TP3,2014,4,-1.42178,0.995139,2.94531,1.52821,2014-04-01,FLUXNET2015,-2.018687036753326
CA-TP3,2014,5,-4.5335,0.979167,8.07971,3.55526,2014-05-01,FLUXNET2015,3.1025641306130725
CA-TP3,2014,6,-4.00609,0.975694,10.774,6.71958,2014-06-01,FLUXNET2015,5.783705297979469
CA-TP3,2014,7,-4.75114,0.980511,12.0676,7.27123,2014-07-01,FLUXNET2015,7.064156465345867
CA-TP3,2014,8,-3.74715,0.971102,9.43216,5.74503,2014-08-01,FLUXNET2015,4.415567632712264
CA-TP3,2014,9,-3.65019,0.996528,8.15777,4.50791,2014-09-01,FLUXNET2015,3.128028800078661
CA-TP3,2014,10,-1.2572,0.991263,5.19753,3.96548,2014-10-01,FLUXNET2015,0.15463996744505923
CA-TP3,2014,11,-0.158986,0.977083,1.95935,1.79918,2014-11-01,FLUXNET2015,-3.0966888651885434
CA-TP3,2014,12,0.333171,0.696909,0.516884,0.844469,2014-12-01,FLUXNET2015,-4.552303697822146
CA-TP4,2002,1,0.6126413076923077,0,0.1534096223076923,0.7655649999999999,2002-01-01,FLUXNET2015,-2.6437785891599317
CA-TP4,2002,2,0.6277698461538461,0,0.10000329230769231,0.7260576153846153,2002-02-01,FLUXNET2015,-2.7115545622094928
CA-TP4,2002,3,0.6449559230769231,0,0.4543514307692308,1.0991296923076923,2002-03-01,FLUXNET2015,-2.37157606679755
CA-TP4,2002,4,-0.5610656353846154,0,2.742716923076923,2.181527692307692,2002-04-01,FLUXNET2015,-0.09758021753944535
CA-TP4,2002,5,0.211719,0.18414,2.1513,2.36301,2002-05-01,FLUXNET2015,-0.7033667836659562
CA-TP4,2002,6,-1.21992,0.979861,4.85803,3.64489,2002-06-01,FLUXNET2015,1.9889935732844566
CA-TP4,2002,7,-0.956839,0.986559,3.79,2.83186,2002-07-01,FLUXNET2015,0.9065939302348687
CA-TP4,2002,8,-0.119057,0.807796,2.22881,2.13263,2002-08-01,FLUXNET2015,-0.6689657128147191
CA-TP4,2002,9,0.0469174,0.972222,2.0562,2.10065,2002-09-01,FLUXNET2015,-0.8559453558643069
CA-TP4,2002,10,0.455261,0.953629,1.47851,1.93177,2002-10-01,FLUXNET2015,-1.4480049989138943
CA-TP4,2002,11,0.567588,0.99375,0.473534,1.04112,2002-11-01,FLUXNET2015,-2.467350641963482
CA-TP4,2002,12,0.62008,0.883065,-0.13002,0.505865,2002-12-01,FLUXNET2015,-3.08527428501307
CA-TP4,2003,1,0.381473,0.985215,-0.109945,0.272566,2003-01-01,FLUXNET2015,-3.079568928062658
CA-TP4,2003,2,0.337522,0.941964,-0.180878,0.166812,2003-02-01,FLUXNET2015,-3.1648715711122453
CA-TP4,2003,3,0.436082,0.979839,0.0714136,0.508746,2003-03-01,FLUXNET2015,-2.9269496141618325
CA-TP4,2003,4,-0.768191,0.968056,2.58031,1.80433,2003-04-01,FLUXNET2015,-0.4324228572114207
CA-TP4,2003,5,-1.67096,0.948925,5.24254,3.56792,2003-05-01,FLUXNET2015,2.2154374997389916
CA-TP4,2003,6,-1.95502,0.953472,8.261,6.32425,2003-06-01,FLUXNET2015,5.219527856689403
CA-TP4,2003,7,-1.1588,0.941532,9.56375,8.37749,2003-07-01,FLUXNET2015,6.507908213639816
CA-TP4,2003,8,-1.25849,0.973118,8.70514,7.4998,2003-08-01,FLUXNET2015,5.634928570590228
CA-TP4,2003,9,-0.0481475,0.838194,5.31145,5.26172,2003-09-01,FLUXNET2015,2.226868927540641
CA-TP4,2003,10,-0.3288,0.980511,3.88509,3.57525,2003-10-01,FLUXNET2015,0.7861392844910533
CA-TP4,2003,11,0.971459,0.985417,1.43946,2.4094,2003-11-01,FLUXNET2015,-1.6738603585585343
CA-TP4,2003,12,0.853985,0.997984,0.0393326,0.901415,2003-12-01,FLUXNET2015,-3.0883574016081226
CA-TP4,2004,1,0.730486,0.991935,0.00629399,0.736777,2004-01-01,FLUXNET2015,-3.1357656546577095
CA-TP4,2004,2,0.895211,0.972701,0.0541605,0.949233,2004-02-01,FLUXNET2015,-3.102268787707297
CA-TP4,2004,3,0.730875,0.99328,0.468596,1.20087,2004-03-01,FLUXNET2015,-2.702202930756885
CA-TP4,2004,4,-0.805696,0.98125,2.78678,1.98749,2004-04-01,FLUXNET2015,-0.39838857380647297
CA-TP4,2004,5,-1.71178,0.969086,6.45299,4.74051,2004-05-01,FLUXNET2015,3.253451783143939
CA-TP4,2004,6,-2.73797,0.9875,8.17467,5.40947,2004-06-01,FLUXNET2015,4.960762140094353
CA-TP4,2004,7,-0.802619,0.988575,8.09014,7.27937,2004-07-01,FLUXNET2015,4.861862497044765
CA-TP4,2004,8,0.404048,0.936156,5.57302,5.99523,2004-08-01,FLUXNET2015,2.330372853995176
CA-TP4,2004,9,-0.124143,0.975,6.01553,5.9032,2004-09-01,FLUXNET2015,2.7585132109455888
CA-TP4,2004,10,0.161097,0.90793,2.49862,2.66366,2004-10-01,FLUXNET2015,-0.7727664321039991
CA-TP4,2004,11,0.407007,0.997222,1.34015,1.74533,2004-11-01,FLUXNET2015,-1.9456060751535864
CA-TP4,2004,12,0.840965,0.93414,0.196548,1.03524,2004-12-01,FLUXNET2015,-3.1035777182031743
CA-TP4,2005,1,0.507256,0.986559,-0.0257815,0.480354,2005-01-01,FLUXNET2015,-3.340276861252762
CA-TP4,2005,2,0.500195,0.975446,-0.0397558,0.457331,2005-02-01,FLUXNET2015,-3.3686208043023496
CA-TP4,2005,3,0.444084,0.99328,0.0564043,0.503162,2005-03-01,FLUXNET2015,-3.2868303473519376
CA-TP4,2005,4,-0.658588,0.986806,2.16113,1.5175,2005-04-01,FLUXNET2015,-1.1964742904015249
CA-TP4,2005,5,-2.10899,0.993952,5.1305,3.03031,2005-05-01,FLUXNET2015,1.7585260665488869
CA-TP4,2005,6,-1.90572,0.992361,7.6985,5.77606,2005-06-01,FLUXNET2015,4.3121564234992995
CA-TP4,2005,7,-0.365812,0.985215,6.79906,6.48253,2005-07-01,FLUXNET2015,3.3983467804497116
CA-TP4,2005,8,-0.526189,0.978495,6.46106,5.94726,2005-08-01,FLUXNET2015,3.0459771374001243
CA-TP4,2005,9,-0.264096,0.981944,6.69433,6.43698,2005-09-01,FLUXNET2015,3.2648774943505368
CA-TP4,2005,10,0.218387,0.992608,4.12553,4.33562,2005-10-01,FLUXNET2015,0.6817078513009492
CA-TP4,2005,11,0.749847,0.995139,1.36898,2.11791,2005-11-01,FLUXNET2015,-2.089211791748639
CA-TP4,2005,12,0.77318,0.99664,0.0504104,0.818019,2005-12-01,FLUXNET2015,-3.422151034798226
CA-TP4,2006,1,0.806313,1,0.10832,0.91393,2006-01-01,FLUXNET2015,-3.3786110778478142
CA-TP4,2006,2,0.724174,0.999256,0.0404988,0.763069,2006-02-01,FLUXNET2015,-3.460801920897402
CA-TP4,2006,3,0.520878,0.99328,0.412995,0.92998,2006-03-01,FLUXNET2015,-3.1026753639469895
CA-TP4,2006,4,-0.90171,0.988194,3.08426,2.18347,2006-04-01,FLUXNET2015,-0.4457800069965772
CA-TP4,2006,5,-2.6978,0.989919,6.65855,3.97488,2006-05-01,FLUXNET2015,3.1141403499538347
CA-TP4,2006,6,-2.90111,0.934028,9.3234,6.4187,2006-06-01,FLUXNET2015,5.764620706904248
CA-TP4,2006,7,-0.845792,0.968414,8.43872,7.5789,2006-07-01,FLUXNET2015,4.865571063854659
CA-TP4,2006,8,-0.211636,0.963038,8.54008,8.33761,2006-08-01,FLUXNET2015,4.952561420805072
CA-TP4,2006,9,-0.419972,0.977083,5.48821,5.05886,2006-09-01,FLUXNET2015,1.8863217777554837
CA-TP4,2006,10,-0.18168,0.973118,3.27063,3.07977,2006-10-01,FLUXNET2015,-0.3456278652941031
CA-TP4,2006,11,0.29161,0.991667,1.4473,1.73831,2006-11-01,FLUXNET2015,-2.183327508343691
CA-TP4,2006,12,0.821116,1,0.304463,1.1288,2006-12-01,FLUXNET2015,-3.3405341513932787
CA-TP4,2007,1,0.73872,0.925403,0.0559068,0.793189,2007-01-01,FLUXNET2015,-3.6034599944428667
CA-TP4,2007,2,0.682351,0.977679,-0.1101,0.56879,2007-02-01,FLUXNET2015,-3.7838364374924542
CA-TP4,2007,3,0.769482,0.986559,0.402822,1.16853,2007-03-01,FLUXNET2015,-3.2852840805420414
CA-TP4,2007,4,0.157913,0.990278,2.36416,2.51587,2007-04-01,FLUXNET2015,-1.3383157235916292
CA-TP4,2007,5,-2.1248,0.923387,6.74303,4.5958,2007-05-01,FLUXNET2015,3.026184633358783
CA-TP4,2007,6,-1.46122,0.930556,8.36746,6.89969,2007-06-01,FLUXNET2015,4.636244990309194
CA-TP4,2007,7,-0.661217,0.885081,8.67575,8.04408,2007-07-01,FLUXNET2015,4.930165347259608
CA-TP4,2007,8,0.709857,0.938844,6.92447,7.63523,2007-08-01,FLUXNET2015,3.1645157042100203
CA-TP4,2007,9,-1.07558,0.898611,6.3952,5.31953,2007-09-01,FLUXNET2015,2.6208760611604323
CA-TP4,2007,10,0.157265,0.951613,4.15017,4.3022,2007-10-01,FLUXNET2015,0.36147641811084463
CA-TP4,2007,11,0.834929,0.973611,1.45628,2.28304,2007-11-01,FLUXNET2015,-2.3467832249387435
CA-TP4,2007,12,0.876323,0.97043,0.0289672,0.905337,2007-12-01,FLUXNET2015,-3.788465667988331
CA-TP4,2008,1,0.786064,0.99664,0.072018,0.853858,2008-01-01,FLUXNET2015,-3.7597845110379184
CA-TP4,2008,2,0.754567,0.98204,0.020329,0.772801,2008-02-01,FLUXNET2015,-3.825843154087506
CA-TP4,2008,3,0.885751,0.990591,0.10962,0.998008,2008-03-01,FLUXNET2015,-3.750921797137094
CA-TP4,2008,4,-1.05684,0.938194,2.91726,1.84775,2008-04-01,FLUXNET2015,-0.9576514401866814
CA-TP4,2008,5,-2.39731,0.99328,6.57896,4.16562,2008-05-01,FLUXNET2015,2.6896789167637314
CA-TP4,2008,6,-1.93449,0.995139,9.2336,7.30436,2008-06-01,FLUXNET2015,5.329949273714142
CA-TP4,2008,7,-0.805011,0.965054,9.58936,8.70704,2008-07-01,FLUXNET2015,5.671339630664555
CA-TP4,2008,8,-0.171878,0.946237,11.2638,11.152,2008-08-01,FLUXNET2015,7.331409987614968
CA-TP4,2008,9,-0.00952585,0.922222,6.56878,6.53189,2008-09-01,FLUXNET2015,2.6220203445653802
CA-TP4,2008,10,0.0733567,0.977151,4.62156,4.66824,2008-10-01,FLUXNET2015,0.660430701515792
CA-TP4,2008,11,0.516681,0.991667,1.33909,1.87095,2008-11-01,FLUXNET2015,-2.6364089415337957
CA-TP4,2008,12,1.13866,0.952957,0.0244479,1.16342,2008-12-01,FLUXNET2015,-3.965420684583383
CA-TP4,2009,1,0.637361,0.730511,0.403251,1.04056,2009-01-01,FLUXNET2015,-3.600987227632971
CA-TP4,2009,2,0.860281,0.988095,-0.161919,0.693295,2009-02-01,FLUXNET2015,-4.180526870682559
CA-TP4,2009,3,0.642111,0.97379,0.274473,0.918908,2009-03-01,FLUXNET2015,-3.758504513732146
CA-TP4,2009,4,-0.657375,0.996528,3.09291,2.42893,2009-04-01,FLUXNET2015,-0.954437156781734
CA-TP4,2009,5,-2.2721,0.967742,8.62046,6.3267,2009-05-01,FLUXNET2015,4.558743200168678
CA-TP4,2009,6,-1.13975,0.975,11.2677,10.1277,2009-06-01,FLUXNET2015,7.191613557119091
CA-TP4,2009,7,-0.653502,0.96371,10.0459,9.61259,2009-07-01,FLUXNET2015,5.955443914069502
CA-TP4,2009,8,0.0730041,0.950269,6.92098,6.96414,2009-08-01,FLUXNET2015,2.816154271019916
CA-TP4,2009,9,-0.421264,0.953472,7.03085,6.50836,2009-09-01,FLUXNET2015,2.9116546279703277
CA-TP4,2009,10,-0.128757,0.979839,3.29179,3.18386,2009-10-01,FLUXNET2015,-0.8417750150792596
CA-TP4,2009,11,0.153677,0.991667,1.83591,1.99984,2009-11-01,FLUXNET2015,-2.3120246581288475
CA-TP4,2009,12,0.719827,0.995968,0.0645902,0.783756,2009-12-01,FLUXNET2015,-4.097714101178435
CA-TP4,2010,1,0.70907,0.993952,-0.0514113,0.657538,2010-01-01,FLUXNET2015,-4.228085244228023
CA-TP4,2010,2,0.731098,0.979911,-0.0390993,0.688659,2010-02-01,FLUXNET2015,-4.23014288727761
CA-TP4,2010,3,0.516359,0.988575,1.00286,1.5215,2010-03-01,FLUXNET2015,-3.202553230327198
CA-TP4,2010,4,-1.16446,0.9875,4.71536,3.54927,2010-04-01,FLUXNET2015,0.4955771266232144
CA-TP4,2010,5,-1.59368,0.929435,6.89815,5.32241,2010-05-01,FLUXNET2015,2.6639974835736266
CA-TP4,2010,6,-1.4814,0.980556,10.4334,8.97628,2010-06-01,FLUXNET2015,6.18487784052404
CA-TP4,2010,7,-0.00929312,0.916667,10.1201,10.092,2010-07-01,FLUXNET2015,5.857208197474453
CA-TP4,2010,8,0.173724,0.956989,10.2757,10.4589,2010-08-01,FLUXNET2015,5.9984385544248635
CA-TP4,2010,9,-0.412779,0.975694,6.85815,6.43909,2010-09-01,FLUXNET2015,2.566518911375276
CA-TP4,2010,10,1.07382,0.976478,4.10284,5.15341,2010-10-01,FLUXNET2015,-0.20316073167431253
CA-TP4,2010,11,0.496885,0.983333,2.07549,2.57062,2010-11-01,FLUXNET2015,-2.2448803747239
CA-TP4,2010,12,1.20002,0.989919,-0.0153335,1.18576,2010-12-01,FLUXNET2015,-4.350073517773488
CA-TP4,2011,1,0.778869,0.985887,-0.138112,0.639979,2011-01-01,FLUXNET2015,-4.487221660823074
CA-TP4,2011,2,0.986104,0.977679,-0.102048,0.883207,2011-02-01,FLUXNET2015,-4.465527303872662
CA-TP4,2011,3,0.841036,0.971774,0.288942,1.12992,2011-03-01,FLUXNET2015,-4.0889069469222505
CA-TP4,2011,4,-0.467867,0.988194,2.54133,2.07615,2011-04-01,FLUXNET2015,-1.8508885899718384
CA-TP4,2011,5,-2.06593,0.961022,6.41667,4.34641,2011-05-01,FLUXNET2015,2.0100817669785744
CA-TP4,2011,6,-3.15623,0.963889,12.1955,9.0552,2011-06-01,FLUXNET2015,7.7745421239289865
CA-TP4,2011,7,-0.605262,0.923387,8.44131,7.83504,2011-07-01,FLUXNET2015,4.005982480879398
CA-TP4,2011,8,-1.90755,0.928763,8.64589,6.68115,2011-08-01,FLUXNET2015,4.196192837829811
CA-TP4,2011,9,-1.10901,0.970833,7.1883,6.12941,2011-09-01,FLUXNET2015,2.7242331947802234
CA-TP4,2011,10,-1.05076,0.981183,3.50771,2.46888,2011-10-01,FLUXNET2015,-0.9707264482693644
CA-TP4,2011,11,-0.0972979,0.995139,2.10005,1.99425,2011-11-01,FLUXNET2015,-2.392756091318952
CA-TP4,2011,12,0.687373,0.997312,0.319331,0.997876,2011-12-01,FLUXNET2015,-4.187844734368539
CA-TP4,2012,1,0.772751,0.99328,0.0662785,0.839772,2012-01-01,FLUXNET2015,-4.455266877418127
CA-TP4,2012,2,0.736846,0.989943,0.150037,0.884867,2012-02-01,FLUXNET2015,-4.385878020467715
CA-TP4,2012,3,0.305312,0.968414,1.64574,1.9565,2012-03-01,FLUXNET2015,-2.9045446635173024
CA-TP4,2012,4,-1.27983,0.985417,3.40984,2.13805,2012-04-01,FLUXNET2015,-1.1548143065668903
CA-TP4,2012,5,-1.42932,0.950269,7.29309,5.89057,2012-05-01,FLUXNET2015,2.714066050383522
CA-TP4,2012,6,-1.72124,0.963889,7.94756,6.23572,2012-06-01,FLUXNET2015,3.3541664073339343
CA-TP4,2012,7,-0.592936,0.934812,6.61496,6.08903,2012-07-01,FLUXNET2015,2.0071967642843465
CA-TP4,2012,8,-0.237524,0.927419,7.87513,7.68879,2012-08-01,FLUXNET2015,3.2529971212347593
CA-TP4,2012,9,0.434391,0.90625,6.30531,6.75228,2012-09-01,FLUXNET2015,1.6688074781851716
CA-TP4,2012,10,0.843491,0.984543,3.17345,4.0218,2012-10-01,FLUXNET2015,-1.4774221648644166
CA-TP4,2012,11,0.702004,0.965972,1.30172,2.00317,2012-11-01,FLUXNET2015,-3.363521807914004
CA-TP4,2012,12,0.940732,0.998656,0.405039,1.34645,2012-12-01,FLUXNET2015,-4.274572450963591
CA-TP4,2013,1,0.61264,0.986559,0.0162626,0.634278,2013-01-01,FLUXNET2015,-4.677718494013179
CA-TP4,2013,2,0.546911,0.232143,0.0589814,0.606692,2013-02-01,FLUXNET2015,-4.649369337062767
CA-TP4,2013,3,0.732432,0.765457,0.24905,0.983108,2013-03-01,FLUXNET2015,-4.473670380112356
CA-TP4,2013,4,0.00520874,0.975,2.29754,2.29978,2013-04-01,FLUXNET2015,-2.4395500231619427
CA-TP4,2013,5,-1.57136,0.961022,6.08216,4.47819,2013-05-01,FLUXNET2015,1.3307003337884697
CA-TP4,2013,6,-2.3312,0.918056,8.17872,5.86465,2013-06-01,FLUXNET2015,3.4128906907388825
CA-TP4,2013,7,-2.16483,0.948253,11.3218,9.17304,2013-07-01,FLUXNET2015,6.541601047689294
CA-TP4,2013,8,-2.31913,0.850806,9.67778,7.28724,2013-08-01,FLUXNET2015,4.883211404639708
CA-TP4,2013,9,0.111121,0.86875,6.75885,6.8648,2013-09-01,FLUXNET2015,1.9499117615901187
CA-TP4,2013,10,0.342188,0.94086,4.84073,5.1808,2013-10-01,FLUXNET2015,0.017422118540530995
CA-TP4,2013,11,0.99075,0.925,1.48011,2.47878,2013-11-01,FLUXNET2015,-3.3575675245090566
CA-TP4,2013,12,0.823361,0.982527,0.0960299,0.920321,2013-12-01,FLUXNET2015,-4.756017267558644
CA-TP4,2014,1,0.68397,0.986559,-0.113346,0.565584,2014-01-01,FLUXNET2015,-4.979762810608232
CA-TP4,2014,2,0.583432,0.951637,-0.0505638,0.521273,2014-02-01,FLUXNET2015,-4.931350253657818
CA-TP4,2014,3,0.902388,0.905242,-0.0365843,0.851584,2014-03-01,FLUXNET2015,-4.931740396707406
CA-TP4,2014,4,-0.382925,0.98125,2.28583,1.90615,2014-04-01,FLUXNET2015,-2.623695739756995
CA-TP4,2014,5,-2.50171,0.928091,6.73736,4.23484,2014-05-01,FLUXNET2015,1.8134646171934174
CA-TP4,2014,6,-1.73347,0.897222,13.1421,11.3107,2014-06-01,FLUXNET2015,8.203834974143831
CA-TP4,2014,7,-1.78305,0.924059,12.0421,10.1301,2014-07-01,FLUXNET2015,7.089465331094241
CA-TP4,2014,8,-1.87615,0.868952,11.3802,9.38211,2014-08-01,FLUXNET2015,6.413195688044656
CA-TP4,2014,9,-0.66951,0.940972,7.92141,7.22156,2014-09-01,FLUXNET2015,2.940036044995067
CA-TP4,2014,10,1.2416,0.961694,4.84873,6.06065,2014-10-01,FLUXNET2015,-0.1470135980545212
CA-TP4,2014,11,0.978189,0.988194,1.48931,2.45639,2014-11-01,FLUXNET2015,-3.520803241104109
CA-TP4,2014,12,1.26327,0.673387,0.515915,1.77567,2014-12-01,FLUXNET2015,-4.508567884153697
DE-Hai,2000,1,1.17191,0.938172,0.0783656,1.24575,2000-01-01,FLUXNET2015,-4.647713534269964
DE-Hai,2000,2,1.29996,0.979885,0.105299,1.40104,2000-02-01,FLUXNET2015,-4.6175169479940195
DE-Hai,2000,3,1.45636,0.97379,0.178452,1.6659,2000-03-01,FLUXNET2015,-4.541100761718084
DE-Hai,2000,4,1.41786,0.910417,2.31341,3.93892,2000-04-01,FLUXNET2015,-2.402879575442144
DE-Hai,2000,5,-4.90696,0.877688,9.98355,5.04605,2000-05-01,FLUXNET2015,5.270523610833796
DE-Hai,2000,6,-8.12293,0.815972,12.886,5.86038,2000-06-01,FLUXNET2015,8.176236797109734
DE-Hai,2000,7,-7.23609,0.97379,11.5425,4.3808,2000-07-01,FLUXNET2015,6.835999983385676
DE-Hai,2000,8,-7.14308,0.677419,12.7583,5.67906,2000-08-01,FLUXNET2015,8.055063169661617
DE-Hai,2000,9,-3.90133,0.954167,7.66571,3.7105,2000-09-01,FLUXNET2015,2.9657363559375556
DE-Hai,2000,10,1.0375,0.97043,2.1826,3.29603,2000-10-01,FLUXNET2015,-2.5141104577865048
DE-Hai,2000,11,2.19511,0.986111,0.116823,2.28588,2000-11-01,FLUXNET2015,-4.576624271510564
DE-Hai,2000,12,2.02863,0.997312,-0.013389,2.01312,2000-12-01,FLUXNET2015,-4.703573085234624
DE-Hai,2001,1,0.848038,0.936156,-0.218871,0.666812,2001-01-01,FLUXNET2015,-4.905791898958684
DE-Hai,2001,2,1.38186,0.983631,-0.0250949,1.4103,2001-02-01,FLUXNET2015,-4.708752612682744
DE-Hai,2001,3,1.23911,0.868952,0.24868,1.50352,2001-03-01,FLUXNET2015,-4.431714526406804
DE-Hai,2001,4,1.06951,0.811806,1.484,2.53809,2001-04-01,FLUXNET2015,-3.1931313401308645
DE-Hai,2001,5,-2.40847,0.953629,7.86459,5.57494,2001-05-01,FLUXNET2015,3.1907218461450753
DE-Hai,2001,6,-7.44967,0.905556,11.9883,4.3873,2001-06-01,FLUXNET2015,7.3176950324210175
DE-Hai,2001,7,-8.50836,0.866935,13.8171,5.05118,2001-07-01,FLUXNET2015,9.149758218696956
DE-Hai,2001,8,-7.67704,0.736559,12.3387,3.9018,2001-08-01,FLUXNET2015,7.674621404972896
DE-Hai,2001,9,-3.45796,0.986806,6.31297,2.85727,2001-09-01,FLUXNET2015,1.6521545912488356
DE-Hai,2001,10,0.47757,0.956989,1.56666,2.23661,2001-10-01,FLUXNET2015,-3.0908922224752247
DE-Hai,2001,11,2.12138,0.963194,0.0530209,2.17424,2001-11-01,FLUXNET2015,-4.601268136199284
DE-Hai,2001,12,1.37012,0.967742,0.102447,1.4685,2001-12-01,FLUXNET2015,-4.548578849923344
DE-Hai,2002,1,1.17008,0.622312,-0.262568,0.913077,2002-01-01,FLUXNET2015,-4.910330663647405
DE-Hai,2002,2,1.35406,0.994792,0.0783016,1.4448,2002-02-01,FLUXNET2015,-4.566197877371464
DE-Hai,2002,3,1.39939,0.957661,0.0633311,1.6444,2002-03-01,FLUXNET2015,-4.577905191095524
DE-Hai,2002,4,1.1758,0.948611,1.50944,2.74525,2002-04-01,FLUXNET2015,-3.128533104819585
DE-Hai,2002,5,-1.76622,0.97379,7.77387,6.03589,2002-05-01,FLUXNET2015,3.139160081456355
DE-Hai,2002,6,-7.55042,0.833333,12.6128,5.30206,2002-06-01,FLUXNET2015,7.981353267732297
DE-Hai,2002,7,-7.7674,0.956317,12.4454,4.57905,2002-07-01,FLUXNET2015,7.817216454008236
DE-Hai,2002,8,-7.57013,0.844758,12.5331,4.8683,2002-08-01,FLUXNET2015,7.908179640284175
DE-Hai,2002,9,-4.97078,0.927778,8.31936,3.13672,2002-09-01,FLUXNET2015,3.6977028265601155
DE-Hai,2002,10,-0.0483836,0.987231,2.46206,2.42192,2002-10-01,FLUXNET2015,-2.1563339871639444
DE-Hai,2002,11,2.36839,0.947917,-0.0273958,2.3933,2002-11-01,FLUXNET2015,-4.642526600888004
DE-Hai,2002,12,1.46203,0.928091,-0.162758,1.2868,2002-12-01,FLUXNET2015,-4.774625614612065
DE-Hai,2003,1,1.38724,0.976478,-0.098326,1.26285,2003-01-01,FLUXNET2015,-4.706930428336124
DE-Hai,2003,2,1.0178,0.936012,0.0769059,1.07928,2003-02-01,FLUXNET2015,-4.528435342060185
DE-Hai,2003,3,1.69219,0.944892,0.0529549,1.76033,2003-03-01,FLUXNET2015,-4.549123155784245
DE-Hai,2003,4,1.28823,0.96875,1.43821,2.73816,2003-04-01,FLUXNET2015,-3.160604869508305
DE-Hai,2003,5,-3.59314,0.927419,8.98271,5.3715,2003-05-01,FLUXNET2015,4.3871583167676365
DE-Hai,2003,6,-9.4318,0.859028,14.7748,5.36438,2003-06-01,FLUXNET2015,10.182511503043576
DE-Hai,2003,7,-7.87591,0.880376,12.564,4.81928,2003-07-01,FLUXNET2015,7.974974689319517
DE-Hai,2003,8,-2.91206,0.797715,6.25232,3.38959,2003-08-01,FLUXNET2015,1.6665578755954553
DE-Hai,2003,9,-3.63236,0.873611,6.42417,2.90414,2003-09-01,FLUXNET2015,1.8416710618713954
DE-Hai,2003,10,-0.516214,0.950269,2.32991,1.8213,2003-10-01,FLUXNET2015,-2.249325751852665
DE-Hai,2003,11,2.21645,0.972222,0.151505,2.41489,2003-11-01,FLUXNET2015,-4.424467565576724
DE-Hai,2003,12,1.71929,0.924059,-0.0250555,1.67792,2003-12-01,FLUXNET2015,-4.597764879300784
DE-Hai,2004,1,1.22184,0.981855,0.0115981,1.25134,2004-01-01,FLUXNET2015,-4.557848093024845
DE-Hai,2004,2,1.30853,0.987787,0.0642973,1.40376,2004-02-01,FLUXNET2015,-4.501885706748904
DE-Hai,2004,3,1.58732,0.959677,0.0750709,1.68671,2004-03-01,FLUXNET2015,-4.487848920472964
DE-Hai,2004,4,1.70561,0.947917,1.82313,3.58026,2004-04-01,FLUXNET2015,-2.736526634197025
DE-Hai,2004,5,-2.16558,0.96707,6.91381,4.7872,2004-05-01,FLUXNET2015,2.3574165520789148
DE-Hai,2004,6,-6.38684,0.9625,11.6488,5.31238,2004-06-01,FLUXNET2015,7.0956697383548555
DE-Hai,2004,7,-6.56276,0.940188,11.3903,4.75914,2004-07-01,FLUXNET2015,6.840432924630795
DE-Hai,2004,8,-5.47022,0.88172,10.108,4.66564,2004-08-01,FLUXNET2015,5.561396110906736
DE-Hai,2004,9,-3.77973,0.961806,6.69785,2.97189,2004-09-01,FLUXNET2015,2.154509297182675
DE-Hai,2004,10,0.415603,0.985887,2.14771,2.62552,2004-10-01,FLUXNET2015,-2.392367516541385
DE-Hai,2004,11,2.06287,0.99375,0.0638558,2.14542,2004-11-01,FLUXNET2015,-4.472958530265444
DE-Hai,2004,12,2.4996,0.983871,-0.0590258,2.32293,2004-12-01,FLUXNET2015,-4.5925769439895046
DE-Hai,2005,1,1.31646,0.995296,0.0367426,1.36094,2005-01-01,FLUXNET2015,-4.493545357713565
DE-Hai,2005,2,1.06006,0.980655,-0.054446,0.978527,2005-02-01,FLUXNET2015,-4.581470771437625
DE-Hai,2005,3,1.63161,0.948925,-0.0962454,1.56437,2005-03-01,FLUXNET2015,-4.620006985161684
DE-Hai,2005,4,1.39329,0.908333,1.57251,3.10765,2005-04-01,FLUXNET2015,-2.947988398885745
DE-Hai,2005,5,-1.63928,0.922043,6.00965,4.35873,2005-05-01,FLUXNET2015,1.492414787390195
DE-Hai,2005,6,-7.71167,0.902778,12.1266,5.05076,2005-06-01,FLUXNET2015,7.612627973666135
DE-Hai,2005,7,-8.38011,0.907258,13.1817,4.58092,2005-07-01,FLUXNET2015,8.670991159942075
DE-Hai,2005,8,-7.12521,0.950269,10.9901,4.03026,2005-08-01,FLUXNET2015,6.482654346218015
DE-Hai,2005,9,-5.36417,0.751389,9.32911,3.56344,2005-09-01,FLUXNET2015,4.824927532493955
DE-Hai,2005,10,-1.07434,0.953629,4.20547,2.83328,2005-10-01,FLUXNET2015,-0.295449281230105
DE-Hai,2005,11,2.27025,0.985417,0.052258400000000003,2.30313,2005-11-01,FLUXNET2015,-4.445397694954164
DE-Hai,2005,12,1.36566,0.984543,0.0492231,1.42125,2005-12-01,FLUXNET2015,-4.445169808678225
DE-Hai,2006,1,1.48918,0.952285,0.00117694,1.35512,2006-01-01,FLUXNET2015,-4.489952782402286
DE-Hai,2006,2,0.757956,0.891369,0.146721,0.780557,2006-02-01,FLUXNET2015,-4.341145536126344
DE-Hai,2006,3,1.16865,0.977823,0.00318063,1.19816,2006-03-01,FLUXNET2015,-4.481422719850404
DE-Hai,2006,4,2.14619,0.929861,0.630316,2.69159,2006-04-01,FLUXNET2015,-3.8510241635744653
DE-Hai,2006,5,-2.56883,0.945565,7.66301,5.25102,2006-05-01,FLUXNET2015,3.1849330227014745
DE-Hai,2006,6,-7.48045,0.832639,12.2627,5.04593,2006-06-01,FLUXNET2015,7.787886208977415
DE-Hai,2006,7,-6.72029,0.788306,12.1088,4.95466,2006-07-01,FLUXNET2015,7.637249395253356
DE-Hai,2006,8,-5.99683,0.979167,9.95522,4.04219,2006-08-01,FLUXNET2015,5.486932581529296
DE-Hai,2006,9,-5.05236,0.797917,8.48742,3.53223,2006-09-01,FLUXNET2015,4.022395767805236
DE-Hai,2006,10,-0.35685,0.977823,3.30275,2.97947,2006-10-01,FLUXNET2015,-1.1590110459188252
DE-Hai,2006,11,2.37421,0.985417,0.0757378,2.47012,2006-11-01,FLUXNET2015,-4.3827600596428855
DE-Hai,2006,12,1.83988,0.991935,0.0626582,1.95013,2006-12-01,FLUXNET2015,-4.392576473366945
DE-Hai,2007,1,1.29607,0.993952,0.089395,1.37434,2007-01-01,FLUXNET2015,-4.362576487091005
DE-Hai,2007,2,1.2264,0.983631,0.18744,1.47386,2007-02-01,FLUXNET2015,-4.261268300815066
DE-Hai,2007,3,1.42054,0.97043,0.16639,1.63193,2007-03-01,FLUXNET2015,-4.279055114539125
DE-Hai,2007,4,1.45605,0.85625,2.12621,3.55868,2007-04-01,FLUXNET2015,-2.315971928263185
DE-Hai,2007,5,-3.4804,0.922715,7.59165,4.16128,2007-05-01,FLUXNET2015,3.1527312580127544
DE-Hai,2007,6,-7.4717,0.8625,12.5881,4.85797,2007-06-01,FLUXNET2015,8.152444444288696
DE-Hai,2007,7,-6.97338,0.933468,11.1102,4.137,2007-07-01,FLUXNET2015,6.677807630564636
DE-Hai,2007,8,-6.37786,0.840054,9.91474,3.39584,2007-08-01,FLUXNET2015,5.485610816840575
DE-Hai,2007,9,-3.58338,0.986806,6.42282,2.92706,2007-09-01,FLUXNET2015,1.9969540031165143
DE-Hai,2007,10,1.16629,0.9375,1.9472,2.84877,2007-10-01,FLUXNET2015,-2.4754028106075454
DE-Hai,2007,11,1.78312,0.973611,0.0736315,1.87163,2007-11-01,FLUXNET2015,-4.345708124331605
DE-Hai,2007,12,1.47183,0.958333,-0.0440403,1.40992,2007-12-01,FLUXNET2015,-4.460116738055665
DE-Hai,2008,1,1.34423,0.995968,0.0503089,1.38017,2008-01-01,FLUXNET2015,-4.362504351779725
DE-Hai,2008,2,1.57819,0.97342,0.0392654,1.57205,2008-02-01,FLUXNET2015,-4.370284665503785
DE-Hai,2008,3,1.18281,0.995296,0.161965,1.35317,2008-03-01,FLUXNET2015,-4.244321879227845
DE-Hai,2008,4,1.21715,0.963194,1.5723,2.88632,2008-04-01,FLUXNET2015,-2.830723692951905
DE-Hai,2008,5,-2.77857,0.913978,9.02688,6.4815,2008-05-01,FLUXNET2015,4.627119493324035
DE-Hai,2008,6,-8.43727,0.8375,13.6668,5.25958,2008-06-01,FLUXNET2015,9.270302679599974
DE-Hai,2008,7,-7.62061,0.917339,11.4468,4.11594,2008-07-01,FLUXNET2015,7.053565865875915
DE-Hai,2008,8,-5.67679,0.972446,8.93661,3.25769,2008-08-01,FLUXNET2015,4.546639052151854
DE-Hai,2008,9,-3.66436,0.977778,6.82503,2.79928,2008-09-01,FLUXNET2015,2.4383222384277943
DE-Hai,2008,10,1.38609,0.968414,1.41416,2.75194,2008-10-01,FLUXNET2015,-2.9692845752962658
DE-Hai,2008,11,2.21498,0.975,0.133786,2.36,2008-11-01,FLUXNET2015,-4.246395389020326
DE-Hai,2008,12,1.87406,0.971774,0.0495455,1.97069,2008-12-01,FLUXNET2015,-4.327372702744386
DE-Hai,2009,1,1.39175,0.853495,-0.392086,0.949581,2009-01-01,FLUXNET2015,-4.7657410164684455
DE-Hai,2009,2,1.08233,0.93006,0.285564,1.35022,2009-02-01,FLUXNET2015,-4.084827830192506
DE-Hai,2009,3,1.46198,0.995968,0.0595995,1.53882,2009-03-01,FLUXNET2015,-4.307529143916565
DE-Hai,2009,4,1.5464,0.967361,2.80831,4.42157,2009-04-01,FLUXNET2015,-1.5555554576406254
DE-Hai,2009,5,-3.97568,0.956989,9.22157,5.31009,2009-05-01,FLUXNET2015,4.860967728635314
DE-Hai,2009,6,-6.82554,0.951389,11.0595,4.5333,2009-06-01,FLUXNET2015,6.702160914911254
DE-Hai,2009,7,-7.96624,0.935484,12.8525,5.18209,2009-07-01,FLUXNET2015,8.498424101187194
DE-Hai,2009,8,-6.64743,0.795699,10.8795,4.65807,2009-08-01,FLUXNET2015,6.528687287463136
DE-Hai,2009,9,-3.76017,0.971528,6.9658,3.32204,2009-09-01,FLUXNET2015,2.618250473739074
DE-Hai,2009,10,-0.187733,0.997984,2.38616,2.22329,2009-10-01,FLUXNET2015,-1.9581263399849855
DE-Hai,2009,11,2.4207,0.999306,0.0648712,2.49095,2009-11-01,FLUXNET2015,-4.2761519537090456
DE-Hai,2009,12,1.56914,0.872984,-0.0620383,1.39186,2009-12-01,FLUXNET2015,-4.3997982674331055
DE-Hai,2010,1,1.24677,0.250672,0.0570613,1.35322,2010-01-01,FLUXNET2015,-4.277435481157166
DE-Hai,2010,2,1.10322,0.741815,-0.113163,0.991205,2010-02-01,FLUXNET2015,-4.444396594881225
DE-Hai,2010,3,1.16508,0.507392,0.106537,1.28174,2010-03-01,FLUXNET2015,-4.221433408605285
DE-Hai,2010,4,1.15674,0.682639,1.09074,2.28712,2010-04-01,FLUXNET2015,-3.2339672223293454
DE-Hai,2010,5,-0.45008,0.969758,4.6398,4.3782,2010-05-01,FLUXNET2015,0.3183559639465944
DE-Hai,2010,6,-6.436,0.916667,11.4902,4.81412,2010-06-01,FLUXNET2015,7.172019150222534
DE-Hai,2010,7,-7.07298,0.81586,11.4874,4.63899,2010-07-01,FLUXNET2015,7.172482336498474
DE-Hai,2010,8,-5.11621,0.935484,8.44394,3.0113,2010-08-01,FLUXNET2015,4.132285522774414
DE-Hai,2010,9,-3.82235,0.95625,6.83082,2.99759,2010-09-01,FLUXNET2015,2.522428709050354
DE-Hai,2010,10,-0.0115142,0.856855,2.70509,2.59352,2010-10-01,FLUXNET2015,-1.6000381046737053
DE-Hai,2010,11,2.07008,0.944444,0.150464,2.23302,2010-11-01,FLUXNET2015,-4.151400918397766
DE-Hai,2010,12,1.04929,0.732527,-0.261318,0.826383,2010-12-01,FLUXNET2015,-4.559919732121825
DE-Hai,2011,1,1.49804,0.890457,-0.160827,1.45751,2011-01-01,FLUXNET2015,-4.456165545845885
DE-Hai,2011,2,1.23896,0.963542,-0.175397,1.08322,2011-02-01,FLUXNET2015,-4.467472359569946
DE-Hai,2011,3,1.72812,0.964382,-0.0334243,1.68745,2011-03-01,FLUXNET2015,-4.322236473294006
DE-Hai,2011,4,1.36104,0.982639,2.39174,3.73197,2011-04-01,FLUXNET2015,-1.8938089870180659
DE-Hai,2011,5,-4.13329,0.956317,8.57031,4.54211,2011-05-01,FLUXNET2015,4.288024199257873
DE-Hai,2011,6,-7.02545,0.851389,11.2051,4.29126,2011-06-01,FLUXNET2015,6.926077385533815
DE-Hai,2011,7,-6.15305,0.958333,10.0067,3.73597,2011-07-01,FLUXNET2015,5.730940571809755
DE-Hai,2011,8,-4.79142,0.616263,8.91617,3.89984,2011-08-01,FLUXNET2015,4.6436737580856935
DE-Hai,2011,9,-3.11858,0.939583,6.73892,3.5752100000000002,2011-09-01,FLUXNET2015,2.469686944361634
DE-Hai,2011,10,0.173076,0.991935,2.28625,2.49087,2011-10-01,FLUXNET2015,-1.9797198693624258
DE-Hai,2011,11,2.2025,0.852778,0.165321,2.39439,2011-11-01,FLUXNET2015,-4.097385683086486
DE-Hai,2011,12,1.51955,1,0.089696,1.60318,2011-12-01,FLUXNET2015,-4.169747496810546
DE-Hai,2012,1,1.20683,0.954973,0.0273303,1.26036,2012-01-01,FLUXNET2015,-4.228850010534606
DE-Hai,2012,2,1.08439,0.971264,-0.0452262,1.03844,2012-02-01,FLUXNET2015,-4.298143324258666
DE-Hai,2012,3,2.08418,0.989919,-0.112216,1.97382,2012-03-01,FLUXNET2015,-4.361869937982727
DE-Hai,2012,4,1.34208,0.960417,1.44426,2.76813,2012-04-01,FLUXNET2015,-2.802130751706786
DE-Hai,2012,5,-2.62788,0.915323,7.36621,4.75741,2012-05-01,FLUXNET2015,3.1230824345691537
DE-Hai,2012,6,-6.70284,0.943056,10.7911,3.96584,2012-06-01,FLUXNET2015,6.551235620845095
DE-Hai,2012,7,-7.44875,0.870968,11.1583,3.81656,2012-07-01,FLUXNET2015,6.921698807121035
DE-Hai,2012,8,-6.50443,0.825941,10.0914,3.84074,2012-08-01,FLUXNET2015,5.858061993396974
DE-Hai,2012,9,-4.72823,0.8875,7.36323,3.10625,2012-09-01,FLUXNET2015,3.133155179672914
DE-Hai,2012,10,0.369896,0.99328,2.49801,2.93076,2012-10-01,FLUXNET2015,-1.728801634051146
DE-Hai,2012,11,2.79681,0.972222,0.280147,3.08536,2012-11-01,FLUXNET2015,-3.9434014477752064
DE-Hai,2012,12,1.6977,0.987231,0.112383,1.81069,2012-12-01,FLUXNET2015,-4.107902261499266
DE-Tha,1996,1,0.34883747368421053,0,0.6831690526315789,1.0299654736842105,1996-01-01,FLUXNET2015,-3.9880092917443766
DE-Tha,1996,2,-0.0015642857894736797,0,1.124662052631579,1.1183325263157895,1996-02-01,FLUXNET2015,-3.552631859370999
DE-Tha,1996,3,-1.0874924736842104,0,2.914605052631579,1.7989334736842104,1996-03-01,FLUXNET2015,-1.768804426997624
DE-Tha,1996,4,-2.7649015789473683,0,6.23562,3.4049584736842107,1996-04-01,FLUXNET2015,1.5460949527441699
DE-Tha,1996,5,-3.4616394736842104,0,9.094767894736842,5.560718842105263,1996-05-01,FLUXNET2015,4.399127279854385
DE-Tha,1996,6,-3.1349,0.0659722,4.005,0.864821,1996-06-01,FLUXNET2015,-0.6967561825090842
DE-Tha,1996,7,-2.80262,0.952285,5.31829,2.32948,1996-07-01,FLUXNET2015,0.6104182498642892
DE-Tha,1996,8,-3.70699,0.849462,7.3047,3.26847,1996-08-01,FLUXNET2015,2.5907126822376623
DE-Tha,1996,9,-1.41626,0.435417,4.18451,2.91358,1996-09-01,FLUXNET2015,-0.5355928853889647
DE-Tha,1996,10,-0.839546,0.99328,3.27066,2.44542,1996-10-01,FLUXNET2015,-1.455558453015592
DE-Tha,1996,11,-0.0267197,0.965972,1.18703,1.09604,1996-11-01,FLUXNET2015,-3.5453040206422193
DE-Tha,1996,12,0.6745,0.989247,0.028562,0.701099,1996-12-01,FLUXNET2015,-4.709887588268846
DE-Tha,1997,1,1.01467,0.964382,0.0189764,0.884605,1997-01-01,FLUXNET2015,-4.725588755895474
DE-Tha,1997,2,-0.0626439,0.887649,1.19848,1.13601,1997-02-01,FLUXNET2015,-3.5522007235221
DE-Tha,1997,3,-1.42832,0.991263,3.07298,1.67227,1997-03-01,FLUXNET2015,-1.6838162911487269
DE-Tha,1997,4,-1.9911,0.995833,4.13623,2.12741,1997-04-01,FLUXNET2015,-0.6266818587753537
DE-Tha,1997,5,-3.81416,0.986559,8.5097,4.63071,1997-05-01,FLUXNET2015,3.740672573598019
DE-Tha,1997,6,-5.9629,0.575,11.3865,5.4342,1997-06-01,FLUXNET2015,6.611357005971392
DE-Tha,1997,7,-2.91743,0.959005,11.127,8.32581,1997-07-01,FLUXNET2015,6.345741438344765
DE-Tha,1997,8,-3.0364,0.747312,9.17501,6.12688,1997-08-01,FLUXNET2015,4.387635870718138
DE-Tha,1997,9,-2.38545,0.983333,6.65309,3.9987,1997-09-01,FLUXNET2015,1.8596003030915111
DE-Tha,1997,10,-0.89007,0.990591,3.72007,2.84257,1997-10-01,FLUXNET2015,-1.0795352645351155
DE-Tha,1997,11,0.269233,0.988889,1.36639,1.68635,1997-11-01,FLUXNET2015,-3.4393308321617426
DE-Tha,1997,12,0.557728,0.994624,0.549256,1.07674,1997-12-01,FLUXNET2015,-4.26258039978837
DE-Tha,1998,1,0.314356,0.955645,0.728835,1.05209,1998-01-01,FLUXNET2015,-4.089116967414997
DE-Tha,1998,2,0.122191,0.999256,1.40704,1.49344,1998-02-01,FLUXNET2015,-3.4170275350416235
DE-Tha,1998,3,-0.820789,0.971102,2.7269,1.89492,1998-03-01,FLUXNET2015,-2.1032831026682506
DE-Tha,1998,4,-3.22831,0.997222,6.33638,3.08179,1998-04-01,FLUXNET2015,1.5000813297051225
DE-Tha,1998,5,-3.84415,0.952957,8.88498,5.19517,1998-05-01,FLUXNET2015,4.042565762078495
DE-Tha,1998,6,-3.69686,0.963889,10.2041,6.6043,1998-06-01,FLUXNET2015,5.355570194451869
DE-Tha,1998,7,-4.05757,0.989919,9.95629,5.93083,1998-07-01,FLUXNET2015,5.10164462682524
DE-Tha,1998,8,-3.60643,0.655242,8.48286,4.87549,1998-08-01,FLUXNET2015,3.622099059198615
DE-Tha,1998,9,-2.202,0.998611,7.05611,4.7927,1998-09-01,FLUXNET2015,2.1892334915719873
DE-Tha,1998,10,-0.753921,0.997312,3.64028,2.87712,1998-10-01,FLUXNET2015,-1.2327120760546395
DE-Tha,1998,11,0.289503,0.989583,1.17834,1.44978,1998-11-01,FLUXNET2015,-3.700767643681267
DE-Tha,1998,12,0.49370000000000003,0.974462,0.464207,0.955156,1998-12-01,FLUXNET2015,-4.421016211307894
DE-Tha,1999,1,0.125851,0.983871,0.96918,1.13153,1999-01-01,FLUXNET2015,-3.922158778934521
DE-Tha,1999,2,0.354063,0.994792,0.410418,0.776919,1999-02-01,FLUXNET2015,-4.487036346561148
DE-Tha,1999,3,-1.54906,0.950941,3.50394,1.82907,1999-03-01,FLUXNET2015,-1.3996299141877746
DE-Tha,1999,4,-2.87366,0.98125,6.52364,3.57569,1999-04-01,FLUXNET2015,1.6139545181855988
DE-Tha,1999,5,-4.32984,0.983871,11.3715,7.01361,1999-05-01,FLUXNET2015,6.45569895055897
DE-Tha,1999,6,-5.418,0.981944,10.992,5.54413,1999-06-01,FLUXNET2015,6.070083382932345
DE-Tha,1999,7,-4.58185,0.920027,11.84,6.7198,1999-07-01,FLUXNET2015,6.911967815305717
DE-Tha,1999,8,-3.82908,0.96707,10.1627,6.17596,1999-08-01,FLUXNET2015,5.228552247679089
DE-Tha,1999,9,-2.05985,0.975,7.22612,5.14148,1999-09-01,FLUXNET2015,2.285856680052463
DE-Tha,1999,10,-1.24406,0.986559,4.40733,3.18999,1999-10-01,FLUXNET2015,-0.5390488875741635
DE-Tha,1999,11,0.421937,0.992361,1.25872,1.69174,1999-11-01,FLUXNET2015,-3.6937744552007903
DE-Tha,1999,12,0.255851,1,0.738252,0.999375,1999-12-01,FLUXNET2015,-4.220358022827417
DE-Tha,2000,1,0.588479,1,0.277954,0.919919,2000-01-01,FLUXNET2015,-4.686771590454044
DE-Tha,2000,2,-0.0451497,0.998563,1.32904,1.2672,2000-02-01,FLUXNET2015,-3.6418011580806713
DE-Tha,2000,3,-0.787242,0.975134,2.92693,2.09587,2000-03-01,FLUXNET2015,-2.0500267257072986
DE-Tha,2000,4,-3.10149,0.964583,7.50977,4.32843,2000-04-01,FLUXNET2015,2.5266977066660736
DE-Tha,2000,5,-3.97209,0.922043,10.5369,6.44955,2000-05-01,FLUXNET2015,5.547712139039447
DE-Tha,2000,6,-4.49403,0.964583,10.728,6.35343,2000-06-01,FLUXNET2015,5.73269657141282
DE-Tha,2000,7,-4.51679,0.979839,10.6386,6.23142,2000-07-01,FLUXNET2015,5.637181003786194
DE-Tha,2000,8,-2.30575,0.969758,8.53851,6.16315,2000-08-01,FLUXNET2015,3.530975436159567
DE-Tha,2000,9,-3.09024,0.977083,7.80686,4.66479,2000-09-01,FLUXNET2015,2.79320986853294
DE-Tha,2000,10,-0.554978,0.976478,4.37773,3.77869,2000-10-01,FLUXNET2015,-0.6420356990936877
DE-Tha,2000,11,-0.44162,0.995833,2.3407,1.81402,2000-11-01,FLUXNET2015,-2.6851812667203148
DE-Tha,2000,12,0.394818,0.971774,1.03425,1.35147,2000-12-01,FLUXNET2015,-3.9977468343469416
DE-Tha,2001,1,0.358554,0.992608,0.439438,0.833982,2001-01-01,FLUXNET2015,-4.598674401973568
DE-Tha,2001,2,0.0902993,0.987351,0.826167,0.946801,2001-02-01,FLUXNET2015,-4.218060969600195
DE-Tha,2001,3,-0.509666,0.997984,1.69513,1.18885,2001-03-01,FLUXNET2015,-3.3552135372268226
DE-Tha,2001,4,-2.71456,0.991667,5.15359,2.4561,2001-04-01,FLUXNET2015,0.09713089514655104
DE-Tha,2001,5,-3.15024,0.96707,7.93609,4.81007,2001-05-01,FLUXNET2015,2.873515327519924
DE-Tha,2001,6,-4.62439,0.961111,10.3384,5.79671,2001-06-01,FLUXNET2015,5.2697097598932965
DE-Tha,2001,7,-3.40763,0.977151,9.75763,6.24016,2001-07-01,FLUXNET2015,4.68282419226667
DE-Tha,2001,8,-2.82625,0.862903,8.1302,5.39612,2001-08-01,FLUXNET2015,3.049278624640043
DE-Tha,2001,9,-1.96779,0.999306,5.1792,3.26144,2001-09-01,FLUXNET2015,0.0921630570134156
DE-Tha,2001,10,-1.83227,0.975134,4.68252,2.99421,2001-10-01,FLUXNET2015,-0.410632510613211
DE-Tha,2001,11,0.0745116,0.998611,1.54855,1.60236,2001-11-01,FLUXNET2015,-3.550718078239838
DE-Tha,2001,12,0.575985,0.975806,0.253026,0.814796,2001-12-01,FLUXNET2015,-4.852357645866465
DE-Tha,2002,1,0.484595,0.969086,0.735579,1.19061,2002-01-01,FLUXNET2015,-4.375920213493092
DE-Tha,2002,2,-0.808225,0.994792,2.06243,1.23732,2002-02-01,FLUXNET2015,-3.0551847811197193
DE-Tha,2002,3,-1.65313,0.994624,3.22764,1.58466,2002-03-01,FLUXNET2015,-1.896090348746346
DE-Tha,2002,4,-2.95822,0.992361,5.67913,2.78099,2002-04-01,FLUXNET2015,0.5492840836270267
DE-Tha,2002,5,-2.78069,0.987231,8.08973,5.16622,2002-05-01,FLUXNET2015,2.953768516000399
DE-Tha,2002,6,-4.69585,0.765972,10.0049,5.32991,2002-06-01,FLUXNET2015,4.862822948373772
DE-Tha,2002,7,-3.50586,0.583333,10.2067,6.82803,2002-07-01,FLUXNET2015,5.0585073807471455
DE-Tha,2002,8,-3.0937,0.888441,9.78029,6.75516,2002-08-01,FLUXNET2015,4.62598181312052
DE-Tha,2002,9,-1.97594,0.992361,6.56304,4.62957,2002-09-01,FLUXNET2015,1.402616245493892
DE-Tha,2002,10,-0.929928,1,3.45293,2.52197,2002-10-01,FLUXNET2015,-1.7136093221327353
DE-Tha,2002,11,0.0856048,0.985417,1.35307,1.38629,2002-11-01,FLUXNET2015,-3.8195848897593625
DE-Tha,2002,12,0.600807,0.987231,0.275569,0.856933,2002-12-01,FLUXNET2015,-4.903201457385989
DE-Tha,2003,1,0.452442,0.99328,0.326873,0.803333,2003-01-01,FLUXNET2015,-4.858013025012617
DE-Tha,2003,2,0.37622,0.9375,0.389206,0.747413,2003-02-01,FLUXNET2015,-4.801795592639243
DE-Tha,2003,3,-1.20336,0.897849,3.14483,1.75807,2003-03-01,FLUXNET2015,-2.05228716026587
DE-Tha,2003,4,-2.25587,0.941667,5.09533,2.67933,2003-04-01,FLUXNET2015,-0.1079027278924973
DE-Tha,2003,5,-3.84483,0.994624,10.0976,5.68878,2003-05-01,FLUXNET2015,4.888251704480876
DE-Tha,2003,6,-3.22787,0.974306,10.3669,6.4899,2003-06-01,FLUXNET2015,5.151436136854247
DE-Tha,2003,7,-1.74609,0.967742,8.53257,6.58325,2003-07-01,FLUXNET2015,3.310990569227622
DE-Tha,2003,8,-1.17609,0.870296,5.74494,4.81303,2003-08-01,FLUXNET2015,0.5172450016009946
DE-Tha,2003,9,-1.12992,0.984028,6.09156,4.60423,2003-09-01,FLUXNET2015,0.8577494339743685
DE-Tha,2003,10,-0.758853,0.994624,3.12814,2.37826,2003-10-01,FLUXNET2015,-2.1117861336522585
DE-Tha,2003,11,-0.158957,0.999306,1.80162,1.6753,2003-11-01,FLUXNET2015,-3.4444217012788862
DE-Tha,2003,12,0.471247,0.989247,0.719335,1.2459,2003-12-01,FLUXNET2015,-4.532822268905513
DE-Tha,2004,1,0.666846,0.987903,0.22042900000000001,0.890397,2004-01-01,FLUXNET2015,-5.03784383653214
DE-Tha,2004,2,0.515435,0.991379,0.701976,1.20564,2004-02-01,FLUXNET2015,-4.562412404158767
DE-Tha,2004,3,-0.631029,0.999328,2.37442,1.73208,2004-03-01,FLUXNET2015,-2.8960839717853935
DE-Tha,2004,4,-2.82948,0.995139,6.46986,3.59357,2004-04-01,FLUXNET2015,1.193240460587979
DE-Tha,2004,5,-3.29413,0.986559,8.92118,5.39556,2004-05-01,FLUXNET2015,3.6384448929613513
DE-Tha,2004,6,-3.69971,0.965278,12.2494,8.34759,2004-06-01,FLUXNET2015,6.960549325334725
DE-Tha,2004,7,-3.24483,0.97379,11.0083,7.67498,2004-07-01,FLUXNET2015,5.7133337577080985
DE-Tha,2004,8,-2.48617,0.990591,8.86193,6.27431,2004-08-01,FLUXNET2015,3.56084819008147
DE-Tha,2004,9,-2.17761,0.988194,6.02379,3.86331,2004-09-01,FLUXNET2015,0.7165926224548442
DE-Tha,2004,10,-1.01466,0.995296,4.3135,3.36204,2004-10-01,FLUXNET2015,-0.9998129451717825
DE-Tha,2004,11,0.548747,1,1.38196,1.9405,2004-11-01,FLUXNET2015,-3.93746851279841
DE-Tha,2004,12,0.659593,0.989247,0.565829,1.24108,2004-12-01,FLUXNET2015,-4.759715080425037
DE-Tha,2005,1,0.404991,1,0.626366,1.04271,2005-01-01,FLUXNET2015,-4.705293648051663
DE-Tha,2005,2,0.690918,0.988839,0.25842,0.942455,2005-02-01,FLUXNET2015,-5.079355215678291
DE-Tha,2005,3,-0.485463,0.977823,2.131,1.68927,2005-03-01,FLUXNET2015,-3.212890783304918
DE-Tha,2005,4,-2.97919,0.971528,6.72642,3.63016,2005-04-01,FLUXNET2015,1.3764136490684555
DE-Tha,2005,5,-3.44146,0.93414,10.3189,6.74802,2005-05-01,FLUXNET2015,4.962778081441828
DE-Tha,2005,6,-4.31676,0.935417,11.3462,6.86288,2005-06-01,FLUXNET2015,5.983962513815201
DE-Tha,2005,7,-3.23563,0.967742,11.5742,8.16725,2005-07-01,FLUXNET2015,6.205846946188573
DE-Tha,2005,8,-3.35975,0.953629,9.58405,6.21387,2005-08-01,FLUXNET2015,4.209581378561947
DE-Tha,2005,9,-2.09785,0.801389,7.28428,5.13763,2005-09-01,FLUXNET2015,1.9036958109353204
DE-Tha,2005,10,-1.82157,0.997312,4.83702,3.03625,2005-10-01,FLUXNET2015,-0.5496797566913068
DE-Tha,2005,11,-0.200258,0.996528,1.92949,1.73955,2005-11-01,FLUXNET2015,-3.4633253243179336
DE-Tha,2005,12,0.671583,0.995296,0.45502,1.14494,2005-12-01,FLUXNET2015,-4.943910891944561
DE-Tha,2006,1,0.924112,0.948253,-0.0285902,0.849802,2006-01-01,FLUXNET2015,-5.433636659571188
DE-Tha,2006,2,0.631938,0.993304,0.123444,0.773115,2006-02-01,FLUXNET2015,-5.287718027197815
DE-Tha,2006,3,0.184429,0.999328,0.798757,0.951395,2006-03-01,FLUXNET2015,-4.618520594824441
DE-Tha,2006,4,-2.37058,0.953472,5.75856,3.38404,2006-04-01,FLUXNET2015,0.33516683754893156
DE-Tha,2006,5,-4.00458,0.987903,9.3308,5.24921,2006-05-01,FLUXNET2015,3.9012912699223037
DE-Tha,2006,6,-3.7962,0.909722,10.8531,7.2945,2006-06-01,FLUXNET2015,5.417475702295677
DE-Tha,2006,7,-1.92966,0.928091,9.58588,7.07626,2006-07-01,FLUXNET2015,4.144140134669049
DE-Tha,2006,8,-2.14869,0.982527,8.14037,5.92374,2006-08-01,FLUXNET2015,2.692514567042424
DE-Tha,2006,9,-2.30596,0.971528,7.41951,5.04351,2006-09-01,FLUXNET2015,1.9655389994157961
DE-Tha,2006,10,-1.30372,0.629704,4.1924,2.94015,2006-10-01,FLUXNET2015,-1.2676865682108305
DE-Tha,2006,11,-0.0393489,0.945833,2.10803,2.0794,2006-11-01,FLUXNET2015,-3.358172135837458
DE-Tha,2006,12,0.357479,0.997984,1.26088,1.60167,2006-12-01,FLUXNET2015,-4.211437703464084
DE-Tha,2007,1,0.421266,0.999328,1.0969,1.51336,2007-01-01,FLUXNET2015,-4.381533271090712
DE-Tha,2007,2,-0.00715513,0.99628,1.54037,1.52824,2007-02-01,FLUXNET2015,-3.9441788387173387
DE-Tha,2007,3,-1.75972,0.994624,4.21193,2.46386,2007-03-01,FLUXNET2015,-1.2787344063439656
DE-Tha,2007,4,-3.2888,0.977778,7.23504,3.94918,2007-04-01,FLUXNET2015,1.7382600260294072
DE-Tha,2007,5,-2.82675,0.966398,8.0185,5.12763,2007-05-01,FLUXNET2015,2.51560445840278
DE-Tha,2007,6,-3.45033,0.970833,10.4681,6.90876,2007-06-01,FLUXNET2015,4.959088890776153
DE-Tha,2007,7,-2.80386,0.981183,9.10284,6.3158,2007-07-01,FLUXNET2015,3.587713323149527
DE-Tha,2007,8,-2.29626,0.956989,9.05959,6.69342,2007-08-01,FLUXNET2015,3.5383477555228997
DE-Tha,2007,9,-1.65753,0.99375,5.84747,4.06331,2007-09-01,FLUXNET2015,0.3201121878962731
DE-Tha,2007,10,-0.742572,0.982527,4.21714,3.38689,2007-10-01,FLUXNET2015,-1.3163333797303545
DE-Tha,2007,11,0.381282,0.988194,1.3576,1.7579,2007-11-01,FLUXNET2015,-4.181988947356982
DE-Tha,2007,12,0.494536,0.97379,0.721431,1.20153,2007-12-01,FLUXNET2015,-4.824273514983609
DE-Tha,2008,1,0.405623,1,1.03576,1.44833,2008-01-01,FLUXNET2015,-4.5160600826102355
DE-Tha,2008,2,-0.251754,0.99569,2.06033,1.71395,2008-02-01,FLUXNET2015,-3.497605650236862
DE-Tha,2008,3,-1.29832,0.993952,3.17033,1.84446,2008-03-01,FLUXNET2015,-2.3937212178634892
DE-Tha,2008,4,-2.18275,0.986806,5.85841,3.56486,2008-04-01,FLUXNET2015,0.2882432145098838
DE-Tha,2008,5,-3.37096,0.914651,10.7908,7.46633,2008-05-01,FLUXNET2015,5.214517646883258
DE-Tha,2008,6,-4.85482,0.954861,14.0343,8.70016,2008-06-01,FLUXNET2015,8.45190207925663
DE-Tha,2008,7,-3.04849,0.823253,11.1233,7.8362,2008-07-01,FLUXNET2015,5.534786511630004
DE-Tha,2008,8,-2.79853,0.989919,8.79185,5.89545,2008-08-01,FLUXNET2015,3.1972209440033756
DE-Tha,2008,9,-2.44857,0.974306,6.80686,4.39068,2008-09-01,FLUXNET2015,1.2061153763767494
DE-Tha,2008,10,-0.852734,0.985215,3.23121,2.30634,2008-10-01,FLUXNET2015,-2.3756501912498784
DE-Tha,2008,11,0.0510783,0.977083,1.93759,2.02877,2008-11-01,FLUXNET2015,-3.6753857588765055
DE-Tha,2008,12,0.503191,0.991263,0.669024,1.14322,2008-12-01,FLUXNET2015,-4.950067326503132
DE-Tha,2009,1,0.865406,0.983199,0.295231,1.13814,2009-01-01,FLUXNET2015,-5.329975894129759
DE-Tha,2009,2,0.435387,0.997768,0.554394,1.00331,2009-02-01,FLUXNET2015,-5.076928461756386
DE-Tha,2009,3,-1.00575,0.999328,2.82414,1.78679,2009-03-01,FLUXNET2015,-2.8132980293830134
DE-Tha,2009,4,-2.70219,0.935417,8.63326,5.52748,2009-04-01,FLUXNET2015,2.9897064029903597
DE-Tha,2009,5,-3.78604,0.977823,9.89884,6.08283,2009-05-01,FLUXNET2015,4.249170835363733
DE-Tha,2009,6,-3.97324,0.993056,11.2282,7.16046,2009-06-01,FLUXNET2015,5.572415267737105
DE-Tha,2009,7,-4.25473,0.975806,12.4711,8.14788,2009-07-01,FLUXNET2015,6.809199700110479
DE-Tha,2009,8,-3.62497,0.954973,10.2347,6.56601,2009-08-01,FLUXNET2015,4.566684132483852
DE-Tha,2009,9,-2.65431,0.950694,7.89701,5.35673,2009-09-01,FLUXNET2015,2.2228785648572247
DE-Tha,2009,10,-0.701095,0.985887,3.92598,3.197,2009-10-01,FLUXNET2015,-1.7542670027694018
DE-Tha,2009,11,-0.0088891,1,2.38589,2.30421,2009-11-01,FLUXNET2015,-3.300472570396029
DE-Tha,2009,12,0.565496,0.993952,0.720182,1.38316,2009-12-01,FLUXNET2015,-4.972296138022656
DE-Tha,2010,1,0.75117,0.950941,-0.0377892,0.753294,2010-01-01,FLUXNET2015,-5.736382905649283
DE-Tha,2010,2,0.32375,0.979911,0.720882,1.00324,2010-02-01,FLUXNET2015,-4.983827273275909
DE-Tha,2010,3,-0.852093,0.995296,2.83389,1.96647,2010-03-01,FLUXNET2015,-2.8769348409025373
DE-Tha,2010,4,-3.10862,0.989583,6.50468,3.38749,2010-04-01,FLUXNET2015,0.7877395914708358
DE-Tha,2010,5,-3.15313,0.992608,8.94361,5.68767,2010-05-01,FLUXNET2015,3.2205540238442083
DE-Tha,2010,6,-4.98194,0.945833,13.2825,8.29066,2010-06-01,FLUXNET2015,7.5533284562175815
DE-Tha,2010,7,-3.8224,0.943548,11.8398,7.9189,2010-07-01,FLUXNET2015,6.104512888590955
DE-Tha,2010,8,-3.28188,0.97043,10.2038,6.98489,2010-08-01,FLUXNET2015,4.462397320964327
DE-Tha,2010,9,-2.64242,0.970139,7.42432,4.78023,2010-09-01,FLUXNET2015,1.676801753337701
DE-Tha,2010,10,-2.21922,0.989919,5.24302,2.93471,2010-10-01,FLUXNET2015,-0.5106138142889263
DE-Tha,2010,11,0.587555,0.984722,1.6809,2.24313,2010-11-01,FLUXNET2015,-4.0788493819155525
DE-Tha,2010,12,0.70188,0.924731,-0.0588766,0.683881,2010-12-01,FLUXNET2015,-5.824741549542179
DK-Sor,1996,1,1.2375194736842106,0,0.7079225052631579,1.937146,1996-01-01,FLUXNET2015,-4.059876874776466
DK-Sor,1996,2,0.9886606210526316,0,0.9058700368421052,1.8794757894736842,1996-02-01,FLUXNET2015,-3.8669348183499443
DK-Sor,1996,3,0.9742402631578948,0,1.438101894736842,2.409125263157895,1996-03-01,FLUXNET2015,-3.3397084356075775
DK-Sor,1996,4,0.6725814210526316,0,3.6684747368421053,4.351471052631579,1996-04-01,FLUXNET2015,-1.114341068654685
DK-Sor,1996,5,-3.442445263157895,0,11.038782631578947,7.644974210526316,1996-05-01,FLUXNET2015,6.250961350929785
DK-Sor,1996,6,-4.54192,0.829861,13.746,9.49743,1996-06-01,FLUXNET2015,8.953173244198467
DK-Sor,1996,7,-4.1658,0.748656,12.2188,8.08281,1996-07-01,FLUXNET2015,7.420967769046096
DK-Sor,1996,8,-1.72589,0.9375,6.9388,5.23552,1996-08-01,FLUXNET2015,2.135962293893725
DK-Sor,1996,9,-1.1395,0.979167,5.26103,4.16471,1996-09-01,FLUXNET2015,0.4531868187413541
DK-Sor,1996,10,1.41661,0.993952,1.7729,3.21252,1996-10-01,FLUXNET2015,-3.039948656411017
DK-Sor,1996,11,1.59308,0.994444,0.306978,1.90462,1996-11-01,FLUXNET2015,-4.510876131563388
DK-Sor,1996,12,1.40582,0.744624,0.179788,1.58659,1996-12-01,FLUXNET2015,-4.6430716067157585
DK-Sor,1997,1,1.21806,0.849462,-0.0496091,1.14214,1997-01-01,FLUXNET2015,-4.87747418186813
DK-Sor,1997,2,1.67397,0.977679,0.20414,1.88207,1997-02-01,FLUXNET2015,-4.628730557020502
DK-Sor,1997,3,1.52532,0.899866,0.502001,2.05554,1997-03-01,FLUXNET2015,-4.335875032172872
DK-Sor,1997,4,1.0159,0.998611,1.93875,2.9423,1997-04-01,FLUXNET2015,-2.9041315073252436
DK-Sor,1997,5,-1.95267,0.997984,7.78004,5.82933,1997-05-01,FLUXNET2015,2.932153017522385
DK-Sor,1997,6,-5.58112,0.685417,13.451,7.87453,1997-06-01,FLUXNET2015,8.598107542370014
DK-Sor,1997,7,-3.03287,0.612231,10.7527,7.73254,1997-07-01,FLUXNET2015,5.894802067217644
DK-Sor,1997,8,-1.10605,0.846102,7.74473,6.72898,1997-08-01,FLUXNET2015,2.8818265920652717
DK-Sor,1997,9,0.157018,0.995833,5.74271,5.88129,1997-09-01,FLUXNET2015,0.8748011169129011
DK-Sor,1997,10,2.14541,0.977151,2.26193,4.3812,1997-10-01,FLUXNET2015,-2.6109843582394703
DK-Sor,1997,11,2.32715,0.99375,0.4473,2.77437,1997-11-01,FLUXNET2015,-4.430619833391841
DK-Sor,1997,12,1.76307,0.850134,0.19756,1.9659,1997-12-01,FLUXNET2015,-4.6853653085442115
DK-Sor,1998,1,2.08161,1,0.188631,2.24091,1998-01-01,FLUXNET2015,-4.699299783696583
DK-Sor,1998,2,1.69029,0.999256,0.47361,2.1565,1998-02-01,FLUXNET2015,-4.419326258848955
DK-Sor,1998,3,1.34995,0.997984,1.13944,2.4964,1998-03-01,FLUXNET2015,-3.758501734001325
DK-Sor,1998,4,1.13799,1,2.63037,3.77905,1998-04-01,FLUXNET2015,-2.272577209153696
DK-Sor,1998,5,-3.02249,0.988575,11.0366,8.19258,1998-05-01,FLUXNET2015,6.128647315693932
DK-Sor,1998,6,-4.91361,0.997222,14.522,9.656,1998-06-01,FLUXNET2015,9.609041840541561
DK-Sor,1998,7,-2.38481,0.875,11.9995,9.72855,1998-07-01,FLUXNET2015,7.08153636538919
DK-Sor,1998,8,-0.390816,0.895161,9.20373,8.84871,1998-08-01,FLUXNET2015,4.280760890236819
DK-Sor,1998,9,0.623129,0.996528,5.32281,5.97024,1998-09-01,FLUXNET2015,0.3948354150844477
DK-Sor,1998,10,2.64616,0.768817,1.76682,4.44337,1998-10-01,FLUXNET2015,-3.1661600600679227
DK-Sor,1998,11,2.19813,0.997222,0.411454,2.58115,1998-11-01,FLUXNET2015,-4.526531535220294
DK-Sor,1998,12,1.94769,0.977151,0.0825571,2.01625,1998-12-01,FLUXNET2015,-4.860433910372666
DK-Sor,1999,1,2.20292,0.993952,0.0571056,2.27398,1999-01-01,FLUXNET2015,-4.890890885525036
DK-Sor,1999,2,1.32263,0.984375,0.342608,1.66897,1999-02-01,FLUXNET2015,-4.610393960677407
DK-Sor,1999,3,1.90509,0.979167,0.579694,2.45197,1999-03-01,FLUXNET2015,-4.378313435829779
DK-Sor,1999,4,1.30259,0.690278,3.01955,4.30736,1999-04-01,FLUXNET2015,-1.9434629109821493
DK-Sor,1999,5,-2.38296,0.997984,9.75602,7.27451,1999-05-01,FLUXNET2015,4.788001613865479
DK-Sor,1999,6,-5.22934,0.994444,14.4318,9.12291,1999-06-01,FLUXNET2015,9.458776138713107
DK-Sor,1999,7,-2.71354,0.701613,13.6411,10.7847,1999-07-01,FLUXNET2015,8.663070663560736
DK-Sor,1999,8,-1.66277,0.989919,9.71333,7.97614,1999-08-01,FLUXNET2015,4.730295188408365
DK-Sor,1999,9,-0.671231,1,7.40546,6.71118,1999-09-01,FLUXNET2015,2.417419713255995
DK-Sor,1999,10,1.9342,1,2.88479,4.80139,1999-10-01,FLUXNET2015,-2.108255761896376
DK-Sor,1999,11,3.13699,0.998611,0.429454,3.55209,1999-11-01,FLUXNET2015,-4.568597237048747
DK-Sor,1999,12,2.08906,0.986559,0.196926,2.30613,1999-12-01,FLUXNET2015,-4.806130712201118
DK-Sor,2000,1,1.64433,0.999328,0.218101,1.89171,2000-01-01,FLUXNET2015,-4.789961187353489
DK-Sor,2000,2,1.51069,0.994253,0.519739,2.03692,2000-02-01,FLUXNET2015,-4.493328662505861
DK-Sor,2000,3,1.13814,0.53629,0.861197,2.01094,2000-03-01,FLUXNET2015,-4.156876137658232
DK-Sor,2000,4,0.924306,0.825694,3.65371,4.46832,2000-04-01,FLUXNET2015,-1.3693686128106028
DK-Sor,2000,5,-3.89867,0.96707,13.213,9.02882,2000-05-01,FLUXNET2015,8.184915912037024
DK-Sor,2000,6,-5.29131,0.990278,14.9531,9.38864,2000-06-01,FLUXNET2015,9.920010436884654
DK-Sor,2000,7,-3.93025,0.979167,12.371,8.08575,2000-07-01,FLUXNET2015,7.332904961732285
DK-Sor,2000,8,-2.00948,1,9.05049,6.89202,2000-08-01,FLUXNET2015,4.007389486579913
DK-Sor,2000,9,-0.545759,0.998611,5.55575,5.03693,2000-09-01,FLUXNET2015,0.5076440114275418
DK-Sor,2000,10,2.41065,1,2.40477,4.85836,2000-10-01,FLUXNET2015,-2.648341463724829
DK-Sor,2000,11,3.09713,1,0.566227,3.66229,2000-11-01,FLUXNET2015,-4.4918899388772004
DK-Sor,2000,12,2.49483,0.995968,0.323956,2.82547,2000-12-01,FLUXNET2015,-4.739166414029571
DK-Sor,2001,1,1.9274,0.995968,0.290664,2.1805,2001-01-01,FLUXNET2015,-4.777463889181942
DK-Sor,2001,2,1.45824,0.997024,0.25526,1.64456,2001-02-01,FLUXNET2015,-4.8178733643343135
DK-Sor,2001,3,1.64028,0.980511,0.435259,2.02047,2001-03-01,FLUXNET2015,-4.642879839486684
DK-Sor,2001,4,1.33624,0.929167,1.74805,3.14772,2001-04-01,FLUXNET2015,-3.3350943146390555
DK-Sor,2001,5,-2.64268,0.995968,10.3389,7.78468,2001-05-01,FLUXNET2015,5.250750210208574
DK-Sor,2001,6,-6.15679,1,15.3626,9.66165,2001-06-01,FLUXNET2015,10.269444735056203
DK-Sor,2001,7,-4.7142,0.997984,13.771,9.2694,2001-07-01,FLUXNET2015,8.672839259903832
DK-Sor,2001,8,-1.95182,0.991263,9.57856,7.7825,2001-08-01,FLUXNET2015,4.475393784751459
DK-Sor,2001,9,-0.886403,0.999306,5.94285,5.10474,2001-09-01,FLUXNET2015,0.8346783095990891
DK-Sor,2001,10,1.71125,0.985215,3.22892,4.94036,2001-10-01,FLUXNET2015,-1.884257165553282
DK-Sor,2001,11,2.19355,0.997917,0.632943,2.79723,2001-11-01,FLUXNET2015,-4.485239640705653
DK-Sor,2001,12,1.70756,0.999328,0.18559,1.86692,2001-12-01,FLUXNET2015,-4.937598115858024
DK-Sor,2002,1,1.66144,0.99664,0.0382091,1.71334,2002-01-01,FLUXNET2015,-5.089984491010394
DK-Sor,2002,2,1.67214,0.999256,0.530304,2.19913,2002-02-01,FLUXNET2015,-4.602895066162766
DK-Sor,2002,3,1.37854,0.997984,1.08074,2.51412,2002-03-01,FLUXNET2015,-4.057464541315138
DK-Sor,2002,4,1.55832,0.997222,2.52433,4.05057,2002-04-01,FLUXNET2015,-2.618880016467509
DK-Sor,2002,5,-2.95253,0.998656,10.7506,7.68653,2002-05-01,FLUXNET2015,5.60238450838012
DK-Sor,2002,6,-6.13707,0.765278,16.0174,9.89565,2002-06-01,FLUXNET2015,10.864179033227746
DK-Sor,2002,7,-3.28113,1,12.109,8.71751,2002-07-01,FLUXNET2015,6.950773558075379
DK-Sor,2002,8,-2.03891,0.968414,9.12817,7.1625,2002-08-01,FLUXNET2015,3.964938082923008
DK-Sor,2002,9,-1.03304,0.998611,5.76269,4.76124,2002-09-01,FLUXNET2015,0.594452607770636
DK-Sor,2002,10,0.972203,1,2.04677,3.02334,2002-10-01,FLUXNET2015,-3.126472867381735
DK-Sor,2002,11,1.96138,1,0.269675,2.23675,2002-11-01,FLUXNET2015,-4.908573342534106
DK-Sor,2002,12,1.75705,0.99664,0.130372,1.87611,2002-12-01,FLUXNET2015,-5.052881817686477
DK-Sor,2003,1,1.90433,0.758065,0.213178,2.06348,2003-01-01,FLUXNET2015,-4.975081292838849
DK-Sor,2003,2,1.54324,0.225446,-0.135866,1.35234,2003-02-01,FLUXNET2015,-5.32913076799122
DK-Sor,2003,3,1.62761,0.999328,1.0226,2.57813,2003-03-01,FLUXNET2015,-4.175670243143591
DK-Sor,2003,4,1.36161,1,2.51764,3.99838,2003-04-01,FLUXNET2015,-2.6856357182959614
DK-Sor,2003,5,-3.29462,0.992608,10.6213,7.48206,2003-05-01,FLUXNET2015,5.413018806551667
DK-Sor,2003,6,-6.13053,0.995139,16.1701,10.2485,2003-06-01,FLUXNET2015,10.956813331399298
DK-Sor,2003,7,-3.40759,0.999328,13.2147,10.2451,2003-07-01,FLUXNET2015,7.9964078562469245
DK-Sor,2003,8,-1.2744,0.97043,7.98682,7.3813,2003-08-01,FLUXNET2015,2.763522381094554
DK-Sor,2003,9,-0.559256,0.990972,6.55245,6.01703,2003-09-01,FLUXNET2015,1.3241469059421833
DK-Sor,2003,10,1.10142,0.924059,2.49933,3.61851,2003-10-01,FLUXNET2015,-2.7339785692101883
DK-Sor,2003,11,2.76473,1,0.369428,3.11262,2003-11-01,FLUXNET2015,-4.86888604436256
DK-Sor,2003,12,2.2755,0.981183,0.336572,2.61033,2003-12-01,FLUXNET2015,-4.90674751951493
DK-Sor,2004,1,1.54313,0.987903,0.0918109,1.58858,2004-01-01,FLUXNET2015,-5.156514094667302
DK-Sor,2004,2,1.41768,0.999282,0.421567,1.82217,2004-02-01,FLUXNET2015,-4.8317634698196725
DK-Sor,2004,3,1.54319,0.994624,0.762467,2.29503,2004-03-01,FLUXNET2015,-4.4958689449720435
DK-Sor,2004,4,-1.00177,0.219444,6.4471,5.50591,2004-04-01,FLUXNET2015,1.1837585798755852
DK-Sor,2004,5,-4.28104,0.762097,12.6589,8.5063,2004-05-01,FLUXNET2015,7.390553104723214
DK-Sor,2004,6,-5.50942,0.996528,13.1193,7.62324,2004-06-01,FLUXNET2015,7.845947629570843
DK-Sor,2004,7,-4.04111,0.992608,13.5937,10.0118,2004-07-01,FLUXNET2015,8.315342154418472
DK-Sor,2004,8,-2.07849,0.997312,10.5647,8.69044,2004-08-01,FLUXNET2015,5.281336679266101
DK-Sor,2004,9,-0.956582,0.999306,8.76342,7.72667,2004-09-01,FLUXNET2015,3.4750512041137296
DK-Sor,2004,10,2.1759,0.682796,2.92677,5.19079,2004-10-01,FLUXNET2015,-2.366604271038641
DK-Sor,2004,11,2.22856,0.999306,0.63258,2.83193,2004-11-01,FLUXNET2015,-4.665799746191013
DK-Sor,2004,12,2.05088,0.994624,0.234137,2.25175,2004-12-01,FLUXNET2015,-5.069248221343384
DK-Sor,2005,1,1.82819,1,0.39642,2.22054,2005-01-01,FLUXNET2015,-4.911970696495754
DK-Sor,2005,2,1.72008,1,0.260061,1.97417,2005-02-01,FLUXNET2015,-5.053335171648125
DK-Sor,2005,3,1.69894,0.992608,0.652894,2.34097,2005-03-01,FLUXNET2015,-4.665507646800497
DK-Sor,2005,4,1.25418,0.991667,3.2242,4.44167,2005-04-01,FLUXNET2015,-2.0992071219528676
DK-Sor,2005,5,-2.54596,0.952285,10.3223,7.84197,2005-05-01,FLUXNET2015,4.993887402894761
DK-Sor,2005,6,-5.96829,0.672917,15.6558,9.72778,2005-06-01,FLUXNET2015,10.322381927742388
DK-Sor,2005,7,-4.18378,0.97043,13.4871,9.24967,2005-07-01,FLUXNET2015,8.148676452590019
DK-Sor,2005,8,-1.72195,0.438844,9.83153,8.17833,2005-08-01,FLUXNET2015,4.488100977437648
DK-Sor,2005,9,-1.75461,0.984028,6.89263,5.12884,2005-09-01,FLUXNET2015,1.5441955022852765
DK-Sor,2005,10,0.369522,0.965726,3.64725,4.01281,2005-10-01,FLUXNET2015,-1.7061899728670942
DK-Sor,2005,11,2.61149,0.8625,0.607375,3.23714,2005-11-01,FLUXNET2015,-4.7510704480194645
DK-Sor,2005,12,1.89098,0.99328,0.199309,2.09395,2005-12-01,FLUXNET2015,-5.164141923171836
DK-Sor,2006,1,1.74187,0.987903,-0.0933092,1.66079,2006-01-01,FLUXNET2015,-5.461765598324208
DK-Sor,2006,2,1.33853,1,0.240234,1.54948,2006-02-01,FLUXNET2015,-5.133227873476579
DK-Sor,2006,3,1.13899,1,0.389799,1.53962,2006-03-01,FLUXNET2015,-4.988668348628949
DK-Sor,2006,4,1.24457,0.999306,1.84632,3.09097,2006-04-01,FLUXNET2015,-3.537152823781321
DK-Sor,2006,5,-2.11519,1,9.44721,7.40531,2006-05-01,FLUXNET2015,4.058731701066308
DK-Sor,2006,6,-5.8422,0.984028,15.7715,10.0205,2006-06-01,FLUXNET2015,10.378016225913937
DK-Sor,2006,7,-4.18788,0.992608,13.2726,9.12979,2006-07-01,FLUXNET2015,7.874110750761566
DK-Sor,2006,8,-1.83908,0.997312,9.88709,7.98208,2006-08-01,FLUXNET2015,4.483595275609196
DK-Sor,2006,9,-0.480533,1,7.58266,7.07584,2006-09-01,FLUXNET2015,2.1741598004568234
DK-Sor,2006,10,1.47773,0.995968,3.22646,4.72054,2006-10-01,FLUXNET2015,-2.1870456746955473
DK-Sor,2006,11,2.32117,0.998611,0.66556,2.99972,2006-11-01,FLUXNET2015,-4.7529511498479184
DK-Sor,2006,12,2.1984,0.999328,0.341522,2.52923,2006-12-01,FLUXNET2015,-5.081994625000289
DK-Sor,2007,1,1.14171,1,0.543195,1.70008,2007-01-01,FLUXNET2015,-4.885327100152661
DK-Sor,2007,2,0.514335,0.994048,0.735979,1.2573,2007-02-01,FLUXNET2015,-4.6975485753050314
DK-Sor,2007,3,1.08244,0.999328,1.65128,2.70969,2007-03-01,FLUXNET2015,-3.7872530504574025
DK-Sor,2007,4,0.795179,0.992361,4.81017,5.45311,2007-04-01,FLUXNET2015,-0.6333685256097736
DK-Sor,2007,5,-4.05291,0.989919,12.1908,7.84291,2007-05-01,FLUXNET2015,6.742255999237855
DK-Sor,2007,6,-6.00348,0.990972,15.3871,9.74638,2007-06-01,FLUXNET2015,9.933550524085483
DK-Sor,2007,7,-2.99313,1,12.5221,9.42721,2007-07-01,FLUXNET2015,7.063545048933113
DK-Sor,2007,8,-2.62203,1,10.8947,8.39501,2007-08-01,FLUXNET2015,5.431139573780742
DK-Sor,2007,9,-0.964543,0.998611,7.10659,6.10006,2007-09-01,FLUXNET2015,1.6380240986283707
DK-Sor,2007,10,1.0532300000000001,0.997984,3.08437,4.07508,2007-10-01,FLUXNET2015,-2.3892013765240003
DK-Sor,2007,11,1.93302,1,0.490593,2.47715,2007-11-01,FLUXNET2015,-4.987983851676372
DK-Sor,2007,12,1.69759,1,0.18014,1.85574,2007-12-01,FLUXNET2015,-5.303442326828743
DK-Sor,2008,1,1.56311,1,0.218855,1.77189,2008-01-01,FLUXNET2015,-5.269732801981114
DK-Sor,2008,2,1.67277,1,0.683856,2.35129,2008-02-01,FLUXNET2015,-4.809737277133484
DK-Sor,2008,3,1.16796,0.995968,0.949599,2.14947,2008-03-01,FLUXNET2015,-4.548999752285855
DK-Sor,2008,4,0.556058,0.998611,3.34572,4.06693,2008-04-01,FLUXNET2015,-2.157884227438227
DK-Sor,2008,5,-5.09251,0.97043,12.3232,7.70621,2008-05-01,FLUXNET2015,6.814590297409402
DK-Sor,2008,6,-6.40648,0.993056,16.3238,10.1363,2008-06-01,FLUXNET2015,10.810184822257028
DK-Sor,2008,7,-4.04241,1,13.0804,8.96785,2008-07-01,FLUXNET2015,7.561779347104659
DK-Sor,2008,8,-1.92482,0.997984,9.45922,7.54955,2008-08-01,FLUXNET2015,3.935593871952289
DK-Sor,2008,9,-2.49075,1,7.77373,5.46835,2008-09-01,FLUXNET2015,2.2450983967999174
DK-Sor,2008,10,1.47124,1,2.79493,4.26177,2008-10-01,FLUXNET2015,-2.738707078352453
DK-Sor,2008,11,2.05992,1,0.525356,2.57898,2008-11-01,FLUXNET2015,-5.013286553504824
DK-Sor,2008,12,1.46446,1,0.302962,1.77956,2008-12-01,FLUXNET2015,-5.240686028657196
DK-Sor,2009,1,0.918988,0.997312,0.223542,1.18405,2009-01-01,FLUXNET2015,-5.325111503809566
DK-Sor,2009,2,0.963131,0.998512,0.275282,1.25706,2009-02-01,FLUXNET2015,-5.278376978961938
DK-Sor,2009,3,0.892944,0.999328,0.858971,1.81645,2009-03-01,FLUXNET2015,-4.699693454114308
DK-Sor,2009,4,0.66146,1,4.91096,5.61568,2009-04-01,FLUXNET2015,-0.6527099292666796
DK-Sor,2009,5,-4.71373,0.999328,12.0699,7.55063,2009-05-01,FLUXNET2015,6.50122459558095
DK-Sor,2009,6,-6.71922,1,15.1295,8.64033,2009-06-01,FLUXNET2015,9.555819120428579
DK-Sor,2009,7,-3.85458,0.994624,14.251,10.5793,2009-07-01,FLUXNET2015,8.672313645276205
DK-Sor,2009,8,-2.28312,1,9.77533,7.66294,2009-08-01,FLUXNET2015,4.191638170123836
DK-Sor,2009,9,-0.992656,0.998611,6.43497,5.50336,2009-09-01,FLUXNET2015,0.8462726949714645
DK-Sor,2009,10,1.04534,1,2.32503,3.3676,2009-10-01,FLUXNET2015,-3.2686727801809066
DK-Sor,2009,11,2.12115,1,0.465292,2.60393,2009-11-01,FLUXNET2015,-5.133416255333278
DK-Sor,2009,12,1.5469,0.99328,0.102899,1.67375,2009-12-01,FLUXNET2015,-5.500814730485648
DK-Sor,2010,1,0.929482,1,0.0258393,0.956324,2010-01-01,FLUXNET2015,-5.582879905638019
DK-Sor,2010,2,1.09041,1,0.0636487,1.14127,2010-02-01,FLUXNET2015,-5.550075980790391
DK-Sor,2010,3,1.23281,0.994624,0.584603,1.82321,2010-03-01,FLUXNET2015,-5.0341271559427625
DK-Sor,2010,4,1.04811,1,2.71299,3.8156,2010-04-01,FLUXNET2015,-2.910745631095133
DK-Sor,2010,5,-2.09852,0.999328,8.1953,6.16026,2010-05-01,FLUXNET2015,2.5665588937524952
DK-Sor,2010,6,-6.11114,0.997917,16.4849,10.4474,2010-06-01,FLUXNET2015,10.851153418600124
DK-Sor,2010,7,-4.47886,0.993952,15.4884,11.181,2010-07-01,FLUXNET2015,9.849647943447755
DK-Sor,2010,8,-2.2406,1,9.17785,7.06241,2010-08-01,FLUXNET2015,3.5340924682953823
DK-Sor,2010,9,-0.749216,0.942361,7.4742,6.23789,2010-09-01,FLUXNET2015,1.8254369931430112
DK-Sor,2010,10,0.82419,1,2.75152,3.53467,2010-10-01,FLUXNET2015,-2.902248482009359
DK-Sor,2010,11,1.72821,0.996528,0.491841,2.19275,2010-11-01,FLUXNET2015,-5.16693295716173
DK-Sor,2010,12,1.36568,0.967742,-0.222217,1.15435,2010-12-01,FLUXNET2015,-5.885996432314101
DK-Sor,2011,1,1.23893,0.306452,0.424003,1.68567,2011-01-01,FLUXNET2015,-5.244781907466472
DK-Sor,2011,2,1.01577,0.994792,0.279153,1.2991,2011-02-01,FLUXNET2015,-5.394637382618844
DK-Sor,2011,3,1.11301,0.999328,1.04425,2.17553,2011-03-01,FLUXNET2015,-4.634545857771215
DK-Sor,2011,4,1.14654,0.969444,3.99534,5.15317,2011-04-01,FLUXNET2015,-1.6884613329235856
DK-Sor,2011,5,-4.93591,1,12.6698,7.79105,2011-05-01,FLUXNET2015,6.980993191924043
DK-Sor,2011,6,-6.1807,0.81875,15.2224,9.2179,2011-06-01,FLUXNET2015,9.528587716771671
DK-Sor,2011,7,-4.80131,0.991935,12.4963,7.86256,2011-07-01,FLUXNET2015,6.797482241619301
DK-Sor,2011,8,-2.63501,0.999328,9.42914,6.86558,2011-08-01,FLUXNET2015,3.72531676646693
DK-Sor,2011,9,-0.484261,1,7.3869,6.91225,2011-09-01,FLUXNET2015,1.6780712913145586
DK-Sor,2011,10,1.2438,0.999328,3.28951,4.5212,2011-10-01,FLUXNET2015,-2.4243241838378125
DK-Sor,2011,11,2.17265,0.989583,0.632372,2.8284,2011-11-01,FLUXNET2015,-5.086467658990183
DK-Sor,2011,12,1.39514,1,0.284195,1.68868,2011-12-01,FLUXNET2015,-5.439650134142554
DK-Sor,2012,1,1.08913,0.994624,0.279455,1.3966,2012-01-01,FLUXNET2015,-5.449395609294926
DK-Sor,2012,2,1.03177,0.997845,0.209477,1.24832,2012-02-01,FLUXNET2015,-5.524379084447298
DK-Sor,2012,3,1.20666,0.90121,1.42671,2.64249,2012-03-01,FLUXNET2015,-4.312151559599668
DK-Sor,2012,4,0.530976,1,3.06752,3.62224,2012-04-01,FLUXNET2015,-2.676347034752039
DK-Sor,2012,5,-3.36857,1,11.6218,8.27766,2012-05-01,FLUXNET2015,5.872927490095591
DK-Sor,2012,6,-6.38313,0.95,14.8116,8.47245,2012-06-01,FLUXNET2015,9.057722014943218
DK-Sor,2012,7,-4.40736,0.580645,13.8998,9.55974,2012-07-01,FLUXNET2015,8.140916539790847
DK-Sor,2012,8,-2.91393,1,11.1057,8.24362,2012-08-01,FLUXNET2015,5.3418110646384775
DK-Sor,2012,9,-1.47544,0.934722,6.75629,5.25166,2012-09-01,FLUXNET2015,0.9873955894861055
DK-Sor,2012,10,1.06287,0.877688,3.0733,4.13798,2012-10-01,FLUXNET2015,-2.700599885666265
DK-Sor,2012,11,2.142,0.999306,0.420153,2.58787,2012-11-01,FLUXNET2015,-5.358752360818637
DK-Sor,2012,12,1.24286,0.998656,0.082635,1.34805,2012-12-01,FLUXNET2015,-5.701275835971008
DK-Sor,2013,1,1.14131,0.999328,0.125117,1.27648,2013-01-01,FLUXNET2015,-5.663799311123378
DK-Sor,2013,2,0.889365,0.997024,0.296548,1.19548,2013-02-01,FLUXNET2015,-5.49737378627575
DK-Sor,2013,3,0.744305,0.999328,0.592652,1.34827,2013-03-01,FLUXNET2015,-5.206275261428121
DK-Sor,2013,4,0.906281,1,2.02388,2.93461,2013-04-01,FLUXNET2015,-3.7800527365804917
DK-Sor,2013,5,-3.32244,0.997312,10.106,6.72409,2013-05-01,FLUXNET2015,4.297061788267137
DK-Sor,2013,6,-7.69422,0.999306,16.4131,8.76103,2013-06-01,FLUXNET2015,10.599156313114765
DK-Sor,2013,7,-5.29725,0.997984,15.0274,9.7228,2013-07-01,FLUXNET2015,9.208450837962395
DK-Sor,2013,8,-2.99859,1,9.54895,6.50318,2013-08-01,FLUXNET2015,3.724995362810023
DK-Sor,2013,9,-1.72231,1,6.94244,5.25094,2013-09-01,FLUXNET2015,1.113479887657653
DK-Sor,2013,10,1.02763,1,2.97797,4.03879,2013-10-01,FLUXNET2015,-2.8559955874947183
DK-Sor,2013,11,2.10204,0.872222,0.53057,2.64424,2013-11-01,FLUXNET2015,-5.30840106264709
DK-Sor,2013,12,1.43644,0.168011,0.642857,2.07865,2013-12-01,FLUXNET2015,-5.20111953779946
DK-Sor,2014,1,1.2375194736842106,0,0.7079225052631579,1.937146,2014-01-01,FLUXNET2015,-5.1410595076886745
DK-Sor,2014,2,0.9886606210526316,0,0.9058700368421052,1.8794757894736842,2014-02-01,FLUXNET2015,-4.948117451262097
DK-Sor,2014,3,0.9742402631578948,0,1.438101894736842,2.409125263157895,2014-03-01,FLUXNET2015,-4.420891068519732
DK-Sor,2014,4,0.689697,0.819444,5.24992,5.91603,2014-04-01,FLUXNET2015,-0.6140784384089447
DK-Sor,2014,5,-5.15174,0.999328,13.8482,8.86861,2014-05-01,FLUXNET2015,7.979196086438685
DK-Sor,2014,6,-6.7932,0.999306,17.9163,11.102,2014-06-01,FLUXNET2015,12.042290611286312
DK-Sor,2014,7,-3.86609,0.989919,12.478,8.67563,2014-07-01,FLUXNET2015,6.598985136133941
DK-Sor,2014,8,-1.80405,0.997984,9.39181,7.76123,2014-08-01,FLUXNET2015,3.50778966098157
DK-Sor,2014,9,-1.4491,1,8.07895,6.67623,2014-09-01,FLUXNET2015,2.1899241858292005
DK-Sor,2014,10,1.65248,0.997984,3.54845,5.19303,2014-10-01,FLUXNET2015,-2.345581289323172
DK-Sor,2014,11,2.74049,1,0.685307,3.43602,2014-11-01,FLUXNET2015,-5.213729764475542
DK-Sor,2014,12,1.51363,0.956989,0.194456,1.70699,2014-12-01,FLUXNET2015,-5.709586239627914
FI-Hyy,1996,1,0.2672695263157895,0,0.31501702836842105,0.5820841578947369,1996-01-01,FLUXNET2015,-2.485718396857867
FI-Hyy,1996,2,0.11783074736842107,0,0.40971408,0.5304851578947368,1996-02-01,FLUXNET2015,-2.3925786888818186
FI-Hyy,1996,3,0.049237921052631584,0,0.7628992631578947,0.8089572105263158,1996-03-01,FLUXNET2015,-2.0409508493794712
FI-Hyy,1996,4,-0.6847006736842105,0,2.078373,1.4035825263157895,1996-04-01,FLUXNET2015,-0.7270344561929123
FI-Hyy,1996,5,-2.296125789473684,0,5.090867894736842,2.8259415789473685,1996-05-01,FLUXNET2015,2.283903094888384
FI-Hyy,1996,6,-3.43489,0.536111,7.89345,4.55599,1996-06-01,FLUXNET2015,5.0849278564959945
FI-Hyy,1996,7,-2.39195,0.971774,7.85023,5.64145,1996-07-01,FLUXNET2015,5.04015051284045
FI-Hyy,1996,8,-1.80916,0.750672,6.71902,5.18887,1996-08-01,FLUXNET2015,3.9073831691849037
FI-Hyy,1996,9,-0.245861,0.986111,3.33357,3.12261,1996-09-01,FLUXNET2015,0.5203758255293565
FI-Hyy,1996,10,0.887577,0.999328,1.03332,1.90559,1996-10-01,FLUXNET2015,-1.7814315181261897
FI-Hyy,1996,11,0.793338,0.989583,0.259987,1.04818,1996-11-01,FLUXNET2015,-2.5563218617817354
FI-Hyy,1996,12,0.672833,0.99328,-0.0739238,0.589133,1996-12-01,FLUXNET2015,-2.891790005437282
FI-Hyy,1997,1,0.582798,0.942204,-2.38961e-4,0.571876,1997-01-01,FLUXNET2015,-2.8196625100928285
FI-Hyy,1997,2,0.475947,0.970238,0.0913612,0.572019,1997-02-01,FLUXNET2015,-2.7296196927483742
FI-Hyy,1997,3,0.413094,0.976478,0.342787,0.751907,1997-03-01,FLUXNET2015,-2.4797512364039207
FI-Hyy,1997,4,0.284162,0.988889,0.613047,0.904455,1997-04-01,FLUXNET2015,-2.211048580059467
FI-Hyy,1997,5,-1.81901,0.832661,3.5496,1.81429,1997-05-01,FLUXNET2015,0.7239470762849867
FI-Hyy,1997,6,-3.03078,0.871528,7.25089,4.22362,1997-06-01,FLUXNET2015,4.423679732629441
FI-Hyy,1997,7,-3.00128,0.897849,9.68121,6.69908,1997-07-01,FLUXNET2015,6.852442388973895
FI-Hyy,1997,8,-2.21357,0.890457,7.66998,5.71789,1997-08-01,FLUXNET2015,4.839655045318348
FI-Hyy,1997,9,-0.612615,0.983333,4.45007,3.83258,1997-09-01,FLUXNET2015,1.618187701662802
FI-Hyy,1997,10,0.579114,0.994624,1.14843,1.74689,1997-10-01,FLUXNET2015,-1.6850096419927443
FI-Hyy,1997,11,0.400378,0.990972,0.061383,0.47121,1997-11-01,FLUXNET2015,-2.77361398564829
FI-Hyy,1997,12,0.13844,0.99328,0.0738483,0.221004,1997-12-01,FLUXNET2015,-2.762706029303837
FI-Hyy,1998,1,0.209132,1,0.0147937,0.223703,1998-01-01,FLUXNET2015,-2.823317972959383
FI-Hyy,1998,2,0.0228072,0.999256,0.21808,0.247924,1998-02-01,FLUXNET2015,-2.621589016614929
FI-Hyy,1998,3,-0.0735265,1,0.326261,0.254111,1998-03-01,FLUXNET2015,-2.5149653602704753
FI-Hyy,1998,4,-0.495398,0.977083,1.333,0.823783,1998-04-01,FLUXNET2015,-1.509783703926022
FI-Hyy,1998,5,-2.78713,0.991263,5.12212,2.32238,1998-05-01,FLUXNET2015,2.277778952418432
FI-Hyy,1998,6,-2.60629,0.955556,6.9298,4.31147,1998-06-01,FLUXNET2015,4.083901608762886
FI-Hyy,1998,7,-2.97577,0.946909,8.82822,5.83745,1998-07-01,FLUXNET2015,5.980764265107339
FI-Hyy,1998,8,-1.73772,0.992608,7.02008,5.20255,1998-08-01,FLUXNET2015,4.171066921451794
FI-Hyy,1998,9,-0.37959,0.984722,4.06909,3.69598,1998-09-01,FLUXNET2015,1.218519577796247
FI-Hyy,1998,10,0.182985,0.91129,1.39052,1.56839,1998-10-01,FLUXNET2015,-1.4616077658592992
FI-Hyy,1998,11,0.310487,0.996528,0.155019,0.459286,1998-11-01,FLUXNET2015,-2.6986661095148454
FI-Hyy,1998,12,0.467443,0.995296,-0.0180314,0.44572,1998-12-01,FLUXNET2015,-2.8732738531703914
FI-Hyy,1999,1,0.715581,0.813844,-0.0660757,0.663236,1999-01-01,FLUXNET2015,-2.922875496825937
FI-Hyy,1999,2,0.328003,0.842262,0.0124574,0.30387,1999-02-01,FLUXNET2015,-2.8458997404814834
FI-Hyy,1999,3,0.268718,0.954301,0.330935,0.596114,1999-03-01,FLUXNET2015,-2.5289794841370297
FI-Hyy,1999,4,-1.28076,0.990972,2.39439,1.09994,1999-04-01,FLUXNET2015,-0.4670818277925764
FI-Hyy,1999,5,-1.61331,0.99328,3.81301,2.27257,1999-05-01,FLUXNET2015,0.9499808285518772
FI-Hyy,1999,6,-2.61735,0.547222,7.97835,5.34881,1999-06-01,FLUXNET2015,5.113763484896331
FI-Hyy,1999,7,-2.02963,0.971102,7.73075,5.8299,1999-07-01,FLUXNET2015,4.864606141240785
FI-Hyy,1999,8,-1.04388,0.989247,5.62491,4.53581,1999-08-01,FLUXNET2015,2.7572087975852386
FI-Hyy,1999,9,-0.0709575,0.964583,4.18967,4.13223,1999-09-01,FLUXNET2015,1.3204114539296918
FI-Hyy,1999,10,1.01936,1,1.11735,2.12302,1999-10-01,FLUXNET2015,-1.7534658897258537
FI-Hyy,1999,11,0.864493,0.991667,0.237404,1.09452,1999-11-01,FLUXNET2015,-2.6349692333813994
FI-Hyy,1999,12,0.74061,0.988575,-0.0252792,0.712965,1999-12-01,FLUXNET2015,-2.899209777036946
FI-Hyy,2000,1,0.784245,0.093414,-0.497688,0.298719,2000-01-01,FLUXNET2015,-3.3731759206924923
FI-Hyy,2000,2,0.11783074736842107,0,0.40971408,0.5304851578947368,2000-02-01,FLUXNET2015,-2.4673311843480383
FI-Hyy,2000,3,0.50951,0.838038,0.336815,0.841405,2000-03-01,FLUXNET2015,-2.541787608003585
FI-Hyy,2000,4,-0.42901,0.995833,2.02613,1.60199,2000-04-01,FLUXNET2015,-0.854029951659131
FI-Hyy,2000,5,-1.88264,0.929435,5.00894,3.17627,2000-05-01,FLUXNET2015,2.1272227046853227
FI-Hyy,2000,6,-2.67618,0.958333,7.45787,4.82914,2000-06-01,FLUXNET2015,4.574595361029777
FI-Hyy,2000,7,-1.8209,0.992608,7.43622,5.53833,2000-07-01,FLUXNET2015,4.55138801737423
FI-Hyy,2000,8,-1.70747,0.968414,6.94257,5.136,2000-08-01,FLUXNET2015,4.056180673718684
FI-Hyy,2000,9,-0.87677,0.965972,4.66749,3.767,2000-09-01,FLUXNET2015,1.7795433300631376
FI-Hyy,2000,10,0.803903,0.942876,1.38616,2.18377,2000-10-01,FLUXNET2015,-1.5033440135924085
FI-Hyy,2000,11,0.844501,0.996528,0.23356,1.07637,2000-11-01,FLUXNET2015,-2.6575013572479547
FI-Hyy,2000,12,0.867334,0.987231,0.0214596,0.888585,2000-12-01,FLUXNET2015,-2.8711591009035007
FI-Hyy,2001,1,0.491167,0.879704,0.0662537,0.549864,2001-01-01,FLUXNET2015,-2.8279223445590476
FI-Hyy,2001,2,0.472817,0.646577,0.0144163,0.483597,2001-02-01,FLUXNET2015,-2.881317088214593
FI-Hyy,2001,3,0.573276,0.985215,0.218159,0.775854,2001-03-01,FLUXNET2015,-2.6791317318701395
FI-Hyy,2001,4,-0.27298,0.988889,1.64994,1.36328,2001-04-01,FLUXNET2015,-1.248908075525686
FI-Hyy,2001,5,-2.073,0.984543,4.59066,2.54144,2001-05-01,FLUXNET2015,1.6902545808187677
FI-Hyy,2001,6,-2.19094,0.980556,6.66146,4.57267,2001-06-01,FLUXNET2015,3.759497237163222
FI-Hyy,2001,7,-2.83212,0.992608,8.51599,5.79876,2001-07-01,FLUXNET2015,5.612469893507676
FI-Hyy,2001,8,-1.97999,0.989919,6.97466,5.03769,2001-08-01,FLUXNET2015,4.06958254985213
FI-Hyy,2001,9,-0.00676144,0.999306,3.29627,3.35024,2001-09-01,FLUXNET2015,0.3896352061965828
FI-Hyy,2001,10,0.921325,0.974462,1.17283,2.09224,2001-10-01,FLUXNET2015,-1.7353621374589632
FI-Hyy,2001,11,0.591198,0.960417,0.275762,0.85949,2001-11-01,FLUXNET2015,-2.6339874811145094
FI-Hyy,2001,12,0.53221,0.664651,-0.100972,0.432363,2001-12-01,FLUXNET2015,-3.0122788247700556
FI-Hyy,2002,1,0.724093,0.864919,-0.0816806,0.632068,2002-01-01,FLUXNET2015,-2.9945447684256017
FI-Hyy,2002,2,0.615515,0.991071,0.127794,0.739008,2002-02-01,FLUXNET2015,-2.786627512081148
FI-Hyy,2002,3,0.453285,0.986559,0.437825,0.881752,2002-03-01,FLUXNET2015,-2.4781538557366942
FI-Hyy,2002,4,-0.607004,0.96875,2.23126,1.68678,2002-04-01,FLUXNET2015,-0.6862761993922408
FI-Hyy,2002,5,-2.07246,0.950941,5.34425,3.33987,2002-05-01,FLUXNET2015,2.4251564569522133
FI-Hyy,2002,6,-2.84624,0.971528,7.91155,5.1919,2002-06-01,FLUXNET2015,4.990899113296667
FI-Hyy,2002,7,-2.2977,0.950269,7.90831,5.80393,2002-07-01,FLUXNET2015,4.986101769641121
FI-Hyy,2002,8,-1.47032,0.563844,7.30405,5.9414,2002-08-01,FLUXNET2015,4.380284425985574
FI-Hyy,2002,9,-0.470613,0.984722,3.9336,3.45608,2002-09-01,FLUXNET2015,1.0082770823300284
FI-Hyy,2002,10,0.176733,0.987231,1.12329,1.30475,2002-10-01,FLUXNET2015,-1.803590261325518
FI-Hyy,2002,11,0.615517,0.935417,0.0283823,0.63439,2002-11-01,FLUXNET2015,-2.900055304981064
FI-Hyy,2002,12,0.435787,0.686156,-0.0966795,0.331795,2002-12-01,FLUXNET2015,-3.0266744486366104
FI-Hyy,2003,1,0.506711,0.902554,-0.130986,0.412549,2003-01-01,FLUXNET2015,-3.0625382922921562
FI-Hyy,2003,2,0.386927,0.973958,0.103959,0.505027,2003-02-01,FLUXNET2015,-2.8291506359477023
FI-Hyy,2003,3,0.48104,0.997984,0.371061,0.858836,2003-03-01,FLUXNET2015,-2.5636059796032487
FI-Hyy,2003,4,-0.0839038,0.996528,1.3348,1.23874,2003-04-01,FLUXNET2015,-1.6014243232587955
FI-Hyy,2003,5,-1.29274,0.99664,4.12511,2.77349,2003-05-01,FLUXNET2015,1.1873283330856588
FI-Hyy,2003,6,-3.07387,0.970833,7.43196,4.30628,2003-06-01,FLUXNET2015,4.492620989430113
FI-Hyy,2003,7,-1.97627,0.838038,8.01266,5.70915,2003-07-01,FLUXNET2015,5.071763645774566
FI-Hyy,2003,8,-0.816032,0.986559,6.7726,5.91805,2003-08-01,FLUXNET2015,3.8301463021190196
FI-Hyy,2003,9,-0.34978,0.828472,3.81521,3.54708,2003-09-01,FLUXNET2015,0.8711989584634734
FI-Hyy,2003,10,0.587855,0.988575,1.1104,1.72604,2003-10-01,FLUXNET2015,-1.8351683851920726
FI-Hyy,2003,11,0.889949,0.969444,0.20176,1.08534,2003-11-01,FLUXNET2015,-2.7453657288476183
FI-Hyy,2003,12,0.757669,1,0.0292214,0.804762,2003-12-01,FLUXNET2015,-2.919461672503165
FI-Hyy,2004,1,0.401044,0.711694,-0.110949,0.294891,2004-01-01,FLUXNET2015,-3.061189416158711
FI-Hyy,2004,2,0.49358,0.912356,0.113539,0.594282,2004-02-01,FLUXNET2015,-2.8382587598142575
FI-Hyy,2004,3,0.338733,0.989919,0.296497,0.633281,2004-03-01,FLUXNET2015,-2.6568581034698036
FI-Hyy,2004,4,-1.09184,0.986111,2.25194,1.14205,2004-04-01,FLUXNET2015,-0.70297244712535
FI-Hyy,2004,5,-2.49633,0.991263,4.94716,2.39287,2004-05-01,FLUXNET2015,1.990690209219104
FI-Hyy,2004,6,-2.75569,0.970139,6.9586,4.2679,2004-06-01,FLUXNET2015,4.000572865563558
FI-Hyy,2004,7,-2.49096,0.979839,7.9393,5.44461,2004-07-01,FLUXNET2015,4.9797155219080125
FI-Hyy,2004,8,-1.48614,0.952285,6.63848,5.10503,2004-08-01,FLUXNET2015,3.677338178252466
FI-Hyy,2004,9,0.413014,0.988194,3.46821,3.86803,2004-09-01,FLUXNET2015,0.505510834596919
FI-Hyy,2004,10,0.389176,0.984543,1.53034,1.94097,2004-10-01,FLUXNET2015,-1.4339165090586272
FI-Hyy,2004,11,0.657383,0.999306,0.285541,0.962535,2004-11-01,FLUXNET2015,-2.6802728527141735
FI-Hyy,2004,12,0.597658,0.976478,0.0247759,0.647703,2004-12-01,FLUXNET2015,-2.9425952963697197
FI-Hyy,2005,1,0.506397,0.997984,0.0391203,0.562966,2005-01-01,FLUXNET2015,-2.9298082400252654
FI-Hyy,2005,2,0.350868,0.985863,0.0240177,0.39647,2005-02-01,FLUXNET2015,-2.946468183680812
FI-Hyy,2005,3,0.325415,0.969758,0.194947,0.542083,2005-03-01,FLUXNET2015,-2.7770962273363584
FI-Hyy,2005,4,-1.01011,0.970833,2.26526,1.3014,2005-04-01,FLUXNET2015,-0.7083405709919046
FI-Hyy,2005,5,-2.07405,0.955645,4.48815,2.49243,2005-05-01,FLUXNET2015,1.5129920853525491
FI-Hyy,2005,6,-2.88227,0.990278,7.59763,4.75975,2005-06-01,FLUXNET2015,4.620914741697003
FI-Hyy,2005,7,-2.39123,1,7.54518,4.96228,2005-07-01,FLUXNET2015,4.566907398041457
FI-Hyy,2005,8,-1.45456,0.990591,6.37583,5.24512,2005-08-01,FLUXNET2015,3.3960000543859103
FI-Hyy,2005,9,-0.231039,0.995833,4.03734,3.80591,2005-09-01,FLUXNET2015,1.0559527107303646
FI-Hyy,2005,10,1.68993,0.330645,1.43242,3.29658,2005-10-01,FLUXNET2015,-1.550524632925182
FI-Hyy,2005,11,0.8081951578947368,0,0.2614548578947368,1.0846436842105263,2005-11-01,FLUXNET2015,-2.7230471186859915
FI-Hyy,2005,12,0.6220894736842105,0,0.06371216842105264,0.7148695789473684,2005-12-01,FLUXNET2015,-2.922347151815222
FI-Hyy,2006,1,0.613608,0.75336,0.0603056,0.65323,2006-01-01,FLUXNET2015,-2.9273110638918207
FI-Hyy,2006,2,0.247126,0.6875,-0.00744488,0.229915,2006-02-01,FLUXNET2015,-2.996618887547367
FI-Hyy,2006,3,0.348834,0.985215,0.169488,0.518825,2006-03-01,FLUXNET2015,-2.821243351202913
FI-Hyy,2006,4,-0.496907,0.990972,1.56513,1.08325,2006-04-01,FLUXNET2015,-1.4271586948584594
FI-Hyy,2006,5,-2.41384,0.958333,5.07676,2.66067,2006-05-01,FLUXNET2015,2.082913961485995
FI-Hyy,2006,6,-3.01695,0.970833,7.50425,4.59333,2006-06-01,FLUXNET2015,4.508846617830448
FI-Hyy,2006,7,-3.30166,0.953629,8.74519,5.64232,2006-07-01,FLUXNET2015,5.748229274174901
FI-Hyy,2006,8,-0.669886,0.860887,4.93992,4.56487,2006-08-01,FLUXNET2015,1.9414019305193555
FI-Hyy,2006,9,-0.158679,0.978472,4.07151,3.90143,2006-09-01,FLUXNET2015,1.0714345868638095
FI-Hyy,2006,10,1.29595,0.99664,1.25533,2.54266,2006-10-01,FLUXNET2015,-1.7463027567917366
FI-Hyy,2006,11,0.926391,0.974306,0.22333,1.14733,2006-11-01,FLUXNET2015,-2.779860100447283
FI-Hyy,2006,12,1.02329,0.981183,0.122368,1.13383,2006-12-01,FLUXNET2015,-2.8823794441028294
FI-Hyy,2007,1,0.633827,0.950269,0.0301151,0.651801,2007-01-01,FLUXNET2015,-2.976189687758375
FI-Hyy,2007,2,0.474464,0.953869,-0.141708,0.342992,2007-02-01,FLUXNET2015,-3.1495701314139213
FI-Hyy,2007,3,-0.105495,0.985215,1.12311,1.01796,2007-03-01,FLUXNET2015,-1.8863094750694678
FI-Hyy,2007,4,-0.829666,0.992361,2.50641,1.68048,2007-04-01,FLUXNET2015,-0.5045668187250143
FI-Hyy,2007,5,-1.85862,0.986559,4.59722,2.7398,2007-05-01,FLUXNET2015,1.5846858376194397
FI-Hyy,2007,6,-3.54581,0.916667,8.59536,5.23878,2007-06-01,FLUXNET2015,5.581268493963893
FI-Hyy,2007,7,-2.24337,0.983871,8.34546,6.19405,2007-07-01,FLUXNET2015,5.3298111503083465
FI-Hyy,2007,8,-2.47634,0.977151,7.79756,5.33812,2007-08-01,FLUXNET2015,4.780353806652801
FI-Hyy,2007,9,-0.202198,0.995139,3.94249,3.82321,2007-09-01,FLUXNET2015,0.9237264629972546
FI-Hyy,2007,10,0.836004,0.983871,1.22469,2.06381,2007-10-01,FLUXNET2015,-1.7956308806582915
FI-Hyy,2007,11,0.642642,0.974306,0.18359,0.814979,2007-11-01,FLUXNET2015,-2.838288224313837
FI-Hyy,2007,12,0.752129,0.991263,0.0621541,0.813318,2007-12-01,FLUXNET2015,-2.9612814679693837
FI-Hyy,2008,1,0.555605,1,0.0466303,0.59633100000000006,2008-01-01,FLUXNET2015,-2.97836261162493
FI-Hyy,2008,2,0.453878,0.967672,0.203352,0.658602,2008-02-01,FLUXNET2015,-2.823198255280476
FI-Hyy,2008,3,0.373193,0.998656,0.330738,0.71031,2008-03-01,FLUXNET2015,-2.697369598936022
FI-Hyy,2008,4,-0.830778,0.910417,2.01765,1.25323,2008-04-01,FLUXNET2015,-1.0120149425915685
FI-Hyy,2008,5,-3.00323,0.954973,5.40328,2.48042,2008-05-01,FLUXNET2015,2.3720577137528847
FI-Hyy,2008,6,-2.76345,0.979861,7.10179,4.58401,2008-06-01,FLUXNET2015,4.06901037009734
FI-Hyy,2008,7,-2.54486,0.960349,7.73806,5.31769,2008-07-01,FLUXNET2015,4.703723026441793
FI-Hyy,2008,8,-1.31097,0.998656,5.94473,4.69427,2008-08-01,FLUXNET2015,2.9088356827862465
FI-Hyy,2008,9,-0.461044,0.854167,3.78867,3.35204,2008-09-01,FLUXNET2015,0.7512183391307004
FI-Hyy,2008,10,0.884084,0.995296,1.35629,2.21588,2008-10-01,FLUXNET2015,-1.6827190045248461
FI-Hyy,2008,11,0.806445,1,0.293126,1.08027,2008-11-01,FLUXNET2015,-2.747440348180392
FI-Hyy,2008,12,0.766252,0.999328,-0.0030041,0.744057,2008-12-01,FLUXNET2015,-3.045127791835938
FI-Hyy,2009,1,0.681773,0.899194,-0.0660521,0.5962,2009-01-01,FLUXNET2015,-3.109733135491484
FI-Hyy,2009,2,0.385385,0.994792,0.0671358,0.447137,2009-02-01,FLUXNET2015,-2.978102579147031
FI-Hyy,2009,3,0.417054,0.995968,0.216547,0.617523,2009-03-01,FLUXNET2015,-2.8302487228025774
FI-Hyy,2009,4,-0.377005,0.997222,1.84626,1.4665,2009-04-01,FLUXNET2015,-1.2020930664581235
FI-Hyy,2009,5,-2.80439,1,5.83818,3.0742,2009-05-01,FLUXNET2015,2.788269589886331
FI-Hyy,2009,6,-3.66096,0.95625,8.58822,5.06853,2009-06-01,FLUXNET2015,5.536752246230784
FI-Hyy,2009,7,-3.43361,0.979167,9.39744,5.96627,2009-07-01,FLUXNET2015,6.344414902575238
FI-Hyy,2009,8,-1.93077,0.971774,7.92523,6.20257,2009-08-01,FLUXNET2015,4.870647558919692
FI-Hyy,2009,9,-0.287677,0.995833,4.51087,4.21276,2009-09-01,FLUXNET2015,1.4547302152641453
FI-Hyy,2009,10,0.373008,1,1.49105,1.86502,2009-10-01,FLUXNET2015,-1.566647128391401
FI-Hyy,2009,11,0.687264,0.999306,0.26353,0.951905,2009-11-01,FLUXNET2015,-2.7957244720469467
FI-Hyy,2009,12,0.677486,0.875,0.141514,0.708362,2009-12-01,FLUXNET2015,-2.919297815702493
FI-Hyy,2010,1,0.326995,0.455645,-0.144873,0.184553,2010-01-01,FLUXNET2015,-3.2072421593580396
FI-Hyy,2010,2,0.261985,0.981399,0.117103,0.374069,2010-02-01,FLUXNET2015,-2.9468235030135856
FI-Hyy,2010,3,0.50484,0.998656,0.274016,0.768631,2010-03-01,FLUXNET2015,-2.7914678466691316
FI-Hyy,2010,4,-0.562944,1,2.01388,1.46305,2010-04-01,FLUXNET2015,-1.0531611903246783
FI-Hyy,2010,5,-1.73069,0.955645,5.16323,3.46699,2010-05-01,FLUXNET2015,2.0946314660197762
FI-Hyy,2010,6,-3.04945,0.388194,8.13595,5.1831,2010-06-01,FLUXNET2015,5.065794122364228
FI-Hyy,2010,7,-2.45626,0.950269,8.44976,5.87842,2010-07-01,FLUXNET2015,5.378046778708683
FI-Hyy,2010,8,-1.65528,0.947581,7.17783,5.60393,2010-08-01,FLUXNET2015,4.104559435053137
FI-Hyy,2010,9,0.0668729,0.963194,3.89916,3.92363,2010-09-01,FLUXNET2015,0.8243320913975909
FI-Hyy,2010,10,0.293217,1,1.513,1.79573,2010-10-01,FLUXNET2015,-1.5633852522579557
FI-Hyy,2010,11,0.735631,0.995833,0.175627,0.903865,2010-11-01,FLUXNET2015,-2.902315595913502
FI-Hyy,2010,12,0.350346,0.986559,-0.101913,0.247349,2010-12-01,FLUXNET2015,-3.181412939569048
FR-Fon,2005,1,1.0336023,0,0.32856229,1.3634824,2005-01-01,FLUXNET2015,-4.569227221720423
FR-Fon,2005,2,0.9155607,0,0.3264637,1.2493164,2005-02-01,FLUXNET2015,-4.572535588954776
FR-Fon,2005,3,1.43585,0.701613,0.85396,2.1816,2005-03-01,FLUXNET2015,-4.046249066189167
FR-Fon,2005,4,1.11034,0.998611,2.67479,3.8158,2005-04-01,FLUXNET2015,-2.226628843423558
FR-Fon,2005,5,-4.2881,0.995296,9.45258,5.19178,2005-05-01,FLUXNET2015,4.549951379342049
FR-Fon,2005,6,-6.76827,0.986111,12.3754,5.68812,2005-06-01,FLUXNET2015,7.471561602107661
FR-Fon,2005,7,-6.06364,0.987231,11.9373,5.87695,2005-07-01,FLUXNET2015,7.032251824873269
FR-Fon,2005,8,-5.13368,0.961022,9.60099,4.52691,2005-08-01,FLUXNET2015,4.694732047638876
FR-Fon,2005,9,-3.05834,0.988889,6.17461,3.1654,2005-09-01,FLUXNET2015,1.2671422704044861
FR-Fon,2005,10,-0.349951,0.997984,3.57314,3.23478,2005-10-01,FLUXNET2015,-1.3355375068299058
FR-Fon,2005,11,0.583579,0.990278,1.0428,1.66247,2005-11-01,FLUXNET2015,-3.8670872840642976
FR-Fon,2005,12,1.11152,0.995296,0.115685,1.18859,2005-12-01,FLUXNET2015,-4.795412061298689
FR-Fon,2006,1,0.593142,0.999328,0.480125,1.05789,2006-01-01,FLUXNET2015,-4.432181838533079
FR-Fon,2006,2,0.805205,0.993304,0.30702,1.10401,2006-02-01,FLUXNET2015,-4.606496615767472
FR-Fon,2006,3,0.995443,0.999328,0.888224,1.88967,2006-03-01,FLUXNET2015,-4.026502393001862
FR-Fon,2006,4,0.616768,0.996528,2.20727,2.83235,2006-04-01,FLUXNET2015,-2.708666170236254
FR-Fon,2006,5,-3.64049,0.995968,8.94794,5.39,2006-05-01,FLUXNET2015,4.030794052529354
FR-Fon,2006,6,-6.79147,0.99375,12.1291,5.35827,2006-06-01,FLUXNET2015,7.210744275294963
FR-Fon,2006,7,-5.92655,0.980511,10.0881,4.20535,2006-07-01,FLUXNET2015,5.168534498060573
FR-Fon,2006,8,-4.85268,0.991935,8.96501,4.14682,2006-08-01,FLUXNET2015,4.044234720826181
FR-Fon,2006,9,-1.94959,0.989583,6.49676,4.57669,2006-09-01,FLUXNET2015,1.57477494359179
FR-Fon,2006,10,-0.450864,0.994624,3.61165,3.1835,2006-10-01,FLUXNET2015,-1.3115448336426012
FR-Fon,2006,11,0.462094,0.998611,1.16618,1.6703,2006-11-01,FLUXNET2015,-3.7582246108769928
FR-Fon,2006,12,0.577145,0.999328,0.237841,0.864899,2006-12-01,FLUXNET2015,-4.687773388111384
FR-Fon,2007,1,1.71901,0.995968,0.0640625,1.78684,2007-01-01,FLUXNET2015,-4.862761665345775
FR-Fon,2007,2,1.39409,0.99628,0.163086,1.58802,2007-02-01,FLUXNET2015,-4.764947942580167
FR-Fon,2007,3,1.45706,0.994624,0.620123,2.07596,2007-03-01,FLUXNET2015,-4.309120719814557
FR-Fon,2007,4,-0.362136,0.957639,5.71316,5.34627,2007-04-01,FLUXNET2015,0.7827065029510509
FR-Fon,2007,5,-6.89423,0.998656,11.8768,4.99068,2007-05-01,FLUXNET2015,6.945136725716659
FR-Fon,2007,6,-7.54075,0.992361,12.7493,5.22542,2007-06-01,FLUXNET2015,7.816426948482268
FR-Fon,2007,7,-6.57144,0.99328,11.4853,4.92012,2007-07-01,FLUXNET2015,6.5512171712478775
FR-Fon,2007,8,-5.08729,0.989247,9.0378,3.96279,2007-08-01,FLUXNET2015,4.102507394013486
FR-Fon,2007,9,-3.68524,0.984028,5.6923,2.05768,2007-09-01,FLUXNET2015,0.7557976167790947
FR-Fon,2007,10,-0.486541,0.989247,3.01905,2.46312,2007-10-01,FLUXNET2015,-1.918662160455297
FR-Fon,2007,11,1.66539,0.986806,0.421885,2.1227,2007-11-01,FLUXNET2015,-4.517036937689689
FR-Fon,2007,12,1.29236,0.99664,0.417494,1.71486,2007-12-01,FLUXNET2015,-4.5226377149240795
FR-Fon,2008,1,1.14913,0.994624,0.280804,1.44729,2008-01-01,FLUXNET2015,-4.660537492158471
FR-Fon,2008,2,0.94575,0.994253,0.451683,1.4034,2008-02-01,FLUXNET2015,-4.490868269392862
FR-Fon,2008,3,1.48881,0.998656,0.471872,1.95355,2008-03-01,FLUXNET2015,-4.471889046627253
FR-Fon,2008,4,1.19152,0.997917,1.42228,2.60342,2008-04-01,FLUXNET2015,-3.522690823861645
FR-Fon,2008,5,-4.63364,0.998656,9.73406,5.13674,2008-05-01,FLUXNET2015,4.787879398903964
FR-Fon,2008,6,-8.34187,0.967361,14.5064,6.15255,2008-06-01,FLUXNET2015,9.559009621669574
FR-Fon,2008,7,-7.20265,0.975806,12.4527,5.25174,2008-07-01,FLUXNET2015,7.504099844435181
FR-Fon,2008,8,-5.08305,0.982527,10.4495,5.33578,2008-08-01,FLUXNET2015,5.49969006720079
FR-Fon,2008,9,-3.78581,0.981944,6.65775,2.9689,2008-09-01,FLUXNET2015,1.7067302899663988
FR-Fon,2008,10,-0.553403,0.984543,2.81812,2.27174,2008-10-01,FLUXNET2015,-2.134109487267992
FR-Fon,2008,11,1.69369,1,0.129627,1.83504,2008-11-01,FLUXNET2015,-4.823812264502384
FR-Fon,2008,12,0.469984,0.997984,0.351523,0.80126,2008-12-01,FLUXNET2015,-4.6031260417367745
FR-Fon,2009,1,0.596968,0.997312,0.211105,0.774383,2009-01-01,FLUXNET2015,-4.744753818971166
FR-Fon,2009,2,0.530261,0.977679,0.137659,0.708499,2009-02-01,FLUXNET2015,-4.819409596205557
FR-Fon,2009,3,0.888652,0.99664,0.593932,1.4869,2009-03-01,FLUXNET2015,-4.364346373439949
FR-Fon,2009,4,0.838459,0.999306,2.97783,3.84525,2009-04-01,FLUXNET2015,-1.9816581506743403
FR-Fon,2009,5,-5.27553,0.983199,11.1268,5.93415,2009-05-01,FLUXNET2015,6.166102072091268
FR-Fon,2009,6,-8.05603,0.982639,13.7762,5.71932,2009-06-01,FLUXNET2015,8.814292294856877
FR-Fon,2009,7,-5.7974,0.999328,14.5327,8.75572,2009-07-01,FLUXNET2015,9.569582517622488
FR-Fon,2009,8,-4.46454,0.984543,9.99301,5.66323,2009-08-01,FLUXNET2015,5.028682740388095
FR-Fon,2009,9,-3.93199,0.945139,6.28461,2.34182,2009-09-01,FLUXNET2015,1.319072963153703
FR-Fon,2009,10,-0.626904,0.982527,3.33368,2.69965,2009-10-01,FLUXNET2015,-1.6330668140806879
FR-Fon,2009,11,2.23635,0.997222,0.290123,2.53571,2009-11-01,FLUXNET2015,-4.677833591315078
FR-Fon,2009,12,1.3816,0.997984,0.104805,1.46155,2009-12-01,FLUXNET2015,-4.864361368549471
FR-Fon,2010,1,0.314783,0.992608,0.237182,0.578041,2010-01-01,FLUXNET2015,-4.733194145783862
FR-Fon,2010,2,1.32363,1,0.338608,1.66019,2010-02-01,FLUXNET2015,-4.632977923018253
FR-Fon,2010,3,1.24392,0.99664,0.629115,1.90979,2010-03-01,FLUXNET2015,-4.343680700252644
FR-Fon,2010,4,1.15824,0.98125,2.95278,4.15001,2010-04-01,FLUXNET2015,-2.0212254774870355
FR-Fon,2010,5,-5.42054,0.989247,8.36228,3.01819,2010-05-01,FLUXNET2015,3.387064745278573
FR-Fon,2010,6,-7.8306,0.98125,13.1328,5.42694,2010-06-01,FLUXNET2015,8.156374968044181
FR-Fon,2010,7,-6.69121,0.960349,12.5406,5.91627,2010-07-01,FLUXNET2015,7.56296519080979
FR-Fon,2010,8,-5.85017,0.989247,10.8507,5.12238,2010-08-01,FLUXNET2015,5.871855413575399
FR-Fon,2010,9,-3.69413,0.952778,7.97989,4.35865,2010-09-01,FLUXNET2015,2.999835636341008
FR-Fon,2010,10,-0.64446,0.995968,4.3815,3.73575,2010-10-01,FLUXNET2015,-0.5997641408933836
FR-Fon,2010,11,1.77604,0.984722,0.439669,2.21978,2010-11-01,FLUXNET2015,-4.542804918127775
FR-Fon,2010,12,0.0155116,0.995968,0.206372,0.258911,2010-12-01,FLUXNET2015,-4.777311695362166
FR-Fon,2011,1,1.24266,0.959677,0.939638,2.29599,2011-01-01,FLUXNET2015,-4.045255472596557
FR-Fon,2011,2,0.801931,0.994792,0.255708,1.08,2011-02-01,FLUXNET2015,-4.7303952498309485
FR-Fon,2011,3,1.58877,0.97379,0.807921,2.46386,2011-03-01,FLUXNET2015,-4.17939202706534
FR-Fon,2011,4,-0.324345,0.990972,5.77492,5.35197,2011-04-01,FLUXNET2015,0.7863971957002687
FR-Fon,2011,5,-8.0686,0.96707,12.6756,4.67093,2011-05-01,FLUXNET2015,7.685867418465876
FR-Fon,2011,6,-6.70359,0.979167,11.9116,5.23975,2011-06-01,FLUXNET2015,6.920657641231486
FR-Fon,2011,7,-6.1638,0.982527,10.174,3.99763,2011-07-01,FLUXNET2015,5.181847863997095
FR-Fon,2011,8,-5.14176,0.981855,10.407,5.34541,2011-08-01,FLUXNET2015,5.413638086762704
FR-Fon,2011,9,-2.5095,0.991667,7.43184,4.93555,2011-09-01,FLUXNET2015,2.4372683095283127
FR-Fon,2011,10,-0.725317,0.99664,3.35894,2.64214,2011-10-01,FLUXNET2015,-1.636841467706079
FR-Fon,2011,11,0.640055,0.999306,0.806155,1.53864,2011-11-01,FLUXNET2015,-4.19083624494047
FR-Fon,2011,12,1.89753,0.995968,0.17268,2.07906,2011-12-01,FLUXNET2015,-4.825521022174862
FR-Fon,2012,1,1.15351,0.998656,0.155275,1.31206,2012-01-01,FLUXNET2015,-4.844135799409253
FR-Fon,2012,2,0.140965,0.970546,0.616426,0.827957,2012-02-01,FLUXNET2015,-4.384194576643645
FR-Fon,2012,3,1.17447,0.983871,0.981946,2.22937,2012-03-01,FLUXNET2015,-4.0198843538780356
FR-Fon,2012,4,0.800697,0.99375,1.72154,2.51728,2012-04-01,FLUXNET2015,-3.281500131112427
FR-Fon,2012,5,-3.03859,0.995968,7.84394,4.83562,2012-05-01,FLUXNET2015,2.8396900916531815
FR-Fon,2012,6,-6.30537,1,11.7869,5.57092,2012-06-01,FLUXNET2015,6.7814403144187905
FR-Fon,2012,7,-4.97106,0.979839,12.7122,7.74767,2012-07-01,FLUXNET2015,7.705530537184399
FR-Fon,2012,8,-4.62217,0.993952,10.1712,5.49761,2012-08-01,FLUXNET2015,5.163320759950008
FR-Fon,2012,9,-3.84854,0.95625,6.93849,3.13515,2012-09-01,FLUXNET2015,1.9294009827156167
FR-Fon,2012,10,-0.607227,0.990591,3.24616,2.69542,2012-10-01,FLUXNET2015,-1.7641387945187745
FR-Fon,2012,11,1.21411,0.999306,0.324414,1.57072,2012-11-01,FLUXNET2015,-4.687094571753166
FR-Fon,2012,12,1.4985,1,-0.00920683,1.50741,2012-12-01,FLUXNET2015,-5.021925178987558
FR-Fon,2013,1,1.09721,0.99328,0.0788544,1.1833,2013-01-01,FLUXNET2015,-4.935073726221948
FR-Fon,2013,2,0.595125,0.997768,0.249364,0.850068,2013-02-01,FLUXNET2015,-4.765773903456339
FR-Fon,2013,3,0.653069,1,0.315646,0.948418,2013-03-01,FLUXNET2015,-4.700701680690731
FR-Fon,2013,4,1.3669,0.985417,1.27423,2.63456,2013-04-01,FLUXNET2015,-3.743327457925122
FR-Fon,2013,5,-3.0713,0.997984,6.95718,3.83902,2013-05-01,FLUXNET2015,1.9384127648404865
FR-Fon,2013,6,-7.53809,0.992361,12.3944,4.99203,2013-06-01,FLUXNET2015,7.374422987606094
FR-Fon,2013,7,-7.08505,0.922043,12.6465,5.56332,2013-07-01,FLUXNET2015,7.625313210371703
FR-Fon,2013,8,-6.03426,0.891801,11.1081,5.30663,2013-08-01,FLUXNET2015,6.085703433137312
FR-Fon,2013,9,-4.11472,0.991667,7.29254,3.31079,2013-09-01,FLUXNET2015,2.268933655902921
FR-Fon,2013,10,-0.617198,0.997984,3.75019,3.13552,2013-10-01,FLUXNET2015,-1.27462612133147
FR-Fon,2013,11,1.64326,0.995833,0.58008,2.22581,2013-11-01,FLUXNET2015,-4.445945898565862
FR-Fon,2013,12,1.68886,0.991263,-0.0386158,1.62245,2013-12-01,FLUXNET2015,-5.065851475800252
FR-Fon,2014,1,1.1344,1,0.23887,1.36546,2014-01-01,FLUXNET2015,-4.789575453034643
FR-Fon,2014,2,1.28249,0.729911,0.266465,1.55583,2014-02-01,FLUXNET2015,-4.763190230269036
FR-Fon,2014,3,1.1962394,0,0.6937031,1.8949258,2014-03-01,FLUXNET2015,-4.337161907503426
FR-Fon,2014,4,0.7537483,0,2.780648,3.53255,2014-04-01,FLUXNET2015,-2.2514267847378178
FR-Fon,2014,5,-4.776587,0,9.306891,4.561409,2014-05-01,FLUXNET2015,4.273606438027791
FR-Fon,2014,6,-7.27511,0,12.498619999999999,5.258774,2014-06-01,FLUXNET2015,7.464125660793399
FR-Fon,2014,7,-4.17688,0.465726,8.54535,4.2488,2014-07-01,FLUXNET2015,3.509645883559007
FR-Fon,2014,8,-4.33571,0.990591,11.5419,7.23052,2014-08-01,FLUXNET2015,6.504986106324617
FR-Fon,2014,9,-2.95029,0.975694,7.32554,4.38523,2014-09-01,FLUXNET2015,2.287416329090226
FR-Fon,2014,10,-0.517256,0.995968,4.32889,3.87885,2014-10-01,FLUXNET2015,-0.7104434481441653
FR-Fon,2014,11,1.62621,0.999306,0.585052,2.20111,2014-11-01,FLUXNET2015,-4.455491225378556
FR-Fon,2014,12,1.20979,0.986559,0.0647365,1.2558,2014-12-01,FLUXNET2015,-4.977016502612948
IT-SRo,1999,1,0.80753,0.630376,2.53245,3.33998,1999-01-01,FLUXNET2015,-1.8208524172139962
IT-SRo,1999,2,-0.145943,0.99628,3.57304,3.4271,1999-02-01,FLUXNET2015,-0.799631665236098
IT-SRo,1999,3,-0.818739,0.902554,4.19,3.37127,1999-03-01,FLUXNET2015,-0.2020409132581981
IT-SRo,1999,4,-2.86996,1,7.0643,4.19433,1999-04-01,FLUXNET2015,2.652889838719709
IT-SRo,1999,5,-2.54386,1,7.67595,5.13209,1999-05-01,FLUXNET2015,3.245170590697616
IT-SRo,1999,6,-2.67132,1,7.14588,4.47456,1999-06-01,FLUXNET2015,2.695731342675523
IT-SRo,1999,7,-2.47985,0.827957,6.63754,4.15769,1999-07-01,FLUXNET2015,2.16802209465343
IT-SRo,1999,8,-1.40558,0.998656,4.81597,3.41039,1999-08-01,FLUXNET2015,0.32708284663133724
IT-SRo,1999,9,-0.578954,0.999306,4.27819,3.69923,1999-09-01,FLUXNET2015,-0.23006640139075513
IT-SRo,1999,10,-0.269462,0.889113,5.15711,4.88765,1999-10-01,FLUXNET2015,0.6294843505871518
IT-SRo,1999,11,-0.72027,1,4.73565,4.01538,1999-11-01,FLUXNET2015,0.18865510256505832
IT-SRo,1999,12,1.19541,0.946237,2.64974,3.84055,1999-12-01,FLUXNET2015,-1.916624145457034
IT-SRo,2000,1,0.385547,0.919355,2.57632,2.96876,2000-01-01,FLUXNET2015,-2.0094133934791274
IT-SRo,2000,2,-1.01684,0.974856,3.82425,2.84045,2000-02-01,FLUXNET2015,-0.7808526415012197
IT-SRo,2000,3,-1.65813,0.94086,5.24805,3.66577,2000-03-01,FLUXNET2015,0.6235781104766877
IT-SRo,2000,4,-2.28251,0.951389,6.86498,4.59762,2000-04-01,FLUXNET2015,2.2211388624545947
IT-SRo,2000,5,-2.87935,0.795027,8.51244,5.6166,2000-05-01,FLUXNET2015,3.8492296144325016
IT-SRo,2000,6,-2.83008,0.6875,7.76238,4.95419,2000-06-01,FLUXNET2015,3.079800366410409
IT-SRo,2000,7,-1.65155,1,6.48189,4.79605,2000-07-01,FLUXNET2015,1.7799411183883158
IT-SRo,2000,8,-0.885661,0.982527,4.92784,3.98811,2000-08-01,FLUXNET2015,0.20652187036622302
IT-SRo,2000,9,-1.39805,0.885417,5.84475,4.37953,2000-09-01,FLUXNET2015,1.1040626223441306
IT-SRo,2000,10,-0.255964,1,4.59397,4.30818,2000-10-01,FLUXNET2015,-0.1660866256779629
IT-SRo,2000,11,-0.215869,0.635417,3.65581,3.44069,2000-11-01,FLUXNET2015,-1.1236158737000557
IT-SRo,2000,12,0.552243,0.973118,2.24538,2.80884,2000-12-01,FLUXNET2015,-2.553415121722148
IT-SRo,2001,1,0.154692,0.954301,2.31695,2.47164,2001-01-01,FLUXNET2015,-2.5012143697442415
IT-SRo,2001,2,-0.932132,0.948661,3.71078,2.77865,2001-02-01,FLUXNET2015,-1.1267536177663338
IT-SRo,2001,3,-0.809067,0.998656,4.9965,4.18743,2001-03-01,FLUXNET2015,0.1395971342115734
IT-SRo,2001,4,-2.74877,0.990972,7.08232,4.33355,2001-04-01,FLUXNET2015,2.2060478861894808
IT-SRo,2001,5,-2.33447,0.986559,8.05089,5.71642,2001-05-01,FLUXNET2015,3.1552486381673885
IT-SRo,2001,6,-2.81959,0.988194,8.60341,5.78382,2001-06-01,FLUXNET2015,3.688399390145295
IT-SRo,2001,7,-1.37846,0.984543,7.23569,5.85723,2001-07-01,FLUXNET2015,2.3013101421232016
IT-SRo,2001,8,-0.282406,0.963038,5.06448,4.78208,2001-08-01,FLUXNET2015,0.11073089410110873
IT-SRo,2001,9,-0.358834,0.996528,4.69473,4.33589,2001-09-01,FLUXNET2015,-0.27838835392098393
IT-SRo,2001,10,-0.175199,0.995968,5.33532,5.16012,2001-10-01,FLUXNET2015,0.34283239805692356
IT-SRo,2001,11,-0.253494,0.926389,3.46916,3.21567,2001-11-01,FLUXNET2015,-1.5426968499651694
IT-SRo,2001,12,-0.0680437,0.984543,2.98989,2.92184,2001-12-01,FLUXNET2015,-2.0413360979872626
IT-SRo,2002,1,-0.423082,0.745296,2.75068,2.3276,2002-01-01,FLUXNET2015,-2.2999153460093553
IT-SRo,2002,2,0.0416479,0.311012,3.07115,3.1128,2002-02-01,FLUXNET2015,-1.9988145940314481
IT-SRo,2002,3,-1.75363,0.709677,6.05342,4.29979,2002-03-01,FLUXNET2015,0.964086157946459
IT-SRo,2002,4,-2.44119,0.758333,7.2328,4.79161,2002-04-01,FLUXNET2015,2.1240969099243667
IT-SRo,2002,5,-2.35288,0.990591,8.75765,6.40477,2002-05-01,FLUXNET2015,3.6295776619022737
IT-SRo,2002,6,-1.91988,0.778472,7.25629,5.33641,2002-06-01,FLUXNET2015,2.108848413880181
IT-SRo,2002,7,-1.29568,0.997312,6.85318,5.5575,2002-07-01,FLUXNET2015,1.6863691658580877
IT-SRo,2002,8,-1.40598,0.919355,7.07864,5.67266,2002-08-01,FLUXNET2015,1.8924599178359953
IT-SRo,2002,9,-1.18913,0.997917,5.96158,4.77245,2002-09-01,FLUXNET2015,0.7560306698139018
IT-SRo,2002,10,-0.027556400000000002,0.980511,3.50145,3.47389,2002-10-01,FLUXNET2015,-1.7234685782081904
IT-SRo,2002,11,0.443624,0.947917,2.12661,2.57023,2002-11-01,FLUXNET2015,-3.1176778262302838
IT-SRo,2002,12,0.423254,0.721102,1.45647,1.87972,2002-12-01,FLUXNET2015,-3.8071870742523757
IT-SRo,2003,1,-1.3099,0.793011,2.6256,1.33183,2003-01-01,FLUXNET2015,-2.6574263222744694
IT-SRo,2003,2,-2.08977,0.909226,3.53598,1.45033,2003-02-01,FLUXNET2015,-1.766415570296562
IT-SRo,2003,3,-3.33011,0.966398,5.94249,2.64595,2003-03-01,FLUXNET2015,0.6207251816813454
IT-SRo,2003,4,-2.84876,0.951389,6.75543,3.90939,2003-04-01,FLUXNET2015,1.4142959336592518
IT-SRo,2003,5,-3.03834,0.961022,7.60482,4.54977,2003-05-01,FLUXNET2015,2.2443166856371595
IT-SRo,2003,6,-1.62363,0.938194,6.43277,4.78441,2003-06-01,FLUXNET2015,1.0528974376150664
IT-SRo,2003,7,-0.344246,0.997984,3.71786,3.4159,2003-07-01,FLUXNET2015,-1.6813818104070264
IT-SRo,2003,8,0.200439,0.929435,3.46194,3.67549,2003-08-01,FLUXNET2015,-1.9566710584291194
IT-SRo,2003,9,-0.0413886,0.982639,3.59358,3.55353,2003-09-01,FLUXNET2015,-1.8444003064512118
IT-SRo,2003,10,-0.101512,0.991263,3.13846,3.05019,2003-10-01,FLUXNET2015,-2.3188895544733046
IT-SRo,2003,11,0.689216,0.995833,2.8427,3.51974,2003-11-01,FLUXNET2015,-2.634018802495398
IT-SRo,2003,12,0.576294,0.988575,1.91049,2.47153,2003-12-01,FLUXNET2015,-3.58559805051749
IT-SRo,2004,1,-0.833751,0.99664,2.00947,1.18188,2004-01-01,FLUXNET2015,-3.5059872985395835
IT-SRo,2004,2,-0.0989844,0.997845,2.42773,2.3005,2004-02-01,FLUXNET2015,-3.1070965465616758
IT-SRo,2004,3,-2.22519,0.99664,4.71608,2.48799,2004-03-01,FLUXNET2015,-0.8381157945837692
IT-SRo,2004,4,-2.31503,0.996528,5.61655,3.30652,2004-04-01,FLUXNET2015,0.042984957394138296
IT-SRo,2004,5,-3.44066,0.999328,6.94979,3.53561,2004-05-01,FLUXNET2015,1.3568557093720455
IT-SRo,2004,6,-2.78771,0.7625,7.19776,4.42978,2004-06-01,FLUXNET2015,1.5854564613499522
IT-SRo,2004,7,-2.175,0.728495,6.56017,4.41808,2004-07-01,FLUXNET2015,0.92849721332786
IT-SRo,2004,8,-1.3896,0.81586,5.37915,3.98009,2004-08-01,FLUXNET2015,-0.27189203469423306
IT-SRo,2004,9,-0.29315600000000003,0.989583,4.68822,4.37886,2004-09-01,FLUXNET2015,-0.9821912827163257
IT-SRo,2004,10,0.0954913,0.998656,3.8346,3.92918,2004-10-01,FLUXNET2015,-1.8551805307384188
IT-SRo,2004,11,-0.835192,0.965972,3.14693,2.31441,2004-11-01,FLUXNET2015,-2.562219778760512
IT-SRo,2004,12,-0.383421,0.983871,2.67645,2.32221,2004-12-01,FLUXNET2015,-3.052069026782605
IT-SRo,2005,1,-0.986002,0.910618,2.36485,1.37474,2005-01-01,FLUXNET2015,-3.383038274804697
IT-SRo,2005,2,-1.31214,0.973214,2.78071,1.46303,2005-02-01,FLUXNET2015,-2.9865475228267906
IT-SRo,2005,3,-1.63901,0.999328,4.05955,2.41862,2005-03-01,FLUXNET2015,-1.7270767708488832
IT-SRo,2005,4,-2.43464,0.999306,5.687,3.24841,2005-04-01,FLUXNET2015,-0.11899601887097565
IT-SRo,2005,5,-2.8091,0.0846774,6.93269,4.12359,2005-05-01,FLUXNET2015,1.1073247331069314
IT-SRo,2005,6,-2.4640677857142856,0,9.034757857142857,6.574411428571429,2005-06-01,FLUXNET2015,3.190023342227695
IT-SRo,2005,7,-1.859585,0,7.8594164285714285,6.008926428571429,2005-07-01,FLUXNET2015,1.9953126656341742
IT-SRo,2005,8,-0.8789556571428572,0,6.344677857142857,5.468795,2005-08-01,FLUXNET2015,0.46120484618350976
IT-SRo,2005,9,-1.42407,0.494444,5.66799,4.26177,2005-09-01,FLUXNET2015,-0.23485225898144046
IT-SRo,2005,10,-0.633636,0.977151,4.41194,3.75919,2005-10-01,FLUXNET2015,-1.5102715070035324
IT-SRo,2005,11,-0.44306,0.809722,3.50538,3.05184,2005-11-01,FLUXNET2015,-2.4362007550256255
IT-SRo,2005,12,-0.191175,0.730511,1.9808,1.79738,2005-12-01,FLUXNET2015,-3.980150003047719
IT-SRo,2006,1,-1.07978,0.987903,2.24408,1.16893,2006-01-01,FLUXNET2015,-3.7362392510698115
IT-SRo,2006,2,-1.85109,0.998512,2.89782,1.0582,2006-02-01,FLUXNET2015,-3.1018684990919048
IT-SRo,2006,3,-2.31865,0.997312,5.80041,3.47835,2006-03-01,FLUXNET2015,-0.21864774711399687
IT-SRo,2006,4,-3.46112,0.997222,7.92982,4.47532,2006-04-01,FLUXNET2015,1.89139300486391
IT-SRo,2006,5,-4.40847,0.999328,9.89558,5.47506,2006-05-01,FLUXNET2015,3.837783756841818
IT-SRo,2006,6,-3.90898,0.992361,9.11383,5.2064,2006-06-01,FLUXNET2015,3.036664508819724
IT-SRo,2006,7,-1.53546,0.734543,6.83969,5.27003,2006-07-01,FLUXNET2015,0.7431552607976316
IT-SRo,2006,8,-0.27327,0.995968,6.61105,6.34258,2006-08-01,FLUXNET2015,0.4951460127755384
IT-SRo,2006,9,-0.36801,0.994444,5.76581,5.39777,2006-09-01,FLUXNET2015,-0.3694632352465542
IT-SRo,2006,10,-0.012153,0.99328,5.76325,5.75307,2006-10-01,FLUXNET2015,-0.39139248326864684
IT-SRo,2006,11,0.280975,0.975,4.5401,4.81499,2006-11-01,FLUXNET2015,-1.6339117312907399
IT-SRo,2006,12,-0.201841,0.991935,3.28505,3.0988,2006-12-01,FLUXNET2015,-2.908330979312833
IT-SRo,2007,1,0.0505052,0.729167,3.31869,3.36931,2007-01-01,FLUXNET2015,-2.894060227334925
IT-SRo,2007,2,-1.06107,0.993304,4.72541,3.66434,2007-02-01,FLUXNET2015,-1.5067094753570183
IT-SRo,2007,3,-1.9851,0.991263,6.59489,4.60527,2007-03-01,FLUXNET2015,0.34340127662088904
IT-SRo,2007,4,-4.00031,0.996528,9.68071,5.729,2007-04-01,FLUXNET2015,3.409852028598795
IT-SRo,2007,5,-3.33852,0.994624,9.99842,6.67185,2007-05-01,FLUXNET2015,3.7081927805767023
IT-SRo,2007,6,-2.99437,0.999306,10.5391,7.53786,2007-06-01,FLUXNET2015,4.229503532554609
IT-SRo,2007,7,-0.98137,0.994624,6.35978,5.37914,2007-07-01,FLUXNET2015,0.03081428453251714
IT-SRo,2007,8,0.0290664,0.997312,5.24845,5.24945,2007-08-01,FLUXNET2015,-1.0998849634895755
IT-SRo,2007,9,-0.525568,0.99375,6.31333,5.7854,2007-09-01,FLUXNET2015,-0.054374211511668644
IT-SRo,2007,10,-0.801636,0.989247,5.68306,4.88288,2007-10-01,FLUXNET2015,-0.7040134595337609
IT-SRo,2007,11,-0.296536,0.936806,4.2957,3.99341,2007-11-01,FLUXNET2015,-2.1107427075558536
IT-SRo,2007,12,-0.503544,0.68414,2.39768,1.89558,2007-12-01,FLUXNET2015,-4.028131955577948
IT-SRo,2008,1,-0.514379,0.729167,1.97716,1.46994,2008-01-01,FLUXNET2015,-4.46802120360004
IT-SRo,2008,2,-0.681362,0.386494,4.38033,3.71237,2008-02-01,FLUXNET2015,-2.0842204516221328
IT-SRo,2008,3,-0.86435,0.959677,7.06647,6.19015,2008-03-01,FLUXNET2015,0.5825503003557745
IT-SRo,2008,4,0.292396,0.965972,8.87151,9.1203,2008-04-01,FLUXNET2015,2.3682210523336824
IT-SRo,2008,5,1.26008,0.644489,9.88095,11.1253,2008-05-01,FLUXNET2015,3.3582918043115892
IT-SRo,2008,6,-0.818289,0.968056,14.5618,13.7129,2008-06-01,FLUXNET2015,8.019772556289496
IT-SRo,2008,7,-2.83605,0.974462,12.7335,9.91595,2008-07-01,FLUXNET2015,6.172103308267403
IT-SRo,2008,8,-0.615709,0.594086,10.3838,9.754,2008-08-01,FLUXNET2015,3.803034060245311
IT-SRo,2008,9,-0.11972182857142856,0,5.670902857142857,5.5514592857142855,2008-09-01,FLUXNET2015,-0.9292323306339253
IT-SRo,2008,10,0.18282835714285714,0,4.889931428571429,5.069597857142857,2008-10-01,FLUXNET2015,-1.7295730072274462
IT-SRo,2008,11,0.17924021428571427,0,3.8356992857142855,4.008456428571429,2008-11-01,FLUXNET2015,-2.8031743981066826
IT-SRo,2008,12,-0.200774,0.1875,4.50502,4.29599,2008-12-01,FLUXNET2015,-2.153222931843061
IT-SRo,2009,1,-0.388244,0.985215,3.04878,2.64656,2009-01-01,FLUXNET2015,-3.628832179865154
IT-SRo,2009,2,-1.88608,0.982143,5.39375,3.50131,2009-02-01,FLUXNET2015,-1.3032314278872468
IT-SRo,2009,3,-3.21864,0.993952,7.27297,4.06744,2009-03-01,FLUXNET2015,0.5566193240906606
IT-SRo,2009,4,-1.9644,0.995139,9.2386,7.2502,2009-04-01,FLUXNET2015,2.5028800760685677
IT-SRo,2009,5,-2.32359,0.989919,12.9151,10.6173,2009-05-01,FLUXNET2015,6.160010828046475
IT-SRo,2009,6,-2.46103,0.891667,12.2886,9.86266,2009-06-01,FLUXNET2015,5.514141580024382
IT-SRo,2009,7,-4.75672,0.392473,12.7064,8.04866,2009-07-01,FLUXNET2015,5.91257233200229
IT-SRo,2009,8,-2.38844,6.72043e-4,8.29453,5.91885,2009-08-01,FLUXNET2015,1.4813330839801964
IT-SRo,2009,9,0.679755,0.742361,5.51156,6.2126,2009-09-01,FLUXNET2015,-1.3210061640418962
IT-SRo,2009,10,0.170668,0.984543,6.66556,6.80517,2009-10-01,FLUXNET2015,-0.18637541206398903
IT-SRo,2009,11,0.826094,0.620139,4.62483,5.4069,2009-11-01,FLUXNET2015,-2.246474660086082
IT-SRo,2009,12,-0.74129,0.807796,3.10084,2.36376,2009-12-01,FLUXNET2015,-3.789833908108175
IT-SRo,2010,1,-2.25457,0.501344,3.57094,1.39236,2010-01-01,FLUXNET2015,-3.3391031561302675
IT-SRo,2010,2,-1.60121,0.362351,3.97142,2.36955,2010-02-01,FLUXNET2015,-2.957992404152361
IT-SRo,2010,3,-2.7718,0.732527,6.40273,3.63697,2010-03-01,FLUXNET2015,-0.5460516521744535
IT-SRo,2010,4,-2.13213,0.605556,8.14593,6.00818,2010-04-01,FLUXNET2015,1.1777790998034536
IT-SRo,2010,5,-3.83347,0.790995,10.9197,7.03034,2010-05-01,FLUXNET2015,3.932179851781361
IT-SRo,2010,6,-2.20044,0.888889,9.74082,7.56073,2010-06-01,FLUXNET2015,2.733930603759267
IT-SRo,2010,7,-0.529216,0.99664,10.5021,9.92378,2010-07-01,FLUXNET2015,3.4758413557371757
IT-SRo,2010,8,-1.16135,0.920699,10.6621,9.50976,2010-08-01,FLUXNET2015,3.616472107715083
IT-SRo,2010,9,-0.866836,0.991667,8.54,7.64684,2010-09-01,FLUXNET2015,1.4750028596929885
IT-SRo,2010,10,0.0660041,0.986559,5.92754,5.99862,2010-10-01,FLUXNET2015,-1.156826388329104
IT-SRo,2010,11,0.521972,0.824306,3.79299,4.31496,2010-11-01,FLUXNET2015,-3.310745636351196
IT-SRo,2010,12,-0.300512,0.479167,2.42605,2.11851,2010-12-01,FLUXNET2015,-4.697054884373289
US-Ha1,1991,1,1.4984055,0,0.05489928636363637,1.4711116363636363,1991-01-01,FLUXNET2015,-3.240097695562207
US-Ha1,1991,2,1.7390080909090908,0,-0.03385156545454546,1.6368333636363637,1991-02-01,FLUXNET2015,-3.3337166143510903
US-Ha1,1991,3,1.5990382272727273,0,0.3367239727272727,1.8707946363636363,1991-03-01,FLUXNET2015,-2.9680091431399713
US-Ha1,1991,4,1.224835,0,1.2889211818181818,2.445175909090909,1991-04-01,FLUXNET2015,-2.020680001019766
US-Ha1,1991,5,0.35599756363636365,0,4.388411363636363,4.671749090909091,1991-05-01,FLUXNET2015,1.0739421138277108
US-Ha1,1991,6,-4.508095409090909,0,10.104930454545455,5.413167272727272,1991-06-01,FLUXNET2015,6.7855931377660985
US-Ha1,1991,7,-5.387452363636363,0,11.483034545454545,6.063271818181818,1991-07-01,FLUXNET2015,8.158829161704485
US-Ha1,1991,8,-4.540471545454546,0,9.270113636363636,4.753532272727273,1991-08-01,FLUXNET2015,5.94104018564287
US-Ha1,1991,9,-2.6611189545454548,0,6.696261818181818,4.004302727272727,1991-09-01,FLUXNET2015,3.3623203004903477
US-Ha1,1991,10,0.766493,0.233871,0.962286,1.72898,1991-10-01,FLUXNET2015,-2.3765235846621753
US-Ha1,1991,11,1.47818,0.959722,0.432705,1.90419,1991-11-01,FLUXNET2015,-2.9109726516328793
US-Ha1,1991,12,1.21626,0.895161,0.076765,1.27215,1991-12-01,FLUXNET2015,-3.271780718603584
US-Ha1,1992,1,0.929036,0.833333,0.0890908,0.99885,1992-01-01,FLUXNET2015,-3.2643229855742883
US-Ha1,1992,2,0.821307,0.935345,-0.0545354,0.764479,1992-02-01,FLUXNET2015,-3.412817252544993
US-Ha1,1992,3,1.16897,0.770161,0.495709,1.64333,1992-03-01,FLUXNET2015,-2.867440919515697
US-Ha1,1992,4,0.753473,0.809722,0.625962,1.36448,1992-04-01,FLUXNET2015,-2.742055986486402
US-Ha1,1992,5,0.392978,0.81586,3.09484,3.46404,1992-05-01,FLUXNET2015,-0.2780460534571061
US-Ha1,1992,6,-4.78083,0.808333,9.30383,4.57464,1992-06-01,FLUXNET2015,5.92607587957219
US-Ha1,1992,7,-3.15269,0.704301,7.30463,4.18521,1992-07-01,FLUXNET2015,3.922007812601485
US-Ha1,1992,8,-3.19955,0.853495,7.44513,4.23505,1992-08-01,FLUXNET2015,4.057639745630781
US-Ha1,1992,9,-2.39001,0.920833,6.02236,3.72076,1992-09-01,FLUXNET2015,2.630001678660076
US-Ha1,1992,10,1.25494,0.939516,1.59545,2.8402,1992-10-01,FLUXNET2015,-1.8017763883106281
US-Ha1,1992,11,1.82786,0.8375,0.213726,2.0241,1992-11-01,FLUXNET2015,-3.188368455281333
US-Ha1,1992,12,2.45815,0.903226,-0.553785,1.85697,1992-12-01,FLUXNET2015,-3.9607475222520376
US-Ha1,1993,1,2.95545,0.880376,-0.878616,1.91073,1993-01-01,FLUXNET2015,-4.290446589222742
US-Ha1,1993,2,3.13149,0.860119,-0.734454,2.34128,1993-02-01,FLUXNET2015,-4.151152656193446
US-Ha1,1993,3,1.66494,0.83871,-0.345177,1.30565,1993-03-01,FLUXNET2015,-3.7667437231641503
US-Ha1,1993,4,0.890734,0.863889,0.936502,1.8455,1993-04-01,FLUXNET2015,-2.489932790134855
US-Ha1,1993,5,-0.266744,0.829301,5.05167,4.83219,1993-05-01,FLUXNET2015,1.6203671428944402
US-Ha1,1993,6,-4.96399,0.955556,9.9727,4.94827,1993-06-01,FLUXNET2015,6.5365290759237356
US-Ha1,1993,7,-5.68969,0.829301,9.97452,4.29531,1993-07-01,FLUXNET2015,6.533481008953032
US-Ha1,1993,8,-5.84477,0.501344,9.21019,3.41553,1993-08-01,FLUXNET2015,5.764282941982328
US-Ha1,1993,9,-2.24886,0.813889,5.42653,3.34814,1993-09-01,FLUXNET2015,1.9757548750116223
US-Ha1,1993,10,0.80735,0.961022,1.63295,2.44708,1993-10-01,FLUXNET2015,-1.8226931919590814
US-Ha1,1993,11,2.39719,0.926389,-0.343698,2.03321,1993-11-01,FLUXNET2015,-3.8042092589297862
US-Ha1,1993,12,1.27763,0.892473,0.365301,1.60398,1993-12-01,FLUXNET2015,-3.100078325900491
US-Ha1,1994,1,0.97262,0.916667,0.0433308,1.00357,1994-01-01,FLUXNET2015,-3.426916592871195
US-Ha1,1994,2,1.14824,0.912202,-0.179947,0.958891,1994-02-01,FLUXNET2015,-3.6550624598418997
US-Ha1,1994,3,1.41406,0.774194,0.352392,1.70364,1994-03-01,FLUXNET2015,-3.127591526812604
US-Ha1,1994,4,1.74395,0.958333,1.09148,2.85794,1994-04-01,FLUXNET2015,-2.393371593783309
US-Ha1,1994,5,1.46843,0.96371,3.09658,4.57198,1994-05-01,FLUXNET2015,-0.3931396607540131
US-Ha1,1994,6,-4.81398,0.9625,10.1523,5.26989,1994-06-01,FLUXNET2015,6.657712272275283
US-Ha1,1994,7,-5.8756,0.665323,10.3633,4.69418,1994-07-01,FLUXNET2015,6.863844205304579
US-Ha1,1994,8,-4.47858,0.887097,8.68379,4.14186,1994-08-01,FLUXNET2015,5.179466138333875
US-Ha1,1994,9,-2.1785,0.902778,5.48029,3.30161,1994-09-01,FLUXNET2015,1.9710980713631694
US-Ha1,1994,10,1.13784,0.961022,1.18787,2.23065,1994-10-01,FLUXNET2015,-2.326189995607535
US-Ha1,1994,11,2.29063,0.975,0.467439,2.71123,1994-11-01,FLUXNET2015,-3.0514890625782396
US-Ha1,1994,12,1.26875,0.896505,-0.144408,1.10792,1994-12-01,FLUXNET2015,-3.668204129548944
US-Ha1,1995,1,1.09672,0.989247,0.0253822,1.10249,1995-01-01,FLUXNET2015,-3.503281996519649
US-Ha1,1995,2,0.863212,0.982143,-0.100262,0.752934,1995-02-01,FLUXNET2015,-3.633794263490353
US-Ha1,1995,3,1.29492,0.856183,0.554274,1.80071,1995-03-01,FLUXNET2015,-2.984126330461058
US-Ha1,1995,4,1.41548,0.959722,0.975156,2.31831,1995-04-01,FLUXNET2015,-2.568112397431762
US-Ha1,1995,5,1.02701,0.788978,2.45479,3.44234,1995-05-01,FLUXNET2015,-1.0933464644024662
US-Ha1,1995,6,-5.14961,0.869444,9.75563,4.69736,1995-06-01,FLUXNET2015,6.20262546862683
US-Ha1,1995,7,-5.99778,0.842742,10.9673,4.83809,1995-07-01,FLUXNET2015,7.409427401656124
US-Ha1,1995,8,-4.73217,0.735215,8.62085,3.86016,1995-08-01,FLUXNET2015,5.058109334685422
US-Ha1,1995,9,-1.79234,0.895833,4.93127,3.04708,1995-09-01,FLUXNET2015,1.3636612677147155
US-Ha1,1995,10,1.43549,0.926075,2.2247,3.56702,1995-10-01,FLUXNET2015,-1.3477767992559886
US-Ha1,1995,11,1.91572,0.929167,0.44517,2.1751,1995-11-01,FLUXNET2015,-3.132174866226693
US-Ha1,1995,12,1.42682,0.790323,0.197298,1.62949,1995-12-01,FLUXNET2015,-3.384914933197398
US-Ha1,1996,1,1.34507,0.952957,-0.0862868,1.25067,1996-01-01,FLUXNET2015,-3.673367800168102
US-Ha1,1996,2,1.42276,0.965517,0.138464,1.55347,1996-02-01,FLUXNET2015,-3.4534850671388067
US-Ha1,1996,3,1.54845,0.864247,0.266382,1.75718,1996-03-01,FLUXNET2015,-3.3304351341095106
US-Ha1,1996,4,1.68197,0.945833,0.974703,2.59165,1996-04-01,FLUXNET2015,-2.6269822010802155
US-Ha1,1996,5,1.34433,0.876344,2.66286,3.77273,1996-05-01,FLUXNET2015,-0.94369326805092
US-Ha1,1996,6,-3.67205,0.898611,9.46519,5.65642,1996-06-01,FLUXNET2015,5.853768664978376
US-Ha1,1996,7,-2.88328,0.805108,10.7501,7.40249,1996-07-01,FLUXNET2015,7.133810598007671
US-Ha1,1996,8,-4.74525,0.889785,10.4042,5.37351,1996-08-01,FLUXNET2015,6.783042531036966
US-Ha1,1996,9,-3.05402,0.845833,5.94214,2.9231,1996-09-01,FLUXNET2015,2.3161144640662625
US-Ha1,1996,10,1.10795,0.857527,1.96125,3.0895,1996-10-01,FLUXNET2015,-1.669643602904442
US-Ha1,1996,11,2.18877,0.943056,0.376506,2.4868,1996-11-01,FLUXNET2015,-3.259255669875147
US-Ha1,1996,12,2.05394,0.875,-0.0572232,1.88784,1996-12-01,FLUXNET2015,-3.6978529368458513
US-Ha1,1997,1,1.68832,0.901882,-0.0247172,1.63826,1997-01-01,FLUXNET2015,-3.6702150038165557
US-Ha1,1997,2,1.51528,0.980655,0.0933213,1.57138,1997-02-01,FLUXNET2015,-3.55704457078726
US-Ha1,1997,3,1.57878,0.924731,0.0125273,1.53642,1997-03-01,FLUXNET2015,-3.6427066377579647
US-Ha1,1997,4,1.29711,0.786111,0.707125,1.98421,1997-04-01,FLUXNET2015,-2.9529770047286688
US-Ha1,1997,5,2.01311,0.797043,2.50461,4.43134,1997-05-01,FLUXNET2015,-1.1603600716993732
US-Ha1,1997,6,-4.71866,0.769444,10.5026,5.8077,1997-06-01,FLUXNET2015,6.832761861329922
US-Ha1,1997,7,-5.64167,0.78629,13.7408,8.005,1997-07-01,FLUXNET2015,10.06609379435922
US-Ha1,1997,8,-4.82517,0.823925,10.174,5.21223,1997-08-01,FLUXNET2015,6.4944257273885135
US-Ha1,1997,9,-2.9544,0.855556,7.59193,4.35174,1997-09-01,FLUXNET2015,3.9074876604178086
US-Ha1,1997,10,1.41519,0.86828,2.30746,3.6546,1997-10-01,FLUXNET2015,-1.3818504065528956
US-Ha1,1997,11,3.18988,0.945833,0.398749,3.46911,1997-11-01,FLUXNET2015,-3.2954294735236
US-Ha1,1997,12,2.7087,0.888441,-0.785591,1.87826,1997-12-01,FLUXNET2015,-4.484637540494304
US-Ha1,1998,1,1.16251,0.943548,0.194281,1.31455,1998-01-01,FLUXNET2015,-3.5096336074650085
US-Ha1,1998,2,0.916858,0.940476,0.189159,1.08748,1998-02-01,FLUXNET2015,-3.5196236744357137
US-Ha1,1998,3,1.21871,0.969086,0.256372,1.43252,1998-03-01,FLUXNET2015,-3.457278741406418
US-Ha1,1998,4,1.22388,0.972222,1.33545,2.51072,1998-04-01,FLUXNET2015,-2.3830688083771228
US-Ha1,1998,5,-0.293482,0.872312,4.57417,4.37007,1998-05-01,FLUXNET2015,0.8507831246521732
US-Ha1,1998,6,-3.39842,0.870833,7.72183,4.18755,1998-06-01,FLUXNET2015,3.993575057681469
US-Ha1,1998,7,-3.95005,0.897849,9.98158,5.76228,1998-07-01,FLUXNET2015,6.248456990710764
US-Ha1,1998,8,-3.37155,0.931452,7.72862,4.31273,1998-08-01,FLUXNET2015,3.990628923740061
US-Ha1,1998,9,-1.39572,0.894444,5.05093,3.70566,1998-09-01,FLUXNET2015,1.3080708567693557
US-Ha1,1998,10,1.43102,0.829301,1.12783,2.52932,1998-10-01,FLUXNET2015,-2.6198972102013487
US-Ha1,1998,11,2.08303,0.763889,0.482769,2.54685,1998-11-01,FLUXNET2015,-3.269826277172053
US-Ha1,1998,12,1.7762,0.736559,0.0645901,1.67729,1998-12-01,FLUXNET2015,-3.6928732441427576
US-Ha1,1999,1,1.07567,0.836022,-0.0627422,0.983511,1999-01-01,FLUXNET2015,-3.8250736111134622
US-Ha1,1999,2,1.17155,0.818452,-0.120884,1.01456,1999-02-01,FLUXNET2015,-3.888083478084167
US-Ha1,1999,3,0.984553,0.856183,0.360709,1.28644,1999-03-01,FLUXNET2015,-3.4113585450548713
US-Ha1,1999,4,0.847989,0.916667,1.22263,2.0843,1999-04-01,FLUXNET2015,-2.5543056120255754
US-Ha1,1999,5,-0.0545861,0.826613,3.94645,3.88054,1999-05-01,FLUXNET2015,0.16464632100372004
US-Ha1,1999,6,-6.16871,0.869444,11.3306,4.97229,1999-06-01,FLUXNET2015,7.543928254033016
US-Ha1,1999,7,-4.10332,0.884409,10.9968,7.05699,1999-07-01,FLUXNET2015,7.205260187062312
US-Ha1,1999,8,-3.47535,0.943548,7.57417,4.26671,1999-08-01,FLUXNET2015,3.7777621200916056
US-Ha1,1999,9,-0.197743,0.952778,6.29153,5.83991,1999-09-01,FLUXNET2015,2.4902540531209016
US-Ha1,1999,10,0.545268,0.908602,2.19284,2.7415,1999-10-01,FLUXNET2015,-1.6133040138498023
US-Ha1,1999,11,2.45886,0.920833,0.483621,2.90124,1999-11-01,FLUXNET2015,-3.327391080820507
US-Ha1,1999,12,1.69063,0.747312,0.180735,1.85656,1999-12-01,FLUXNET2015,-3.6351451477912113
US-Ha1,2000,1,1.39286,0.888441,0.0963368,1.46733,2000-01-01,FLUXNET2015,-3.724411414761916
US-Ha1,2000,2,1.35073,0.994253,-0.0893904,1.23941,2000-02-01,FLUXNET2015,-3.9150066817326206
US-Ha1,2000,3,1.30756,0.889785,0.765486,1.91275,2000-03-01,FLUXNET2015,-3.0649983487033245
US-Ha1,2000,4,1.1874,0.891667,1.40301,2.58251,2000-04-01,FLUXNET2015,-2.432342415674029
US-Ha1,2000,5,1.71304,0.961022,5.18783,6.80566,2000-05-01,FLUXNET2015,1.3476095173552667
US-Ha1,2000,6,-4.52951,0.808333,10.1407,5.57185,2000-06-01,FLUXNET2015,6.2956114503845635
US-Ha1,2000,7,-5.86667,0.954301,11.6437,6.00899,2000-07-01,FLUXNET2015,7.793743383413858
US-Ha1,2000,8,-4.25153,0.758065,10.7106,6.52977,2000-08-01,FLUXNET2015,6.855775316443153
US-Ha1,2000,9,-3.09091,0.956944,7.45761,4.42458,2000-09-01,FLUXNET2015,3.5979172494724487
US-Ha1,2000,10,0.66289,0.901882,2.1774,2.7833,2000-10-01,FLUXNET2015,-1.6871608174982557
US-Ha1,2000,11,1.60769,0.865278,0.372945,1.88153,2000-11-01,FLUXNET2015,-3.49648388446896
US-Ha1,2000,12,0.868019,0.935484,-0.127504,0.797454,2000-12-01,FLUXNET2015,-4.001800951439664
US-Ha1,2001,1,1.29542,0.955645,-0.0859816,1.17492,2001-01-01,FLUXNET2015,-3.965146618410369
US-Ha1,2001,2,1.56797,0.848214,-0.13089,1.3752,2001-02-01,FLUXNET2015,-4.014923085381073
US-Ha1,2001,3,1.51255,0.901882,0.0194985,1.47805,2001-03-01,FLUXNET2015,-3.8694026523517784
US-Ha1,2001,4,1.68935,0.902778,1.42623,2.90405,2001-04-01,FLUXNET2015,-2.4675392193224823
US-Ha1,2001,5,-0.322637,0.947581,5.2291,4.79632,2001-05-01,FLUXNET2015,1.3304627137068132
US-Ha1,2001,6,-5.33269,0.936111,11.5976,6.25449,2001-06-01,FLUXNET2015,7.694094646736109
US-Ha1,2001,7,-7.2576,0.711022,12.041,4.86213,2001-07-01,FLUXNET2015,8.132626579765406
US-Ha1,2001,8,-6.2677,0.965054,10.5028,4.33769,2001-08-01,FLUXNET2015,6.589558512794701
US-Ha1,2001,9,-3.6696,0.884722,7.65399,4.16973,2001-09-01,FLUXNET2015,3.7358804458239954
US-Ha1,2001,10,0.0878783,0.955645,2.76226,2.7963,2001-10-01,FLUXNET2015,-1.1607176211467092
US-Ha1,2001,11,2.39969,0.943056,0.541587,2.8488,2001-11-01,FLUXNET2015,-3.386258688117414
US-Ha1,2001,12,1.83674,0.569892,0.171283,1.92597,2001-12-01,FLUXNET2015,-3.761430755088118
US-Ha1,2002,1,1.4984055,0,0.05489928636363637,1.4711116363636363,2002-01-01,FLUXNET2015,-3.8826825356951864
US-Ha1,2002,2,1.7390080909090908,0,-0.03385156545454546,1.6368333636363637,2002-02-01,FLUXNET2015,-3.976301454484072
US-Ha1,2002,3,2.37742,0.165323,-0.158601,2.14863,2002-03-01,FLUXNET2015,-4.105918956000231
US-Ha1,2002,4,1.93106,0.908333,0.482342,2.29243,2002-04-01,FLUXNET2015,-3.469844022970936
US-Ha1,2002,5,1.54447,0.731183,3.32417,4.74054,2002-05-01,FLUXNET2015,-0.6328840899416401
US-Ha1,2002,6,-6.0352,0.569444,10.765,4.74487,2002-06-01,FLUXNET2015,6.803077843087656
US-Ha1,2002,7,-6.60259,0.794355,12.5065,5.97587,2002-07-01,FLUXNET2015,8.53970977611695
US-Ha1,2002,8,-5.4003,0.883065,9.58785,4.29293,2002-08-01,FLUXNET2015,5.616191709146246
US-Ha1,2002,9,-2.38527,0.830556,8.23933,5.61008,2002-09-01,FLUXNET2015,4.262803642175543
US-Ha1,2002,10,0.455639,0.936828,2.94131,3.20523,2002-10-01,FLUXNET2015,-1.0400844247951624
US-Ha1,2002,11,2.34287,0.894444,0.268303,2.44418,2002-11-01,FLUXNET2015,-3.717959491765867
US-Ha1,2002,12,1.966,0.928763,0.106869,2.02038,2002-12-01,FLUXNET2015,-3.8842615587365716
US-Ha1,2003,1,1.49883,0.880376,-0.0343542,1.45379,2003-01-01,FLUXNET2015,-4.030352825707276
US-Ha1,2003,2,1.58388,0.949405,0.0315773,1.58527,2003-02-01,FLUXNET2015,-3.9692893926779806
US-Ha1,2003,3,1.30768,0.974462,0.176646,1.44628,2003-03-01,FLUXNET2015,-3.829088759648685
US-Ha1,2003,4,1.15398,0.918056,0.944314,2.0653,2003-04-01,FLUXNET2015,-3.0662888266193895
US-Ha1,2003,5,0.559861,0.626344,2.34764,2.90757,2003-05-01,FLUXNET2015,-1.6678308935900934
US-Ha1,2003,6,-4.05988,0.783333,10.8807,6.75818,2003-06-01,FLUXNET2015,6.860361039439201
US-Ha1,2003,7,-6.7009,0.775538,12.7276,6.14577,2003-07-01,FLUXNET2015,8.702392972468498
US-Ha1,2003,8,-4.67068,0.762097,10.6198,5.83549,2003-08-01,FLUXNET2015,6.589724905497793
US-Ha1,2003,9,-2.90929,0.813889,7.12486,4.17682,2003-09-01,FLUXNET2015,3.0899168385270883
US-Ha1,2003,10,1.07024,0.569892,2.32588,3.38404,2003-10-01,FLUXNET2015,-1.7139312284436157
US-Ha1,2003,11,3.22568,0.336111,0.9269,4.15258,2003-11-01,FLUXNET2015,-3.1177792954143206
US-Ha1,2003,12,1.73983,0.622312,0.114258,1.84886,2003-12-01,FLUXNET2015,-3.9352893623850247
US-Ha1,2004,1,1.40646,0.783602,1.09273,2.47561,2004-01-01,FLUXNET2015,-2.9616854293557293
US-Ha1,2004,2,1.50468,0.909483,-0.0564736,1.43253,2004-02-01,FLUXNET2015,-4.115757096326433
US-Ha1,2004,3,1.39804,0.922043,0.362011,1.75114,2004-03-01,FLUXNET2015,-3.7021405632971387
US-Ha1,2004,4,1.63875,0.801389,1.34237,2.89012,2004-04-01,FLUXNET2015,-2.726649630267843
US-Ha1,2004,5,-0.435744,0.876344,6.2175,5.79389,2004-05-01,FLUXNET2015,2.143612302761453
US-Ha1,2004,6,-5.9925,0.894444,11.3502,5.31695,2004-06-01,FLUXNET2015,7.2714442357907485
US-Ha1,2004,7,-7.05701,0.727151,12.9899,5.91734,2004-07-01,FLUXNET2015,8.906276168820044
US-Ha1,2004,8,-6.0144,0.931452,11.2398,5.1559,2004-08-01,FLUXNET2015,7.151308101849341
US-Ha1,2004,9,-3.99975,0.936111,8.23098,4.16614,2004-09-01,FLUXNET2015,4.137620034878636
US-Ha1,2004,10,-0.274714,0.986559,3.10452,2.77833,2004-10-01,FLUXNET2015,-0.9937080320920695
US-Ha1,2004,11,2.03301,0.986111,0.61367,2.54867,2004-11-01,FLUXNET2015,-3.489426099062774
US-Ha1,2004,12,1.82015,0.795699,-0.422239,1.32958,2004-12-01,FLUXNET2015,-4.530203166033479
US-Ha1,2005,1,0.982379,0.530914,0.50855,1.44842,2005-01-01,FLUXNET2015,-3.6042822330041826
US-Ha1,2005,2,1.05293,0.938988,-0.0411189,0.998995,2005-02-01,FLUXNET2015,-4.158819199974887
US-Ha1,2005,3,1.09816,0.954301,-0.0786574,1.01354,2005-03-01,FLUXNET2015,-4.2012257669455915
US-Ha1,2005,4,0.502267,0.643056,0.762602,1.27544,2005-04-01,FLUXNET2015,-3.364834433916296
US-Ha1,2005,5,0.199719,0.899194,2.21505,2.41092,2005-05-01,FLUXNET2015,-1.9172545008870003
US-Ha1,2005,6,-2.31262,0.0416667,7.28284,4.94185,2005-06-01,FLUXNET2015,3.1456674321422953
US-Ha1,2005,7,-5.37567,0.622312,12.3426,6.87053,2005-07-01,FLUXNET2015,8.20055936517159
US-Ha1,2005,8,-5.35501,0.00806452,9.8364,4.4838,2005-08-01,FLUXNET2015,5.689491298200886
US-Ha1,2005,9,-4.50846,0.769444,8.26105,3.69565,2005-09-01,FLUXNET2015,4.109273231230182
US-Ha1,2005,10,0.677415,0.444892,2.15163,2.73116,2005-10-01,FLUXNET2015,-2.0050148357405226
US-Ha1,2005,11,1.70182,0.908333,0.582074,2.22815,2005-11-01,FLUXNET2015,-3.5794389027112277
US-Ha1,2005,12,0.989069,0.876344,0.126817,1.12506,2005-12-01,FLUXNET2015,-4.039563969681931
US-Ha1,2006,1,1.23153,0.577957,0.165456,1.39237,2006-01-01,FLUXNET2015,-4.005793036652636
US-Ha1,2006,2,1.18219,0.901786,0.196721,1.35978,2006-02-01,FLUXNET2015,-3.9793961036233405
US-Ha1,2006,3,0.780461,0.736559,0.118331,0.877743,2006-03-01,FLUXNET2015,-4.062654170594045
US-Ha1,2006,4,0.367065,0.85,1.21213,1.56191,2006-04-01,FLUXNET2015,-2.9737232375647493
US-Ha1,2006,5,0.0567425,0.861559,4.51323,4.57504,2006-05-01,FLUXNET2015,0.3225086954645462
US-Ha1,2006,6,-6.08203,0.8125,12.6989,6.74578,2006-06-01,FLUXNET2015,8.503310628493841
US-Ha1,2006,7,-8.67285,0.986559,14.4963,5.98153,2006-07-01,FLUXNET2015,10.295842561523136
US-Ha1,2006,8,-5.66269,0.958333,9.98196,4.39388,2006-08-01,FLUXNET2015,5.776634494552434
US-Ha1,2006,9,-2.92714,0.975,6.56764,3.70297,2006-09-01,FLUXNET2015,2.357446427581728
US-Ha1,2006,10,0.487949,0.96371,2.61304,3.05063,2006-10-01,FLUXNET2015,-1.6020216393889763
US-Ha1,2006,11,2.26527,0.933333,0.764997,2.93523,2006-11-01,FLUXNET2015,-3.4549327063596804
US-Ha1,2006,12,1.52998,0.895161,0.246454,1.74703,2006-12-01,FLUXNET2015,-3.9783437733303852
US-Ha1,2007,1,1.05446,0.920699,0.0622186,1.11247,2007-01-01,FLUXNET2015,-4.167447240301089
US-Ha1,2007,2,0.907346,0.973214,0.0703181,0.976662,2007-02-01,FLUXNET2015,-4.164215807271793
US-Ha1,2007,3,1.32845,0.889785,0.740239,2.06185,2007-03-01,FLUXNET2015,-3.499162974242499
US-Ha1,2007,4,1.26344,0.968056,2.14412,3.41095,2007-04-01,FLUXNET2015,-2.100150041213203
US-Ha1,2007,5,-0.729885,0.936828,8.49371,7.68601,2007-05-01,FLUXNET2015,4.244571891816093
US-Ha1,2007,6,-5.4853,0.886111,10.1554,4.65238,2007-06-01,FLUXNET2015,5.901393824845389
US-Ha1,2007,7,-6.30202,0.91129,11.4313,5.48774,2007-07-01,FLUXNET2015,7.172425757874684
US-Ha1,2007,8,-6.05135,0.268817,8.42769,2.5626,2007-08-01,FLUXNET2015,4.1639476909039805
US-Ha1,2007,9,-4.10791,0.881944,7.37,3.30239,2007-09-01,FLUXNET2015,3.1013896239332746
US-Ha1,2007,10,-0.722548,0.498656,3.58023,2.86273,2007-10-01,FLUXNET2015,-0.6932484430374298
US-Ha1,2007,11,0.596553,0.420833,0.364579,1.02362,2007-11-01,FLUXNET2015,-3.9137675100081344
US-Ha1,2007,12,0.988613,0.659946,0.322327,1.30567,2007-12-01,FLUXNET2015,-3.9608875769788385
US-Ha1,2008,1,0.922872,0.716398,0.0196181,0.928295,2008-01-01,FLUXNET2015,-4.268464543949542
US-Ha1,2008,2,0.683479,0.742816,0.157646,0.830823,2008-02-01,FLUXNET2015,-4.135304710920248
US-Ha1,2008,3,0.509691,0.924731,0.286732,0.775059,2008-03-01,FLUXNET2015,-4.011086777890952
US-Ha1,2008,4,0.277869,0.9125,1.39401,1.6884,2008-04-01,FLUXNET2015,-2.9086768448616565
US-Ha1,2008,5,-1.24999,0.577957,5.19271,3.97662,2008-05-01,FLUXNET2015,0.8851550881676392
US-Ha1,2008,6,-6.31112,0.370833,8.8134,2.48981,2008-06-01,FLUXNET2015,4.500977021196935
US-Ha1,2008,7,-8.02284,0.725806,14.305,6.3002,2008-07-01,FLUXNET2015,9.987708954226232
US-Ha1,2008,8,-5.99104,0.944892,10.8572,5.07776,2008-08-01,FLUXNET2015,6.535040887255526
US-Ha1,2008,9,-3.43413,0.4625,6.65278,3.15639,2008-09-01,FLUXNET2015,2.325752820284821
US-Ha1,2008,10,-0.478325,0.852151,2.78658,2.29204,2008-10-01,FLUXNET2015,-1.545315246685883
US-Ha1,2008,11,0.926868,0.459722,1.8686,2.76139,2008-11-01,FLUXNET2015,-2.4681633136565875
US-Ha1,2008,12,1.74258,0.790323,0.187442,1.90786,2008-12-01,FLUXNET2015,-4.154189380627292
US-Ha1,2009,1,3.1807,0.731183,-0.0674213,2.23203,2009-01-01,FLUXNET2015,-4.413920747597996
US-Ha1,2009,2,1.98687,0.958333,0.00578426,1.88257,2009-02-01,FLUXNET2015,-4.345583254568701
US-Ha1,2009,3,1.4834,0.84543,0.426746,1.73242,2009-03-01,FLUXNET2015,-3.9294895815394053
US-Ha1,2009,4,1.5757,0.956944,1.55812,3.02267,2009-04-01,FLUXNET2015,-2.8029836485101103
US-Ha1,2009,5,1.09143,0.77957,4.3996,4.79808,2009-05-01,FLUXNET2015,0.03362828451918623
US-Ha1,2009,6,-2.58051,0.534722,9.7971,5.26424,2009-06-01,FLUXNET2015,5.426260217548482
US-Ha1,2009,7,-5.80241,0.771505,10.6788,4.4505,2009-07-01,FLUXNET2015,6.303092150577777
US-Ha1,2009,8,-4.10526,0.461022,8.72662,4.22806,2009-08-01,FLUXNET2015,4.346044083607073
US-Ha1,2009,9,-4.35176,0.65,7.88571,3.59547,2009-09-01,FLUXNET2015,3.5002660166363686
US-Ha1,2009,10,1.32744,0.637097,1.99133,2.93117,2009-10-01,FLUXNET2015,-2.3989820503343364
US-Ha1,2009,11,1.39745,0.9125,0.740343,2.28665,2009-11-01,FLUXNET2015,-3.654837117305041
US-Ha1,2009,12,2.2588,0.990591,-0.307775,1.69151,2009-12-01,FLUXNET2015,-4.707823184275745
US-Ha1,2010,1,3.15803,0.969086,-0.0305978,2.87894,2010-01-01,FLUXNET2015,-4.435514051246449
US-Ha1,2010,2,2.30864,0.997024,0.114565,2.28279,2010-02-01,FLUXNET2015,-4.295219318217154
US-Ha1,2010,3,0.740658,0.916667,0.948357,1.71339,2010-03-01,FLUXNET2015,-3.466295385187859
US-Ha1,2010,4,1.43412,0.938889,2.93058,4.01993,2010-04-01,FLUXNET2015,-1.488940452158563
US-Ha1,2010,5,-1.01047,0.80914,9.7659,8.46838,2010-05-01,FLUXNET2015,5.341511480870733
US-Ha1,2010,6,-0.724142,0.904167,16.3579,13.3053,2010-06-01,FLUXNET2015,11.92864341390003
US-Ha1,2010,7,-0.842858,0.361559,14.4194,13.1148,2010-07-01,FLUXNET2015,9.985275346929324
US-Ha1,2010,8,-1.75778,0.745968,9.66872,7.28582,2010-08-01,FLUXNET2015,5.22972727995862
US-Ha1,2010,9,-1.74512,0.958333,7.26471,5.19273,2010-09-01,FLUXNET2015,2.8208492129879144
US-Ha1,2010,10,2.49285,0.923387,2.50522,4.53195,2010-10-01,FLUXNET2015,-1.9435088539827898
US-Ha1,2010,11,2.55569,0.909722,1.05884,3.31496,2010-11-01,FLUXNET2015,-3.3947569209534945
US-Ha1,2010,12,5.43933,0.91129,1.16196,6.00689,2010-12-01,FLUXNET2015,-3.296504987924199
US-Ha1,2011,1,2.05383,0.938172,-0.599679,1.29634,2011-01-01,FLUXNET2015,-5.063012054894903
US-Ha1,2011,2,8.71916,0.931548,-0.707287,7.22591,2011-02-01,FLUXNET2015,-5.175488121865608
US-Ha1,2011,3,8.05616,0.954301,-0.778357,6.84873,2011-03-01,FLUXNET2015,-5.251426188836311
US-Ha1,2011,4,1.76419,0.869444,1.62047,3.06649,2011-04-01,FLUXNET2015,-2.8574672558070167
US-Ha1,2011,5,1.10285,0.916667,4.75787,5.87289,2011-05-01,FLUXNET2015,0.27506467722227856
US-Ha1,2011,6,-5.09695,0.594444,10.3292,5.50281,2011-06-01,FLUXNET2015,5.841526610251575
US-Ha1,2011,7,-7.37489,0.869624,14.4316,6.84587,2011-07-01,FLUXNET2015,9.93905854328087
US-Ha1,2011,8,-4.86537,0.802419,11.9912,8.44125,2011-08-01,FLUXNET2015,7.493790476310166
US-Ha1,2011,9,-3.41575,0.873611,9.00814,5.5884,2011-09-01,FLUXNET2015,4.505862409339461
US-Ha1,2011,10,-0.670642,0.794355,3.74129,3.08072,2011-10-01,FLUXNET2015,-0.7658556576312435
US-Ha1,2011,11,1.56689,0.965278,0.513031,1.90518,2011-11-01,FLUXNET2015,-3.998982724601948
US-Ha1,2011,12,1.49858,0.951613,0.243251,1.61811,2011-12-01,FLUXNET2015,-4.273630791572653
US-Ha1,2012,1,1.27451,0.948925,-0.0794559,1.17713,2012-01-01,FLUXNET2015,-4.601205758543356
US-Ha1,2012,2,1.56017,0.998563,0.0582449,1.54932,2012-02-01,FLUXNET2015,-4.468373025514061
US-Ha1,2012,3,1.70638,0.294355,1.81211,3.4189600000000002,2012-03-01,FLUXNET2015,-2.719375992484766
US-Ha1,2012,4,1.60649,0.663889,2.18871,3.67821,2012-04-01,FLUXNET2015,-2.34764405945547
US-Ha1,2012,5,-1.01919,0.912634,6.33223,5.29809,2012-05-01,FLUXNET2015,1.7910078735738255
US-Ha1,2012,6,-7.6695,0.931944,12.5766,5.3687,2012-06-01,FLUXNET2015,8.03050980660312
US-Ha1,2012,7,-6.05232,0.908602,13.0902,7.04657,2012-07-01,FLUXNET2015,8.539241739632416
US-Ha1,2012,8,-5.55454,0.725806,10.5784,5.0328,2012-08-01,FLUXNET2015,6.0225736726617125
US-Ha1,2012,9,-2.53806,0.951389,7.63526,5.09646,2012-09-01,FLUXNET2015,3.0745656056910073
US-Ha1,2012,10,1.25241,0.991935,2.20643,3.40983,2012-10-01,FLUXNET2015,-2.3591324612796964
US-Ha1,2012,11,1.74658,0.993056,0.551917,2.22432,2012-11-01,FLUXNET2015,-4.018513528250401
US-Ha1,2012,12,1.36807,0.978495,0.270476,1.57579,2012-12-01,FLUXNET2015,-4.304822595221105
US-Me2,2002,1,0.924279,0.974462,0.542935,1.53122,2002-01-01,FLUXNET2015,-3.5978922000571214
US-Me2,2002,2,-0.405305,0.858631,1.21599,0.741078,2002-02-01,FLUXNET2015,-2.929085337189439
US-Me2,2002,3,-0.623687,0.975134,2.22305,1.5651,2002-03-01,FLUXNET2015,-1.9262734743217473
US-Me2,2002,4,-2.81407,0.974306,5.21906,2.35609,2002-04-01,FLUXNET2015,1.0654883885459394
US-Me2,2002,5,-3.46837,0.932796,6.39975,2.95366,2002-05-01,FLUXNET2015,2.2419302514136263
US-Me2,2002,6,-3.09337,0.929167,8.30421,5.04985,2002-06-01,FLUXNET2015,4.142142114281313
US-Me2,2002,7,-0.572051,0.858871,7.89102,7.26558,2002-07-01,FLUXNET2015,3.7247039771490007
US-Me2,2002,8,-0.851157,0.910618,5.78965,4.89108,2002-08-01,FLUXNET2015,1.6190858400166872
US-Me2,2002,9,-1.18646,0.854861,4.53589,3.17561,2002-09-01,FLUXNET2015,0.3610777028843746
US-Me2,2002,10,-1.26458,0.822581,3.18488,1.78552,2002-10-01,FLUXNET2015,-0.9941804342479386
US-Me2,2002,11,0.0752791,0.823611,1.77556,1.91673,2002-11-01,FLUXNET2015,-2.4077485713802522
US-Me2,2002,12,1.371,0.52957,0.0724079,1.41913,2002-12-01,FLUXNET2015,-4.115148808512565
US-Me2,2003,1,0.141688,0.0833333,-0.0464454,3.43119e-7,2003-01-01,FLUXNET2015,-4.238250245644877
US-Me2,2003,2,-1.64534,0.784226,1.76499,0.0126764,2003-02-01,FLUXNET2015,-2.4310629827771906
US-Me2,2003,3,-1.6666,0.22379,2.07051,0.423367,2003-03-01,FLUXNET2015,-2.1297911199095036
US-Me2,2003,4,-1.80313,0.222222,2.70555,0.915593,2003-04-01,FLUXNET2015,-1.4989992570418167
US-Me2,2003,5,-4.2834,0.33871,6.36055,2.10875,2003-05-01,FLUXNET2015,2.15175260582587
US-Me2,2003,6,-4.84407,0.895833,9.77104,4.9778,2003-06-01,FLUXNET2015,5.557994468693557
US-Me2,2003,7,-1.15583,0.915995,7.30861,6.13738,2003-07-01,FLUXNET2015,3.0913163315612437
US-Me2,2003,8,-0.614818,0.875672,4.81097,4.1142,2003-08-01,FLUXNET2015,0.5894281944289312
US-Me2,2003,9,-0.796881,0.709722,2.89783,2.08665,2003-09-01,FLUXNET2015,-1.3279599427033821
US-Me2,2003,10,-2.18496,0.811156,3.42458,1.15046,2003-10-01,FLUXNET2015,-0.8054580798356947
US-Me2,2003,11,-1.70666,0.113194,2.75971,0.963986,2003-11-01,FLUXNET2015,-1.4745762169680077
US-Me2,2003,12,-0.21487715384615383,0,1.0301479153846154,0.7807882092307692,2003-12-01,FLUXNET2015,-3.208386438715706
US-Me2,2004,1,-0.5114576923076923,0,1.2475538153846153,0.7270171013067692,2004-01-01,FLUXNET2015,-2.995228675848019
US-Me2,2004,2,-1.12976,0.652299,1.46756,0.29428,2004-02-01,FLUXNET2015,-2.7794706283649475
US-Me2,2004,3,-2.18991,0.943548,3.68124,1.45229,2004-03-01,FLUXNET2015,-0.5700387654972602
US-Me2,2004,4,-2.83067,0.966667,5.53313,2.59339,2004-04-01,FLUXNET2015,1.277603097370427
US-Me2,2004,5,-3.65822,0.977151,7.28404,3.60203,2004-05-01,FLUXNET2015,3.0242649602381135
US-Me2,2004,6,-2.44366,0.943056,7.75966,5.27067,2004-06-01,FLUXNET2015,3.495636823105801
US-Me2,2004,7,-1.8053,0.926747,8.18277,6.42265,2004-07-01,FLUXNET2015,3.9144986859734874
US-Me2,2004,8,-1.10574,0.821909,7.29141,6.08259,2004-08-01,FLUXNET2015,3.0188905488411746
US-Me2,2004,9,-1.21524,0.85625,5.73749,4.5318,2004-09-01,FLUXNET2015,1.4607224117088622
US-Me2,2004,10,-1.47573,0.964382,3.61182,2.1052,2004-10-01,FLUXNET2015,-0.6691957254234513
US-Me2,2004,11,-1.20194,0.943056,2.41349,1.17348,2004-11-01,FLUXNET2015,-1.8717738625557643
US-Me2,2004,12,-0.80684,0.932124,1.40877,0.558217,2004-12-01,FLUXNET2015,-2.880741999688077
US-Me2,2005,1,-0.481476,0.928763,1.25156,0.776046,2005-01-01,FLUXNET2015,-3.0422001368203904
US-Me2,2005,2,-1.71952,0.844494,2.47564,0.738133,2005-02-01,FLUXNET2015,-1.8223682739527034
US-Me2,2005,3,-2.81152,0.919355,4.07657,1.20975,2005-03-01,FLUXNET2015,-0.22568641108501594
US-Me2,2005,4,-2.72407,0.947222,5.06401,2.32041,2005-04-01,FLUXNET2015,0.7575054517826705
US-Me2,2005,5,-3.15381,0.942204,7.33473,4.09529,2005-05-01,FLUXNET2015,3.023977314650358
US-Me2,2005,6,-2.81309,0.967361,8.74456,5.93844,2005-06-01,FLUXNET2015,4.429559177518045
US-Me2,2005,7,0.100221,0.917339,8.10368,8.13406,2005-07-01,FLUXNET2015,3.784431040385732
US-Me2,2005,8,0.586599,0.912634,4.40811,5.00476,2005-08-01,FLUXNET2015,0.08461290325341844
US-Me2,2005,9,-0.719796,0.871528,3.35009,2.57006,2005-09-01,FLUXNET2015,-0.9776552338788945
US-Me2,2005,10,-0.543942,0.923387,3.8603,3.33219,2005-10-01,FLUXNET2015,-0.47169337101120723
US-Me2,2005,11,-0.24184,0.91875,1.88773,1.64848,2005-11-01,FLUXNET2015,-2.448511508143521
US-Me2,2005,12,0.859306,0.850806,-0.214095,0.633505,2005-12-01,FLUXNET2015,-4.554584645275833
US-Me2,2006,1,0.338319,0.0739247,-0.322515,9.37997e-7,2006-01-01,FLUXNET2015,-4.667252782408146
US-Me2,2006,2,-1.60711,0.0238095,1.88217,0.245428,2006-02-01,FLUXNET2015,-2.4668159195404598
US-Me2,2006,3,-2.2822035384615385,0,3.345586153846154,1.042869236521077,2006-03-01,FLUXNET2015,-1.0076479028266185
US-Me2,2006,4,-2.5181,0.182639,4.79348,2.27423,2006-04-01,FLUXNET2015,0.43599780619491435
US-Me2,2006,5,-2.5886,0.118952,6.31414,3.74394,2006-05-01,FLUXNET2015,1.9524096690626018
US-Me2,2006,6,-1.75906,0.959028,7.36963,5.59849,2006-06-01,FLUXNET2015,3.0036515319302883
US-Me2,2006,7,-1.10026,1,7.20913,6.07448,2006-07-01,FLUXNET2015,2.8389033947979754
US-Me2,2006,8,-1.50938,0.956317,6.26947,4.63301,2006-08-01,FLUXNET2015,1.894995257665663
US-Me2,2006,9,-2.28558,0.925,4.34386,1.99969,2006-09-01,FLUXNET2015,-0.03486287946665023
US-Me2,2006,10,-2.1043,0.844758,3.53163,1.41923,2006-10-01,FLUXNET2015,-0.8513410165989637
US-Me2,2006,11,-1.35898,0.949306,2.09303,0.708788,2006-11-01,FLUXNET2015,-2.2941891537312764
US-Me2,2006,12,-1.35533,0.75336,2.06874,0.598474,2006-12-01,FLUXNET2015,-2.3227272908635896
US-Me2,2007,1,-1.07754,0.883737,1.27598,0.169229,2007-01-01,FLUXNET2015,-3.119735427995903
US-Me2,2007,2,-1.41903,0.888393,1.43245,0.00488686,2007-02-01,FLUXNET2015,-2.9675135651282156
US-Me2,2007,3,-3.07917,0.932796,3.64997,0.541472,2007-03-01,FLUXNET2015,-0.7542417022605283
US-Me2,2007,4,-3.64943,0.963889,4.72357,1.03493,2007-04-01,FLUXNET2015,0.3151101606071579
US-Me2,2007,5,-4.12868,0.906586,7.28727,3.09964,2007-05-01,FLUXNET2015,2.8745620234748452
US-Me2,2007,6,-3.93584,0.959722,8.87006,4.90678,2007-06-01,FLUXNET2015,4.453103886342533
US-Me2,2007,7,0.977633,0.827957,6.31773,7.29611,2007-07-01,FLUXNET2015,1.8965257492102194
US-Me2,2007,8,-1.28665,0.778226,6.01336,4.7524,2007-08-01,FLUXNET2015,1.587907612077906
US-Me2,2007,9,-1.16333,0.484722,4.20666,2.96247,2007-09-01,FLUXNET2015,-0.2230405250544064
US-Me2,2007,10,-1.95296,0.847446,4.08947,2.0637,2007-10-01,FLUXNET2015,-0.34447866218671935
US-Me2,2007,11,-0.541266,0.676389,2.2105,1.69733,2007-11-01,FLUXNET2015,-2.2276967993190326
US-Me2,2007,12,-0.360811,0.801747,0.918271,0.549758,2007-12-01,FLUXNET2015,-3.524173936451346
US-Me2,2008,1,-0.853726,0.907258,0.957225,0.0695826,2008-01-01,FLUXNET2015,-3.4894680735836587
US-Me2,2008,2,-1.06962,0.756466,1.54325,0.454572,2008-02-01,FLUXNET2015,-2.907691210715972
US-Me2,2008,3,-2.46039,0.97043,2.77913,0.27473,2008-03-01,FLUXNET2015,-1.676059347848285
US-Me2,2008,4,-2.86982,0.967361,3.53022,0.667327,2008-04-01,FLUXNET2015,-0.9292174849805979
US-Me2,2008,5,-3.57215,0.959677,7.06615,3.46048,2008-05-01,FLUXNET2015,2.6024643778870895
US-Me2,2008,6,-3.7314,0.957639,8.65329,4.86731,2008-06-01,FLUXNET2015,4.185356240754777
US-Me2,2008,7,-1.66562,0.950941,9.20607,7.54297,2008-07-01,FLUXNET2015,4.733888103622464
US-Me2,2008,8,-1.48637,0.803763,7.5124,5.93527,2008-08-01,FLUXNET2015,3.0359699664901503
US-Me2,2008,9,-0.900486,0.244444,5.98319,5.04452,2008-09-01,FLUXNET2015,1.5025118293578368
US-Me2,2008,10,-0.971248,0.698253,4.27433,3.27115,2008-10-01,FLUXNET2015,-0.21059630777447597
US-Me2,2008,11,-0.621375,0.968056,2.58456,1.97237,2008-11-01,FLUXNET2015,-1.9046144449067888
US-Me2,2008,12,-1.49532,0.910618,1.74219,0.245261,2008-12-01,FLUXNET2015,-2.7512325820391026
US-Me2,2009,1,-2.5672,0.883737,2.61806,4.35872e-7,2009-01-01,FLUXNET2015,-1.879610719171415
US-Me2,2009,2,-2.61117,0.949405,2.70535,3.5749e-7,2009-02-01,FLUXNET2015,-1.7965688563037279
US-Me2,2009,3,-2.85011,0.994624,2.91919,2.74774e-7,2009-03-01,FLUXNET2015,-1.5869769934360412
US-Me2,2009,4,-3.84883,0.964583,4.79584,0.857113,2009-04-01,FLUXNET2015,0.28542486943164613
US-Me2,2009,5,-3.75485,0.946237,6.70407,2.80121,2009-05-01,FLUXNET2015,2.1894067322993322
US-Me2,2009,6,-2.97809,0.940972,8.66012,5.64736,2009-06-01,FLUXNET2015,4.1412085951670194
US-Me2,2009,7,-0.560127,0.952957,9.17295,8.66141,2009-07-01,FLUXNET2015,4.649790458034707
US-Me2,2009,8,-1.6317,0.90793,7.33162,5.59871,2009-08-01,FLUXNET2015,2.804212320902394
US-Me2,2009,9,-2.13482,0.702778,4.26423,2.01955,2009-09-01,FLUXNET2015,-0.2674258162299187
US-Me2,2009,10,-1.88902,0.87164,3.89402,1.89188,2009-10-01,FLUXNET2015,-0.6418839533622324
US-Me2,2009,11,-1.33228,0.910417,2.778,1.35994,2009-11-01,FLUXNET2015,-1.7621520904945451
US-Me2,2009,12,-1.70292,0.908602,1.87808,0.0319757,2009-12-01,FLUXNET2015,-2.6663202276268585
US-Me2,2010,1,-1.79694,0.864247,1.95668,0.141385,2010-01-01,FLUXNET2015,-2.591968364759172
US-Me2,2010,2,-1.93737,0.541667,2.20292,0.177459,2010-02-01,FLUXNET2015,-2.349976501891484
US-Me2,2010,3,-2.67416,0.865591,2.99204,0.218453,2010-03-01,FLUXNET2015,-1.5651046390237975
US-Me2,2010,4,-3.2815,0.985417,4.23375,0.87231,2010-04-01,FLUXNET2015,-0.32764277615611054
US-Me2,2010,5,-4.25213,0.973118,6.30751,2.0045,2010-05-01,FLUXNET2015,1.7418690867115765
US-Me2,2010,6,-3.24922,0.985417,9.0801,5.85957,2010-06-01,FLUXNET2015,4.510210949579264
US-Me2,2010,7,-0.566767,0.90121,8.98454,8.40489,2010-07-01,FLUXNET2015,4.410402812446952
US-Me2,2010,8,-1.41546,0.94422,7.95777,6.48418,2010-08-01,FLUXNET2015,3.3793846753146375
US-Me2,2010,9,-0.518997,0.955556,5.96544,5.33212,2010-09-01,FLUXNET2015,1.3828065381823247
US-Me2,2010,10,-1.22767,0.920699,4.23691,2.91138,2010-10-01,FLUXNET2015,-0.34997159894998836
US-Me2,2010,11,-0.849344,0.990972,2.4096,1.51798,2010-11-01,FLUXNET2015,-2.181529736082301
US-Me2,2010,12,-0.321044,0.56922,0.822649,0.521254,2010-12-01,FLUXNET2015,-3.7727288732146143
US-Me2,2011,1,-0.372399,0.402554,1.20921,0.932428,2011-01-01,FLUXNET2015,-3.390416010346928
US-Me2,2011,2,-1.3124450923076922,0,1.90555,0.5786548936530769,2011-02-01,FLUXNET2015,-2.6983241474792408
US-Me2,2011,3,-2.49418,0.569892,2.66137,0.0525768,2011-03-01,FLUXNET2015,-1.9467522846115535
US-Me2,2011,4,-3.8383,0.5125,3.96563,4.17972e-7,2011-04-01,FLUXNET2015,-0.6467404217438664
US-Me2,2011,5,-4.96128,0.979839,5.95132,0.932397,2011-05-01,FLUXNET2015,1.3347014411238205
US-Me2,2011,6,-4.68649,0.959722,8.18991,3.42327,2011-06-01,FLUXNET2015,3.569043303991507
US-Me2,2011,7,-2.76651,0.958333,10.231,7.33051,2011-07-01,FLUXNET2015,5.605885166859195
US-Me2,2011,8,-1.52052,0.938172,8.61735,6.98888,2011-08-01,FLUXNET2015,3.9879870297268813
US-Me2,2011,9,-2.4834,0.99375,6.68198,4.03188,2011-09-01,FLUXNET2015,2.0483688925945684
US-Me2,2011,10,-2.52288,0.788978,3.87889,1.31294,2011-10-01,FLUXNET2015,-0.7589692445377443
US-Me2,2011,11,-1.8665,0.298611,1.89743,0.0135269,2011-11-01,FLUXNET2015,-2.7446773816700576
US-Me2,2011,12,-0.21487715384615383,0,1.0301479153846154,0.7807882092307692,2011-12-01,FLUXNET2015,-3.6162076034177555
US-Me2,2012,1,-0.5114576923076923,0,1.2475538153846153,0.7270171013067692,2012-01-01,FLUXNET2015,-3.4030498405500684
US-Me2,2012,2,-1.3124450923076922,0,1.90555,0.5786548936530769,2012-02-01,FLUXNET2015,-2.749301793066997
US-Me2,2012,3,-2.2822035384615385,0,3.345586153846154,1.042869236521077,2012-03-01,FLUXNET2015,-1.3135137763531555
US-Me2,2012,4,-4.39074,0.766667,5.46511,1.0697,2012-04-01,FLUXNET2015,0.8017619326683776
US-Me2,2012,5,-5.09702,0.909274,8.54357,3.45609,2012-05-01,FLUXNET2015,3.875973795536065
US-Me2,2012,6,-3.00556,0.964583,9.44281,6.56603,2012-06-01,FLUXNET2015,4.770965658403751
US-Me2,2012,7,0.154471,0.922715,10.3068,10.4267,2012-07-01,FLUXNET2015,5.630707521271439
US-Me2,2012,8,0.461582,0.885753,8.25966,8.70754,2012-08-01,FLUXNET2015,3.5793193841391253
US-Me2,2012,9,-0.667913,0.772222,5.12809,4.32496,2012-09-01,FLUXNET2015,0.4435012470068126
US-Me2,2012,10,-1.58594,0.613575,3.01479,1.21398,2012-10-01,FLUXNET2015,-1.6740468901255008
US-Me2,2012,11,-0.4825493230769231,0,2.097779,1.6034476076923077,2012-11-01,FLUXNET2015,-2.5953060272578137
US-Me2,2012,12,1.6678,0.00201613,-1.41717,0.256433,2012-12-01,FLUXNET2015,-6.114503164390127
US-Me2,2013,1,1.23254,0.87164,1.03197,2.26764,2013-01-01,FLUXNET2015,-3.6696113015224396
US-Me2,2013,2,-0.0997172,0.943452,1.93955,1.84579,2013-02-01,FLUXNET2015,-2.766279438654753
US-Me2,2013,3,-0.922439,0.0752688,4.39936,3.49733,2013-03-01,FLUXNET2015,-0.3107175757870661
US-Me2,2013,4,-2.95653,0.686111,7.59571,4.70391,2013-04-01,FLUXNET2015,2.881384287080621
US-Me2,2013,5,-2.87503,0.943548,9.57551,6.70036,2013-05-01,FLUXNET2015,4.856936149948307
US-Me2,2013,6,-0.733475,0.853472,10.6094,9.89452,2013-06-01,FLUXNET2015,5.886578012815996
US-Me2,2013,7,2.21294,0.913306,8.45013,10.7952,2013-07-01,FLUXNET2015,3.7230598756836817
US-Me2,2013,8,1.76947,0.867608,6.1351,7.89128,2013-08-01,FLUXNET2015,1.4037817385513696
US-Me2,2013,9,-0.02176,0.875694,5.86466,5.94834,2013-09-01,FLUXNET2015,1.129093601419056
US-Me2,2013,10,-0.566062,0.68078,4.75322,4.24905,2013-10-01,FLUXNET2015,0.013405464286742858
US-Me2,2013,11,-0.0369953,0.869444,3.40935,3.48154,2013-11-01,FLUXNET2015,-1.33471267284557
US-Me2,2013,12,0.939743,0.945565,1.02996,2.06673,2013-12-01,FLUXNET2015,-3.7183508099778835
US-Me2,2014,1,0.69243,0.801075,1.86681,2.61469,2014-01-01,FLUXNET2015,-2.885748947110196
US-Me2,2014,2,0.501716,0.64881,1.41146,1.97088,2014-02-01,FLUXNET2015,-3.3453470842425093
US-Me2,2014,3,-1.43732,0.588038,3.98031,2.63384,2014-03-01,FLUXNET2015,-0.7807452213748222
US-Me2,2014,4,-3.06784,0.698611,7.14422,4.18818,2014-04-01,FLUXNET2015,2.3789166414928644
US-Me2,2014,5,-3.62094,0.860887,9.47972,5.88376,2014-05-01,FLUXNET2015,4.710168504360553
US-Me2,2014,6,-2.73159,0.880556,10.9058,8.19078,2014-06-01,FLUXNET2015,6.132000367228238
US-Me2,2014,7,1.66385,0.688172,10.1455,11.7693,2014-07-01,FLUXNET2015,5.367452230095926
US-Me2,2014,8,1.57154,0.816532,7.83885,9.49137,2014-08-01,FLUXNET2015,3.0565540929636126
US-Me2,2014,9,0.492715,0.811806,4.777,5.18605,2014-09-01,FLUXNET2015,-0.009544044168699972
US-Me2,2014,10,1.03936,0.895161,4.86656,5.93792,2014-10-01,FLUXNET2015,0.07576781869898666
US-Me2,2014,11,2.10827,0.527778,2.04096,4.05886,2014-11-01,FLUXNET2015,-2.754080318433326
US-Me2,2014,12,1.02814,0.610215,1.40466,2.48728,2014-12-01,FLUXNET2015,-3.3946284555656394
US-Me4,1996,1,-0.8696022,0,2.6152616,1.205317634,1996-01-01,FLUXNET2015,-1.2957906757377036
US-Me4,1996,2,-2.2837076,0,4.0263214,1.7536028000000001,1996-02-01,FLUXNET2015,0.11087059869408056
US-Me4,1996,3,-2.8397368,0,4.373936,1.6478694,1996-03-01,FLUXNET2015,0.45408667312586776
US-Me4,1996,4,-2.64839,0,4.327388,1.911052,1996-04-01,FLUXNET2015,0.40314014755765476
US-Me4,1996,5,-2.18474,0.31922,5.80461,3.71382,1996-05-01,FLUXNET2015,1.8759636219894418
US-Me4,1996,6,-2.83091,0.95625,6.89355,4.21557,1996-06-01,FLUXNET2015,2.9605050964212283
US-Me4,1996,7,-1.37596,0.986559,5.47342,4.59753,1996-07-01,FLUXNET2015,1.5359765708530146
US-Me4,1996,8,-1.98667,0.991263,4.67173,2.79183,1996-08-01,FLUXNET2015,0.7298880452848013
US-Me4,1996,9,-1.30716,0.997917,4.57031,3.38224,1996-09-01,FLUXNET2015,0.624069519716588
US-Me4,1996,10,-0.995994,0.801075,2.64562,1.65351,1996-10-01,FLUXNET2015,-1.3050190058516253
US-Me4,1996,11,-2.02133946,0,3.1102374,1.317029,1996-11-01,FLUXNET2015,-0.844800131419839
US-Me4,1996,12,-1.1224096,0,2.179851,0.9133414,1996-12-01,FLUXNET2015,-1.7795850569880522
US-Me4,1997,1,-0.8696022,0,2.6152616,1.205317634,1997-01-01,FLUXNET2015,-1.3485729825562653
US-Me4,1997,2,-2.2837076,0,4.0263214,1.7536028000000001,1997-02-01,FLUXNET2015,0.058088291875520504
US-Me4,1997,3,-0.690405,0.524866,2.48461,1.44954,1997-03-01,FLUXNET2015,-1.4880216336926926
US-Me4,1997,4,-1.74259,0.808333,3.39268,1.59234,1997-04-01,FLUXNET2015,-0.5843501592609059
US-Me4,1997,5,-2.69675,0.661962,5.54296,2.77909,1997-05-01,FLUXNET2015,1.5615313151708807
US-Me4,1997,6,-1.54609,0.989583,3.87132,2.38957,1997-06-01,FLUXNET2015,-0.11450721039733279
US-Me4,1997,7,-1.41375,0.955645,4.914,3.31509,1997-07-01,FLUXNET2015,0.9237742640344537
US-Me4,1997,8,-1.61497,0.987903,5.10082,3.67403,1997-08-01,FLUXNET2015,1.1061957384662402
US-Me4,1997,9,-2.00703,0.975,4.27317,2.70941,1997-09-01,FLUXNET2015,0.27414721289802757
US-Me4,1997,10,-1.93771,0.989919,3.70622,2.21889,1997-10-01,FLUXNET2015,-0.2972013126701861
US-Me4,1997,11,0.326846,0.265972,0.856577,1.85173,1997-11-01,FLUXNET2015,-3.151242838238399
US-Me4,1997,12,-1.1224096,0,2.179851,0.9133414,1997-12-01,FLUXNET2015,-1.8323673638066127
US-Me4,1998,1,-0.8696022,0,2.6152616,1.205317634,1998-01-01,FLUXNET2015,-1.401355289374826
US-Me4,1998,2,-2.2837076,0,4.0263214,1.7536028000000001,1998-02-01,FLUXNET2015,0.0053059850569598666
US-Me4,1998,3,-2.8397368,0,4.373936,1.6478694,1998-03-01,FLUXNET2015,0.3485220594887464
US-Me4,1998,4,-2.64839,0,4.327388,1.911052,1998-04-01,FLUXNET2015,0.2975755339205335
US-Me4,1998,5,-2.96527,0,5.067462,2.225112,1998-05-01,FLUXNET2015,1.03325100835232
US-Me4,1998,6,-2.722574,0,4.968768,2.5460659999999997,1998-06-01,FLUXNET2015,0.9301584827841065
US-Me4,1998,7,-1.8233540000000001,0,4.841382,3.251024,1998-07-01,FLUXNET2015,0.7983739572158937
US-Me4,1998,8,-1.794876,0,4.424638,2.909064,1998-08-01,FLUXNET2015,0.37723143164767975
US-Me4,1998,9,-2.0614,0,4.4437180000000005,2.561166,1998-09-01,FLUXNET2015,0.391912906079467
US-Me4,1998,10,-2.2822448,0,3.515742,1.4809002,1998-10-01,FLUXNET2015,-0.5404616194887469
US-Me4,1998,11,-2.02133946,0,3.1102374,1.317029,1998-11-01,FLUXNET2015,-0.9503647450569603
US-Me4,1998,12,-1.1224096,0,2.179851,0.9133414,1998-12-01,FLUXNET2015,-1.8851496706251734
US-Me4,1999,1,-3.89309,0.301747,3.8931,0.00713117,1999-01-01,FLUXNET2015,-0.176299196193387
US-Me4,1999,2,-0.641957,0.802827,3.30992,2.68569,1999-02-01,FLUXNET2015,-0.7638777217616004
US-Me4,1999,3,-2.12012,0.955645,2.97791,1.39583,1999-03-01,FLUXNET2015,-1.1002862473298138
US-Me4,1999,4,-2.29153,0.974306,3.0507,1.52218,1999-04-01,FLUXNET2015,-1.0318947728980272
US-Me4,1999,5,-3.81225,0.773522,4.954,1.46116,1999-05-01,FLUXNET2015,0.8670067015337592
US-Me4,1999,6,-3.62659,0.474306,5.23822,1.99982,1999-06-01,FLUXNET2015,1.146828175965546
US-Me4,1999,7,-2.15408,0.923387,5.02433,3.71955,1999-07-01,FLUXNET2015,0.9285396503973327
US-Me4,1999,8,-1.0583,0.420027,4.17238,4.16029,1999-08-01,FLUXNET2015,0.07219112482911971
US-Me4,1999,9,-2.50104,0.904861,4.90057,3.41149,1999-09-01,FLUXNET2015,0.795982599260906
US-Me4,1999,10,-2.84156,0.920699,3.68052,1.61847,1999-10-01,FLUXNET2015,-0.42846592630730745
US-Me4,1999,11,0.0624407,0.823611,2.4142,1.62596,1999-11-01,FLUXNET2015,-1.6991844518755206
US-Me4,1999,12,-1.1224096,0,2.179851,0.9133414,1999-12-01,FLUXNET2015,-1.937931977443734
US-Me4,2000,1,-0.8696022,0,2.6152616,1.205317634,2000-01-01,FLUXNET2015,-1.5069199030119476
US-Me4,2000,2,-2.2837076,0,4.0263214,1.7536028000000001,2000-02-01,FLUXNET2015,-0.10025862858016142
US-Me4,2000,3,-7.64308,0.0759409,8.62093,0.962697,2000-03-01,FLUXNET2015,4.489951445851625
US-Me4,2000,4,-4.24734,0.932639,5.7798,1.62709,2000-04-01,FLUXNET2015,1.644422920283412
US-Me4,2000,5,-2.82277,0.971102,4.92925,2.11262,2000-05-01,FLUXNET2015,0.7894743947151985
US-Me4,2000,6,-2.13522,0.802778,4.73426,3.0665,2000-06-01,FLUXNET2015,0.5900858691469852
US-Me4,2000,7,-1.06605,0.883737,4.68867,3.56408,2000-07-01,FLUXNET2015,0.5400973435787721
US-Me4,2000,8,-1.15623,0.922715,4.07177,2.8603,2000-08-01,FLUXNET2015,-0.08120118198944146
US-Me4,2000,9,-1.36553,0.880556,4.36805,2.24382,2000-09-01,FLUXNET2015,0.21068029244234548
US-Me4,2000,10,-2.52237,0.771505,3.43986,0.854761,2000-10-01,FLUXNET2015,-0.7219082331258682
US-Me4,2000,11,-5.11497,0.0458333,5.64807,0.508145,2000-11-01,FLUXNET2015,1.4819032413059183
US-Me4,2000,12,-1.1224096,0,2.179851,0.9133414,2000-12-01,FLUXNET2015,-1.9907142842622947
US-MMS,1999,1,0.937418,0.956989,0.0827774,1.01991,1999-01-01,FLUXNET2015,-4.764082433827148
US-MMS,1999,2,1.06435,0.982143,0.00130024,1.07709,1999-02-01,FLUXNET2015,-4.843360624215138
US-MMS,1999,3,0.912842,0.896505,-0.16683,0.738262,1999-03-01,FLUXNET2015,-5.0092918946032015
US-MMS,1999,4,2.06194,0.948611,0.0239019,2.12571,1999-04-01,FLUXNET2015,-4.816361024991266
US-MMS,1999,5,-3.72687,0.888441,9.00197,5.26711,1999-05-01,FLUXNET2015,4.163906044620669
US-MMS,1999,6,-5.74334,0.861111,12.4496,6.84358,1999-06-01,FLUXNET2015,7.613735014232605
US-MMS,1999,7,-5.39135,0.543011,12.9122,7.54431,1999-07-01,FLUXNET2015,8.078533983844538
US-MMS,1999,8,-4.21879,0.866935,9.33871,5.05734,1999-08-01,FLUXNET2015,4.507242953456475
US-MMS,1999,9,-2.01792,0.908333,4.9266,2.93613,1999-09-01,FLUXNET2015,0.09733192306840899
US-MMS,1999,10,0.318384,0.889785,2.23997,2.55808,1999-10-01,FLUXNET2015,-2.5870991073196556
US-MMS,1999,11,1.8303,0.811111,-0.24668,1.60276,1999-11-01,FLUXNET2015,-5.07155013770772
US-MMS,1999,12,1.14035,0.936828,-0.102357,1.04182,1999-12-01,FLUXNET2015,-4.925028168095785
US-MMS,2000,1,0.90923,0.952957,-0.0105658,0.90469,2000-01-01,FLUXNET2015,-4.83103799848385
US-MMS,2000,2,1.34295,0.954023,-0.114153,1.23301,2000-02-01,FLUXNET2015,-4.932426228871915
US-MMS,2000,3,1.59858,0.86828,0.0370639,1.64526,2000-03-01,FLUXNET2015,-4.77901035925998
US-MMS,2000,4,1.62538,0.794444,0.493326,2.10429,2000-04-01,FLUXNET2015,-4.320549289648045
US-MMS,2000,5,-2.52297,0.625,8.67382,6.10759,2000-05-01,FLUXNET2015,3.8621436799638893
US-MMS,2000,6,-5.84618,0.85,12.7524,7.06865,2000-06-01,FLUXNET2015,7.942922649575825
US-MMS,2000,7,-5.87715,0.702957,13.6704,7.70694,2000-07-01,FLUXNET2015,8.86312161918776
US-MMS,2000,8,-4.2323,0.719086,11.6079,7.36989,2000-08-01,FLUXNET2015,6.802820588799697
US-MMS,2000,9,-2.18702,0.619444,5.9411,3.53742,2000-09-01,FLUXNET2015,1.13821955841163
US-MMS,2000,10,0.813118,0.846774,2.34231,3.192,2000-10-01,FLUXNET2015,-2.4583714719764345
US-MMS,2000,11,1.78778,0.854167,0.174572,1.96386,2000-11-01,FLUXNET2015,-4.623910502364499
US-MMS,2000,12,0.767437,0.745968,-0.10002,0.685434,2000-12-01,FLUXNET2015,-4.8963035327525635
US-MMS,2001,1,0.937481,0.923387,-0.240654,0.698488,2001-01-01,FLUXNET2015,-5.034738563140629
US-MMS,2001,2,1.14525,0.949405,0.0991655,1.24677,2001-02-01,FLUXNET2015,-4.692720093528694
US-MMS,2001,3,1.08193,0.932796,-0.04995,1.05759,2001-03-01,FLUXNET2015,-4.839636623916759
US-MMS,2001,4,0.487624,0.911111,1.8881,2.38971,2001-04-01,FLUXNET2015,-2.8993876543048236
US-MMS,2001,5,-4.29232,0.805108,9.40678,5.13117,2001-05-01,FLUXNET2015,4.621491315307111
US-MMS,2001,6,-4.52805,0.770833,12.3344,7.98331,2001-06-01,FLUXNET2015,7.551310284919047
US-MMS,2001,7,-4.62075,0.670699,11.6229,7.23468,2001-07-01,FLUXNET2015,6.842009254530981
US-MMS,2001,8,-4.63575,0.86828,12.8249,8.33217,2001-08-01,FLUXNET2015,8.046208224142916
US-MMS,2001,9,-3.06367,0.881944,8.64767,5.60314,2001-09-01,FLUXNET2015,3.8711771937548516
US-MMS,2001,10,1.25357,0.938172,2.53308,3.77727,2001-10-01,FLUXNET2015,-2.241213836633213
US-MMS,2001,11,2.16109,0.965278,-0.144747,2.03677,2001-11-01,FLUXNET2015,-4.916841867021278
US-MMS,2001,12,1.4393,0.959677,0.0298064,1.40424,2001-12-01,FLUXNET2015,-4.740089497409342
US-MMS,2002,1,0.881959,0.983871,-0.0353626,0.851846,2002-01-01,FLUXNET2015,-4.803059527797408
US-MMS,2002,2,1.0746,0.986607,-0.063712,1.01513,2002-02-01,FLUXNET2015,-4.829209958185473
US-MMS,2002,3,1.21043,0.962366,-0.0703224,1.13776,2002-03-01,FLUXNET2015,-4.833621388573538
US-MMS,2002,4,1.72585,0.95,1.79459,3.51746,2002-04-01,FLUXNET2015,-2.9665100189616025
US-MMS,2002,5,-2.71862,0.943548,8.77357,6.02629,2002-05-01,FLUXNET2015,4.014668950650331
US-MMS,2002,6,-6.29114,0.765278,13.796,7.49872,2002-06-01,FLUXNET2015,9.039297920262268
US-MMS,2002,7,-5.83154,0.688172,12.8632,7.12836,2002-07-01,FLUXNET2015,8.108696889874203
US-MMS,2002,8,-4.84377,0.896505,10.5918,5.70994,2002-08-01,FLUXNET2015,5.839495859486137
US-MMS,2002,9,-2.43866,0.826389,8.26307,5.87318,2002-09-01,FLUXNET2015,3.512964829098074
US-MMS,2002,10,-0.852585,0.946237,3.57758,2.72207,2002-10-01,FLUXNET2015,-1.170326201289992
US-MMS,2002,11,1.56604,0.991667,0.0758072,1.65179,2002-11-01,FLUXNET2015,-4.669900031678058
US-MMS,2002,12,0.945002,0.998656,0.0211353,0.972009,2002-12-01,FLUXNET2015,-4.722372962066121
US-MMS,2003,1,0.705118,0.985215,-0.132142,0.562072,2003-01-01,FLUXNET2015,-4.873451292454186
US-MMS,2003,2,0.657483,0.955357,0.418948,1.05792,2003-02-01,FLUXNET2015,-4.320162322842251
US-MMS,2003,3,1.12888,0.96371,0.214565,1.27814,2003-03-01,FLUXNET2015,-4.522346353230316
US-MMS,2003,4,1.38799,0.947222,1.45349,2.9177399999999998,2003-04-01,FLUXNET2015,-3.281222383618381
US-MMS,2003,5,-3.10594,0.918011,8.42467,5.34642,2003-05-01,FLUXNET2015,3.692156585993554
US-MMS,2003,6,-4.76503,0.745833,12.1046,7.35291,2003-06-01,FLUXNET2015,7.374285555605489
US-MMS,2003,7,-5.785,0.880376,13.8374,8.16443,2003-07-01,FLUXNET2015,9.109284525217424
US-MMS,2003,8,-4.19141,0.814516,11.6901,7.22872,2003-08-01,FLUXNET2015,6.964183494829358
US-MMS,2003,9,-2.33121,0.9375,8.14654,5.77424,2003-09-01,FLUXNET2015,3.422822464441294
US-MMS,2003,10,-0.110307,0.888441,3.47909,3.36772,2003-10-01,FLUXNET2015,-1.242428565946771
US-MMS,2003,11,2.24942,0.925,0.0588084,2.34615,2003-11-01,FLUXNET2015,-4.660511196334836
US-MMS,2003,12,0.593392,0.889785,0.071162,0.66539,2003-12-01,FLUXNET2015,-4.6459586267229005
US-MMS,2004,1,0.787062,0.943548,-0.261115,0.498949,2004-01-01,FLUXNET2015,-4.976036657110965
US-MMS,2004,2,0.725583,0.966954,-0.064008,0.650558,2004-02-01,FLUXNET2015,-4.776730687499031
US-MMS,2004,3,1.23725,0.947581,9.31299e-4,1.24216,2004-03-01,FLUXNET2015,-4.7095924188870955
US-MMS,2004,4,1.36118,0.977778,1.80559,3.1946,2004-04-01,FLUXNET2015,-2.9027347482751598
US-MMS,2004,5,-3.63703,0.93414,9.77327,6.19702,2004-05-01,FLUXNET2015,5.0671442213367746
US-MMS,2004,6,-6.20384,0.95,13.4466,7.22447,2004-06-01,FLUXNET2015,8.742673190948711
US-MMS,2004,7,-5.64477,0.899194,12.9547,7.23442,2004-07-01,FLUXNET2015,8.252972160560645
US-MMS,2004,8,-4.99822,0.875,11.2246,6.22873,2004-08-01,FLUXNET2015,6.525071130172581
US-MMS,2004,9,-4.53332,0.919444,9.06223,4.61711,2004-09-01,FLUXNET2015,4.364900099784514
US-MMS,2004,10,1.06491,0.947581,1.85357,2.91387,2004-10-01,FLUXNET2015,-2.84156093060355
US-MMS,2004,11,1.95641,0.981944,0.0136523,1.85904,2004-11-01,FLUXNET2015,-4.6792796609916145
US-MMS,2004,12,0.826591,0.989247,-0.327048,0.488938,2004-12-01,FLUXNET2015,-5.017780991379679
US-MMS,2005,1,0.920451,0.985215,0.049443,0.985356,2005-01-01,FLUXNET2015,-4.639091021767744
US-MMS,2005,2,0.770854,0.973214,-0.0188951,0.759644,2005-02-01,FLUXNET2015,-4.705230152155809
US-MMS,2005,3,0.837295,0.974462,0.0782569,0.910945,2005-03-01,FLUXNET2015,-4.605879182543874
US-MMS,2005,4,0.905706,0.95,1.2805,2.20374,2005-04-01,FLUXNET2015,-3.401437112931939
US-MMS,2005,5,-3.72209,0.903226,8.04074,4.29557,2005-05-01,FLUXNET2015,3.3610018566799957
US-MMS,2005,6,-5.95072,0.902778,13.4911,7.62939,2005-06-01,FLUXNET2015,8.813560826291932
US-MMS,2005,7,-4.92087,0.915323,13.1286,8.20823,2005-07-01,FLUXNET2015,8.453259795903866
US-MMS,2005,8,-3.98479,0.783602,11.6767,7.70326,2005-08-01,FLUXNET2015,7.003558765515802
US-MMS,2005,9,-3.19032,0.806944,8.36592,5.19201,2005-09-01,FLUXNET2015,3.6949777351277353
US-MMS,2005,10,-1.09262,0.958333,4.35533,3.29498,2005-10-01,FLUXNET2015,-0.3134132952603283
US-MMS,2005,11,1.77135,0.956944,0.0727195,1.82334,2005-11-01,FLUXNET2015,-4.593824825648394
US-MMS,2005,12,0.832627,0.974462,0.00482919,0.824753,2005-12-01,FLUXNET2015,-4.659516166036458
US-MMS,2006,1,1.00104,0.994624,-0.0363644,0.962661,2006-01-01,FLUXNET2015,-4.6985107864245235
US-MMS,2006,2,0.692418,0.983631,-0.0263691,0.6646,2006-02-01,FLUXNET2015,-4.686316516812588
US-MMS,2006,3,1.26878,0.981183,0.0776588,1.35274,2006-03-01,FLUXNET2015,-4.580089647200653
US-MMS,2006,4,1.3204,0.952778,1.95351,3.27188,2006-04-01,FLUXNET2015,-2.702039477588718
US-MMS,2006,5,-3.63428,0.947581,9.37174,5.73629,2006-05-01,FLUXNET2015,4.718389492023218
US-MMS,2006,6,-6.13711,0.886111,12.9493,6.60523,2006-06-01,FLUXNET2015,8.298148461635153
US-MMS,2006,7,-6.11246,0.852151,13.0774,6.75936,2006-07-01,FLUXNET2015,8.428447431247088
US-MMS,2006,8,-4.41438,0.670699,11.0397,6.64563,2006-08-01,FLUXNET2015,6.392946400859023
US-MMS,2006,9,-2.84923,0.9,7.94627,5.10925,2006-09-01,FLUXNET2015,3.3017153704709576
US-MMS,2006,10,0.340771,0.947581,3.00932,3.30993,2006-10-01,FLUXNET2015,-1.6330356599171074
US-MMS,2006,11,1.85837,0.955556,-0.198527,1.67159,2006-11-01,FLUXNET2015,-4.838683690305173
US-MMS,2006,12,1.16569,0.977151,0.0121813,1.17716,2006-12-01,FLUXNET2015,-4.625776420693237
US-MMS,2007,1,0.766667,0.971774,-0.128628,0.631652,2007-01-01,FLUXNET2015,-4.764386751081302
US-MMS,2007,2,0.676964,0.903274,-0.147716,0.557362,2007-02-01,FLUXNET2015,-4.7812757814693665
US-MMS,2007,3,1.5294,0.849462,0.421369,1.9509,2007-03-01,FLUXNET2015,-4.209991811857432
US-MMS,2007,4,1.66532,0.886111,0.789982,2.48336,2007-04-01,FLUXNET2015,-3.8391798422454966
US-MMS,2007,5,-2.93885,0.72043,7.80929,4.8933,2007-05-01,FLUXNET2015,3.182327127366438
US-MMS,2007,6,-6.31684,0.606944,13.0308,6.81762,2007-06-01,FLUXNET2015,8.406036096978372
US-MMS,2007,7,-5.82709,0.46371,12.2557,6.42992,2007-07-01,FLUXNET2015,7.633135066590308
US-MMS,2007,8,-3.76461,0.643817,10.08,6.30167,2007-08-01,FLUXNET2015,5.459634036202244
US-MMS,2007,9,-2.94442,0.7625,6.57663,3.5572,2007-09-01,FLUXNET2015,1.9584630058141783
US-MMS,2007,10,-1.23167,0.912634,4.64412,3.37558,2007-10-01,FLUXNET2015,0.02815197542611364
US-MMS,2007,11,0.933845,0.954167,0.659898,1.57848,2007-11-01,FLUXNET2015,-3.953871054961951
US-MMS,2007,12,0.327943,0.876344,0.250098,0.576311,2007-12-01,FLUXNET2015,-4.361472085350015
US-MMS,2008,1,1.05853,0.989247,-0.0916971,0.965427,2008-01-01,FLUXNET2015,-4.701068215738081
US-MMS,2008,2,0.599819,0.96408,-0.218384,0.384221,2008-02-01,FLUXNET2015,-4.8255561461261465
US-MMS,2008,3,1.26146,0.981183,0.0394772,1.30274,2008-03-01,FLUXNET2015,-4.56549597651421
US-MMS,2008,4,2.05042,0.952778,1.01643,3.08741,2008-04-01,FLUXNET2015,-3.586344206902276
US-MMS,2008,5,-1.80677,0.919355,7.55757,5.75397,2008-05-01,FLUXNET2015,2.9569947627096598
US-MMS,2008,6,-4.85277,0.881944,11.7095,6.84814,2008-06-01,FLUXNET2015,7.1111237323215954
US-MMS,2008,7,-5.03619,0.688172,10.8259,5.78758,2008-07-01,FLUXNET2015,6.229722701933531
US-MMS,2008,8,-5.59271,0.727151,10.4391,4.3715,2008-08-01,FLUXNET2015,5.845121671545464
US-MMS,2008,9,-3.31381,0.831944,8.26039,5.1315,2008-09-01,FLUXNET2015,3.668610641157399
US-MMS,2008,10,-1.0017,0.948925,4.64833,3.66921,2008-10-01,FLUXNET2015,0.05874961076933438
US-MMS,2008,11,1.4816,0.934722,0.193543,1.68176,2008-11-01,FLUXNET2015,-4.393838419618731
US-MMS,2008,12,1.0751,0.977151,-0.229291,0.843743,2008-12-01,FLUXNET2015,-4.814473450006794
US-MMS,2009,1,0.830274,0.962366,-0.311178,0.523983,2009-01-01,FLUXNET2015,-4.894161480394859
US-MMS,2009,2,1.05211,0.977679,-0.127293,0.91453,2009-02-01,FLUXNET2015,-4.708077510782925
US-MMS,2009,3,1.58743,0.94086,-0.0486072,1.5466,2009-03-01,FLUXNET2015,-4.6271927411709894
US-MMS,2009,4,2.41345,0.952778,0.28377,2.67827,2009-04-01,FLUXNET2015,-4.292616571559055
US-MMS,2009,5,-1.78961,0.852151,9.22975,7.54761,2009-05-01,FLUXNET2015,4.655562398052879
US-MMS,2009,6,-5.50583,0.913889,12.5864,7.13686,2009-06-01,FLUXNET2015,8.014411367664815
US-MMS,2009,7,-5.23899,0.780914,13.129,8.11331,2009-07-01,FLUXNET2015,8.559210337276749
US-MMS,2009,8,-4.68127,0.801075,11.4498,6.57754,2009-08-01,FLUXNET2015,6.882209306888686
US-MMS,2009,9,-2.17477,0.731944,7.38766,5.11836,2009-09-01,FLUXNET2015,2.8222682765006213
US-MMS,2009,10,0.619885,0.962366,2.40335,3.02878,2009-10-01,FLUXNET2015,-2.159842753887444
US-MMS,2009,11,1.69765,0.951389,-0.167278,1.52053,2009-11-01,FLUXNET2015,-4.728271784275509
US-MMS,2009,12,0.859873,0.997312,-0.0426106,0.807185,2009-12-01,FLUXNET2015,-4.6014054146635734
US-MMS,2010,1,0.660351,0.986559,-0.0456315,0.61402,2010-01-01,FLUXNET2015,-4.602227345051638
US-MMS,2010,2,0.531358,0.946429,0.206062,0.742994,2010-02-01,FLUXNET2015,-4.348334875439703
US-MMS,2010,3,1.58464,0.944892,-0.137468,1.44964,2010-03-01,FLUXNET2015,-4.689665905827769
US-MMS,2010,4,1.05631,0.886111,3.65839,4.71687,2010-04-01,FLUXNET2015,-0.8916089362158337
US-MMS,2010,5,-4.37445,0.819892,10.0717,5.72612,2010-05-01,FLUXNET2015,5.523900033396101
US-MMS,2010,6,-6.44785,0.740278,13.805,7.3369,2010-06-01,FLUXNET2015,9.259399003008037
US-MMS,2010,7,-5.68809,0.583333,13.3406,7.54391,2010-07-01,FLUXNET2015,8.797197972619971
US-MMS,2010,8,-4.26027,0.620968,8.53535,4.32029,2010-08-01,FLUXNET2015,3.9941469422319065
US-MMS,2010,9,-2.35334,0.8625,5.59521,3.22439,2010-09-01,FLUXNET2015,1.0562059118438416
US-MMS,2010,10,0.72406,0.905914,2.32962,3.05887,2010-10-01,FLUXNET2015,-2.2071851185442233
US-MMS,2010,11,1.73968,0.952778,-0.268121,1.49308,2010-11-01,FLUXNET2015,-4.802727148932288
US-MMS,2010,12,0.94335,0.978495,-0.0936988,0.837507,2010-12-01,FLUXNET2015,-4.626105979320353
US-MMS,2011,1,0.560246,0.983871,0.075345,0.654533,2011-01-01,FLUXNET2015,-4.454863209708416
US-MMS,2011,2,1.23789,0.931548,0.0109691,1.24851,2011-02-01,FLUXNET2015,-4.517040140096483
US-MMS,2011,3,1.44479,0.979839,0.24125,1.69268,2011-03-01,FLUXNET2015,-4.284560270484548
US-MMS,2011,4,1.74571,0.745833,1.07309,2.82311,2011-04-01,FLUXNET2015,-3.4505213008726123
US-MMS,2011,5,-1.76434,0.918011,7.61506,5.87318,2011-05-01,FLUXNET2015,3.093647668739323
US-MMS,2011,6,-5.24526,0.8,12.7635,7.47903,2011-06-01,FLUXNET2015,8.244286638351259
US-MMS,2011,7,-5.69974,0.616935,11.239,5.56237,2011-07-01,FLUXNET2015,6.721985607963194
US-MMS,2011,8,-4.52679,0.853495,9.29656,4.76668,2011-08-01,FLUXNET2015,4.781744577575128
US-MMS,2011,9,-2.11596,0.881944,5.51584,3.39597,2011-09-01,FLUXNET2015,1.0032235471870627
US-MMS,2011,10,0.792963,0.94086,2.05604,2.8219,2011-10-01,FLUXNET2015,-2.454377483201002
US-MMS,2011,11,2.30262,0.993056,-0.186513,2.1201,2011-11-01,FLUXNET2015,-4.694731513589066
US-MMS,2011,12,1.64952,0.969086,0.161994,1.80671,2011-12-01,FLUXNET2015,-4.344025543977131
US-MMS,2012,1,0.996473,0.987903,-0.128628,0.86445,2012-01-01,FLUXNET2015,-4.632448574365196
US-MMS,2012,2,1.24352,0.968391,-0.00362235,1.24429,2012-02-01,FLUXNET2015,-4.505243954753261
US-MMS,2012,3,2.3569,0.981183,0.26503,2.63525,2012-03-01,FLUXNET2015,-4.234392635141326
US-MMS,2012,4,-0.701281,0.968056,4.755,4.06343,2012-04-01,FLUXNET2015,0.2577763344706087
US-MMS,2012,5,-5.40685,0.849462,11.627,6.25417,2012-05-01,FLUXNET2015,7.131975304082545
US-MMS,2012,6,-5.35953,0.843056,10.9032,5.59544,2012-06-01,FLUXNET2015,6.4103742736944795
US-MMS,2012,7,-2.69641,0.842742,8.26704,5.51233,2012-07-01,FLUXNET2015,3.776413243306414
US-MMS,2012,8,-3.28672,0.806452,7.26685,3.79847,2012-08-01,FLUXNET2015,2.778422212918349
US-MMS,2012,9,-2.31876,0.879167,6.98706,4.8235,2012-09-01,FLUXNET2015,2.500831182530284
US-MMS,2012,10,0.871148,0.961022,1.98401,2.82484,2012-10-01,FLUXNET2015,-2.5000198478577804
US-MMS,2012,11,1.57952,0.859722,-0.189779,1.38043,2012-11-01,FLUXNET2015,-4.671609878245845
US-MMS,2012,12,1.37291,0.983871,-0.0747777,1.31614,2012-12-01,FLUXNET2015,-4.55440960863391
US-MMS,2013,1,0.830281,0.974462,-0.0456621,0.768799,2013-01-01,FLUXNET2015,-4.5230950390219755
US-MMS,2013,2,0.898263,0.99256,-0.00429396,0.895336,2013-02-01,FLUXNET2015,-4.47952792941004
US-MMS,2013,3,1.16907,0.979839,-3.10333e-4,1.16614,2013-03-01,FLUXNET2015,-4.473345332798105
US-MMS,2013,4,2.39052,0.954167,0.851809,3.2464,2013-04-01,FLUXNET2015,-3.61902703018617
US-MMS,2013,5,-2.31871,0.967742,8.56955,6.29078,2013-05-01,FLUXNET2015,4.100912939425765
US-MMS,2013,6,-5.71026,0.888889,11.329,5.67091,2013-06-01,FLUXNET2015,6.8625619090377015
US-MMS,2013,7,-4.92626,0.86828,11.2631,6.36024,2013-07-01,FLUXNET2015,6.798860878649635
US-MMS,2013,8,-4.68534,0.802419,10.8982,5.64973,2013-08-01,FLUXNET2015,6.436159848261569
US-MMS,2013,9,-3.0826,0.895833,6.88444,3.84733,2013-09-01,FLUXNET2015,2.4245988178735054
US-MMS,2013,10,-0.360159,0.952957,4.03375,3.64791,2013-10-01,FLUXNET2015,-0.42389221251455916
US-MMS,2013,11,1.64416,0.984722,0.109436,1.75611,2013-11-01,FLUXNET2015,-4.346007242902625
US-MMS,2013,12,0.88157,0.983871,-0.161054,0.734365,2013-12-01,FLUXNET2015,-4.6142982732906885
US-MMS,2014,1,0.69612,0.923387,-0.0697905,0.637287,2014-01-01,FLUXNET2015,-4.520835803678754
US-MMS,2014,2,1.10403,0.96875,-0.188297,0.934344,2014-02-01,FLUXNET2015,-4.6371433340668196
US-MMS,2014,3,1.09916,0.967742,0.0321917,1.13249,2014-03-01,FLUXNET2015,-4.414455664454883
US-MMS,2014,4,2.22566,0.9625,0.486091,2.71331,2014-04-01,FLUXNET2015,-3.958357394842949
US-MMS,2014,5,-1.77761,0.923387,7.64588,5.87903,2014-05-01,FLUXNET2015,3.2036305747689866
US-MMS,2014,6,-5.40708,0.941667,12.7344,7.33108,2014-06-01,FLUXNET2015,8.294349544380923
US-MMS,2014,7,-6.31372,0.875,11.679,5.23054,2014-07-01,FLUXNET2015,7.241148513992857
US-MMS,2014,8,-5.15717,0.888441,11.3294,6.23919,2014-08-01,FLUXNET2015,6.893747483604791
US-MMS,2014,9,-3.28135,0.963889,8.94186,5.65083,2014-09-01,FLUXNET2015,4.508406453216727
US-MMS,2014,10,0.581707,0.948925,2.87547,3.43517,2014-10-01,FLUXNET2015,-1.5557845771713383
US-MMS,2014,11,1.70548,0.993056,0.0360338,1.74402,2014-11-01,FLUXNET2015,-4.393021807559403
US-MMS,2014,12,1.23569,0.982527,-0.0845319,1.1446,2014-12-01,FLUXNET2015,-4.511388537947467
US-NR1,1998,1,0.4072099411764706,0,0.014829579375,0.4106998125,1998-01-01,FLUXNET2015,-2.2058786991810067
US-NR1,1998,2,0.37673635294117647,0,0.0316057625,0.395330125,1998-02-01,FLUXNET2015,-2.1897816649156123
US-NR1,1998,3,0.48626229411764704,0,0.1496860404375,0.62618025,1998-03-01,FLUXNET2015,-2.072380535837703
US-NR1,1998,4,0.31089014117647057,0,0.80490195625,1.0960036875,1998-04-01,FLUXNET2015,-1.4178437688847958
US-NR1,1998,5,-1.7364661764705882,0,3.6726725,1.797250625,1998-05-01,FLUXNET2015,1.4492476260056113
US-NR1,1998,6,-2.127485411764706,0,5.53900125,3.255001875,1998-06-01,FLUXNET2015,3.314897227146018
US-NR1,1998,7,-0.858101,0,5.70692125,4.754065625,1998-07-01,FLUXNET2015,3.4821380782864253
US-NR1,1998,8,-1.020395705882353,0,5.45637875,4.351576875,1998-08-01,FLUXNET2015,3.230916429426832
US-NR1,1998,9,-1.1261234705882353,0,4.053111875,2.8202375,1998-09-01,FLUXNET2015,1.8269704055672398
US-NR1,1998,10,-0.3946564941176471,0,1.92565375,1.450339375,1998-10-01,FLUXNET2015,-0.30116686829235306
US-NR1,1998,11,0.5024774117647058,0,0.23301199375,0.7287531875,1998-11-01,FLUXNET2015,-1.994487773401946
US-NR1,1998,12,0.42590141176470586,0,-0.007919934375,0.40452775,1998-12-01,FLUXNET2015,-2.2360988503865387
US-NR1,1999,1,0.4072099411764706,0,0.014829579375,0.4106998125,1999-01-01,FLUXNET2015,-2.2140284854961316
US-NR1,1999,2,0.37673635294117647,0,0.0316057625,0.395330125,1999-02-01,FLUXNET2015,-2.197931451230725
US-NR1,1999,3,0.48626229411764704,0,0.1496860404375,0.62618025,1999-03-01,FLUXNET2015,-2.0805303221528173
US-NR1,1999,4,0.362757,0.0715278,0.666976,1.01147,1999-04-01,FLUXNET2015,-1.56391951144991
US-NR1,1999,5,-1.11433,0.86828,2.69448,1.57429,1999-05-01,FLUXNET2015,0.46290533969049696
US-NR1,1999,6,-2.52656,0.91875,5.22272,2.68768,1999-06-01,FLUXNET2015,2.9904661908309036
US-NR1,1999,7,-1.6991,0.620296,6.07504,4.3897,1999-07-01,FLUXNET2015,3.8421070419713113
US-NR1,1999,8,-1.03554,0.783602,5.31775,4.34593,1999-08-01,FLUXNET2015,3.0841378931117185
US-NR1,1999,9,-1.30115,0.909722,4.31606,3.09761,1999-09-01,FLUXNET2015,2.0817687442521255
US-NR1,1999,10,-0.574348,0.968414,2.07543,1.50201,1999-10-01,FLUXNET2015,-0.1595404046074675
US-NR1,1999,11,0.306312,0.986111,0.565859,0.862192,1999-11-01,FLUXNET2015,-1.66979055346706
US-NR1,1999,12,0.435984,0.99328,0.0458323,0.487013,1999-12-01,FLUXNET2015,-2.1904964023266533
US-NR1,2000,1,0.407181,0.986559,-0.0120085,0.393056,2000-01-01,FLUXNET2015,-2.249016351186246
US-NR1,2000,2,0.483645,0.984195,0.0482759,0.54515,2000-02-01,FLUXNET2015,-2.189411100045839
US-NR1,2000,3,0.516,0.927419,0.0379566,0.567681,2000-03-01,FLUXNET2015,-2.2004095489054323
US-NR1,2000,4,-0.0179449,0.965278,1.28493,1.26618,2000-04-01,FLUXNET2015,-0.9541152977650247
US-NR1,2000,5,-2.3295,0.965726,4.52889,2.22691,2000-05-01,FLUXNET2015,2.289165553375382
US-NR1,2000,6,-2.31772,0.886111,5.91676,3.61356,2000-06-01,FLUXNET2015,3.6763564045157895
US-NR1,2000,7,-1.29859,0.844758,5.76476,4.51404,2000-07-01,FLUXNET2015,3.523677255656197
US-NR1,2000,8,-0.92532,0.963038,4.22915,3.35296,2000-08-01,FLUXNET2015,1.9873881067966035
US-NR1,2000,9,-1.18697,0.934722,3.78947,2.52039,2000-09-01,FLUXNET2015,1.5470289579370111
US-NR1,2000,10,-0.841222,0.920699,2.228,1.35368,2000-10-01,FLUXNET2015,-0.015120190922581545
US-NR1,2000,11,0.435747,0.984722,0.0635956,0.496585,2000-11-01,FLUXNET2015,-2.1802037397821743
US-NR1,2000,12,0.332025,0.995968,-0.0227277,0.308807,2000-12-01,FLUXNET2015,-2.267206188641768
US-NR1,2001,1,0.326061,0.987903,-0.011722,0.312941,2001-01-01,FLUXNET2015,-2.2568796375013602
US-NR1,2001,2,0.273336,0.980655,0.0413868,0.31485,2001-02-01,FLUXNET2015,-2.2044499863609532
US-NR1,2001,3,0.414806,0.983199,0.0399955,0.464979,2001-03-01,FLUXNET2015,-2.2065204352205465
US-NR1,2001,4,0.0997273,0.877083,1.02558,1.11836,2001-04-01,FLUXNET2015,-1.221615084080139
US-NR1,2001,5,-2.30456,0.965054,4.2157,1.91949,2001-05-01,FLUXNET2015,1.9678257670602683
US-NR1,2001,6,-2.18246,0.958333,5.85024,3.68529,2001-06-01,FLUXNET2015,3.6016866182006755
US-NR1,2001,7,-1.1567,0.956989,6.18684,4.86372,2001-07-01,FLUXNET2015,3.9376074693410827
US-NR1,2001,8,-1.05972,0.972446,5.46842,4.3813,2001-08-01,FLUXNET2015,3.2185083204814897
US-NR1,2001,9,-1.67309,0.977083,4.58994,2.90987,2001-09-01,FLUXNET2015,2.339349171621897
US-NR1,2001,10,-0.693427,0.985215,2.14099,1.46464,2001-10-01,FLUXNET2015,-0.11027997723769613
US-NR1,2001,11,0.326412,0.972917,0.432725,0.772066,2001-11-01,FLUXNET2015,-1.8192241260972888
US-NR1,2001,12,0.322315,0.997984,0.0201146,0.338655,2001-12-01,FLUXNET2015,-2.2325136749568824
US-NR1,2002,1,0.294953,0.983199,0.00601584,0.312843,2002-01-01,FLUXNET2015,-2.247291583816475
US-NR1,2002,2,0.111816,0.970238,0.0605855,0.183777,2002-02-01,FLUXNET2015,-2.1934010726760675
US-NR1,2002,3,0.486001,0.986559,0.0849303,0.569854,2002-03-01,FLUXNET2015,-2.169735421535661
US-NR1,2002,4,0.133634,0.995833,1.18774,1.33034,2002-04-01,FLUXNET2015,-1.0676048703952532
US-NR1,2002,5,-1.80408,0.863575,3.75897,2.02584,2002-05-01,FLUXNET2015,1.502945980745154
US-NR1,2002,6,-1.9466,0.911806,5.56129,3.72902,2002-06-01,FLUXNET2015,3.3045868318855605
US-NR1,2002,7,-0.327545,0.879032,4.97971,4.6173,2002-07-01,FLUXNET2015,2.722327683025968
US-NR1,2002,8,-1.06094,0.926075,4.77093,3.71798,2002-08-01,FLUXNET2015,2.5128685341663752
US-NR1,2002,9,-1.27252,0.933333,3.44128,2.1927,2002-09-01,FLUXNET2015,1.1825393853067825
US-NR1,2002,10,-0.217962,0.938844,1.42325,1.17518,2002-10-01,FLUXNET2015,-0.8361697635528105
US-NR1,2002,11,0.622248,0.949306,0.0058472,0.655153,2002-11-01,FLUXNET2015,-2.2542517124124037
US-NR1,2002,12,0.409825,0.985215,-0.0258596,0.388118,2002-12-01,FLUXNET2015,-2.286637661271996
US-NR1,2003,1,0.435681,0.991263,0.0302275,0.468735,2003-01-01,FLUXNET2015,-2.2312297101315894
US-NR1,2003,2,0.295806,0.96503,0.0266413,0.332586,2003-02-01,FLUXNET2015,-2.235495058991182
US-NR1,2003,3,0.459191,0.801075,0.0901747,0.552131,2003-03-01,FLUXNET2015,-2.172640807850775
US-NR1,2003,4,0.333923,0.973611,0.714646,1.04373,2003-04-01,FLUXNET2015,-1.5488486567103674
US-NR1,2003,5,-1.85671,0.884409,3.26622,1.49108,2003-05-01,FLUXNET2015,1.0020461944300396
US-NR1,2003,6,-2.4852,0.904861,5.50172,3.01757,2003-06-01,FLUXNET2015,3.236867045570446
US-NR1,2003,7,-0.447486,0.961694,4.91798,4.51862,2003-07-01,FLUXNET2015,2.6524478967108536
US-NR1,2003,8,-0.942805,0.955645,4.90872,3.99109,2003-08-01,FLUXNET2015,2.6425087478512603
US-NR1,2003,9,-0.913532,0.69375,3.54262,2.60194,2003-09-01,FLUXNET2015,1.2757295989916682
US-NR1,2003,10,-0.266903,0.954973,2.33003,2.00785,2003-10-01,FLUXNET2015,0.062460450132075074
US-NR1,2003,11,0.42173,0.994444,0.105524,0.52872,2003-11-01,FLUXNET2015,-2.162724698727518
US-NR1,2003,12,0.445666,0.988575,-0.00267599,0.443981,2003-12-01,FLUXNET2015,-2.271603837587111
US-NR1,2004,1,0.311753,0.99328,-0.0173019,0.295911,2004-01-01,FLUXNET2015,-2.2869088964467035
US-NR1,2004,2,0.266584,0.983477,0.0121953,0.281949,2004-02-01,FLUXNET2015,-2.2580908453062962
US-NR1,2004,3,0.509828,0.992608,0.291416,0.793807,2004-03-01,FLUXNET2015,-1.9795492941658892
US-NR1,2004,4,0.249434,0.764583,1.05779,1.30666,2004-04-01,FLUXNET2015,-1.2138544430254818
US-NR1,2004,5,-2.82422,0.936156,4.79335,2.00233,2004-05-01,FLUXNET2015,2.521026408114925
US-NR1,2004,6,-1.80591,0.830556,5.12573,3.29427,2004-06-01,FLUXNET2015,2.852727259255332
US-NR1,2004,7,-0.616377,0.952285,5.46888,4.9164,2004-07-01,FLUXNET2015,3.1951981103957396
US-NR1,2004,8,-0.796535,0.725806,5.38144,4.64157,2004-08-01,FLUXNET2015,3.1070789615361463
US-NR1,2004,9,-1.1573,0.973611,3.967,2.81339,2004-09-01,FLUXNET2015,1.691959812676554
US-NR1,2004,10,-0.17265,0.897849,1.71531,1.55024,2004-10-01,FLUXNET2015,-0.5604093361830392
US-NR1,2004,11,0.769318,0.929167,0.0119486,0.800536,2004-11-01,FLUXNET2015,-2.264449885042632
US-NR1,2004,12,0.549201,0.997312,0.0145114,0.56328,2004-12-01,FLUXNET2015,-2.2625662339022248
US-NR1,2005,1,0.505993,0.952285,0.0521077,0.571751,2005-01-01,FLUXNET2015,-2.2256490827618176
US-NR1,2005,2,0.507066,0.96875,-0.0126548,0.497308,2005-02-01,FLUXNET2015,-2.2910907316214106
US-NR1,2005,3,0.537151,0.952285,0.00556281,0.548609,2005-03-01,FLUXNET2015,-2.273552270481004
US-NR1,2005,4,0.439367,0.9,0.577068,1.01293,2005-04-01,FLUXNET2015,-1.702726229340596
US-NR1,2005,5,-1.64704,0.68414,3.67036,1.95268,2005-05-01,FLUXNET2015,1.389886621799811
US-NR1,2005,6,-1.80402,0.899306,4.83495,3.01171,2005-06-01,FLUXNET2015,2.5537974729402175
US-NR1,2005,7,-0.636215,0.955645,5.47935,4.91224,2005-07-01,FLUXNET2015,3.197518324080625
US-NR1,2005,8,-1.23743,0.948925,5.34094,4.1185,2005-08-01,FLUXNET2015,3.0584291752210317
US-NR1,2005,9,-1.34341,0.988889,3.73478,2.36802,2005-09-01,FLUXNET2015,1.4515900263614396
US-NR1,2005,10,-0.616735,0.975134,2.09817,1.47846,2005-10-01,FLUXNET2015,-0.18569912249815335
US-NR1,2005,11,0.501245,0.996528,0.338592,0.838765,2005-11-01,FLUXNET2015,-1.9459562713577463
US-NR1,2005,12,0.504842,1,-0.00902716,0.493253,2005-12-01,FLUXNET2015,-2.2942545802173395
US-NR1,2006,1,0.479379,0.979839,0.010752,0.489158,2006-01-01,FLUXNET2015,-2.275154569076932
US-NR1,2006,2,0.401006,0.997768,0.0223551,0.426849,2006-02-01,FLUXNET2015,-2.264230617936525
US-NR1,2006,3,0.543623,0.983199,0.163443,0.696901,2006-03-01,FLUXNET2015,-2.123821866796118
US-NR1,2006,4,0.121995,0.972222,1.26451,1.4038,2006-04-01,FLUXNET2015,-1.0234340156557107
US-NR1,2006,5,-1.84839,0.897177,3.97742,2.12683,2006-05-01,FLUXNET2015,1.6887968354846965
US-NR1,2006,6,-2.36785,0.930556,6.3111,3.94286,2006-06-01,FLUXNET2015,4.021797686625104
US-NR1,2006,7,-0.286209,0.954973,5.53514,5.17799,2006-07-01,FLUXNET2015,3.2451585377655108
US-NR1,2006,8,-1.55385,0.950269,5.39694,3.90224,2006-08-01,FLUXNET2015,3.106279388905918
US-NR1,2006,9,-1.32389,0.975,3.51579,2.22763,2006-09-01,FLUXNET2015,1.224450240046325
US-NR1,2006,10,0.0378783,0.942876,1.3925399999999999,1.43376,2006-10-01,FLUXNET2015,-0.8994789088132679
US-NR1,2006,11,0.767186,1,0.128486,0.893577,2006-11-01,FLUXNET2015,-2.1642120576728607
US-NR1,2006,12,0.565419,0.823925,-0.0200419,0.50419,2006-12-01,FLUXNET2015,-2.3134191065324536
US-NR1,2007,1,0.544848,0.921371,0.0107207,0.571728,2007-01-01,FLUXNET2015,-2.2833356553920465
US-NR1,2007,2,0.427012,0.958333,0.117702,0.548866,2007-02-01,FLUXNET2015,-2.1770335042516398
US-NR1,2007,3,0.565216,0.969086,0.389568,0.925816,2007-03-01,FLUXNET2015,-1.905846653111232
US-NR1,2007,4,0.255912,0.916667,0.985621,1.26552,2007-04-01,FLUXNET2015,-1.3104728019708247
US-NR1,2007,5,-2.8147,0.9375,4.27394,1.53122,2007-05-01,FLUXNET2015,1.977167049169582
US-NR1,2007,6,-1.81526,0.938194,5.01035,3.20318,2007-06-01,FLUXNET2015,2.712897900309989
US-NR1,2007,7,-1.06725,0.977823,5.88506,4.79886,2007-07-01,FLUXNET2015,3.5869287514503965
US-NR1,2007,8,-0.764816,0.979839,5.8107,5.06985,2007-08-01,FLUXNET2015,3.511889602590803
US-NR1,2007,9,-1.28949,0.96875,4.46178,3.16257,2007-09-01,FLUXNET2015,2.162290453731211
US-NR1,2007,10,-0.416112,0.973118,1.82118,1.37927,2007-10-01,FLUXNET2015,-0.47898869512838205
US-NR1,2007,11,0.368398,0.972917,0.453518,0.818669,2007-11-01,FLUXNET2015,-1.847329843987975
US-NR1,2007,12,0.385791,0.94422,0.00436233,0.395303,2007-12-01,FLUXNET2015,-2.297164662847568
US-NR1,2008,1,0.306826,0.993952,0.0288893,0.336955,2008-01-01,FLUXNET2015,-2.273316841707161
US-NR1,2008,2,0.282488,0.998563,0.0160746,0.295733,2008-02-01,FLUXNET2015,-2.2868106905667536
US-NR1,2008,3,0.441853,0.979839,0.0103062,0.458476,2008-03-01,FLUXNET2015,-2.2932582394263465
US-NR1,2008,4,0.621517,0.99375,0.262673,0.880359,2008-04-01,FLUXNET2015,-2.0415705882859396
US-NR1,2008,5,-1.233,0.984543,2.94027,1.68845,2008-05-01,FLUXNET2015,0.6353472628544679
US-NR1,2008,6,-2.76002,0.963194,5.3258,2.54263,2008-06-01,FLUXNET2015,3.020198113994875
US-NR1,2008,7,-1.0402,0.954301,5.62133,4.50976,2008-07-01,FLUXNET2015,3.3150489651352824
US-NR1,2008,8,-0.697125,0.954973,5.23271,4.55046,2008-08-01,FLUXNET2015,2.925749816275689
US-NR1,2008,9,-1.74475,0.960417,4.86896,3.1422,2008-09-01,FLUXNET2015,2.5613206674160964
US-NR1,2008,10,-0.584882,0.946237,2.096,1.49198,2008-10-01,FLUXNET2015,-0.2123184814434964
US-NR1,2008,11,0.417316,0.993056,0.261705,0.679327,2008-11-01,FLUXNET2015,-2.0472926303030894
US-NR1,2008,12,0.30923,0.979167,-0.0353282,0.273152,2008-12-01,FLUXNET2015,-2.3450049791626824
US-NR1,2009,1,0.350748,0.979839,0.0135359,0.353559,2009-01-01,FLUXNET2015,-2.296820028022275
US-NR1,2009,2,0.367673,1,0.00836854,0.366988,2009-02-01,FLUXNET2015,-2.302666536881868
US-NR1,2009,3,0.526168,0.989247,0.0523216,0.5731,2009-03-01,FLUXNET2015,-2.259392625741461
US-NR1,2009,4,0.121552,0.864583,0.955446,1.03416,2009-04-01,FLUXNET2015,-1.3569473746010536
US-NR1,2009,5,-2.24134,0.864247,4.49647,2.31971,2009-05-01,FLUXNET2015,2.183397476539354
US-NR1,2009,6,-2.27757,0.982639,5.61349,3.39611,2009-06-01,FLUXNET2015,3.2997383276797603
US-NR1,2009,7,-0.864758,0.977151,5.73681,4.92897,2009-07-01,FLUXNET2015,3.4223791788201674
US-NR1,2009,8,-1.43756,0.782258,5.38694,4.07113,2009-08-01,FLUXNET2015,3.0718300299605747
US-NR1,2009,9,-1.08471,0.947222,3.5232,2.43628,2009-09-01,FLUXNET2015,1.2074108811009823
US-NR1,2009,10,-0.0212727,0.856183,1.22608,1.14928,2009-10-01,FLUXNET2015,-1.0903882677586108
US-NR1,2009,11,0.587426,0.870833,0.25732,0.812879,2009-11-01,FLUXNET2015,-2.059827416618204
US-NR1,2009,12,0.314993,0.991263,-0.0062148,0.316039,2009-12-01,FLUXNET2015,-2.3240413654777967
US-NR1,2010,1,0.271526,0.984543,-0.00885162,0.265614,2010-01-01,FLUXNET2015,-2.32735733433739
US-NR1,2010,2,0.248753,0.973214,0.0178467,0.272297,2010-02-01,FLUXNET2015,-2.301338163196982
US-NR1,2010,3,0.487205,0.941532,0.00150805,0.484288,2010-03-01,FLUXNET2015,-2.3183559620565752
US-NR1,2010,4,0.493537,0.900694,0.428262,0.917186,2010-04-01,FLUXNET2015,-1.892281160916168
US-NR1,2010,5,-1.29112,0.764785,2.60864,1.22876,2010-05-01,FLUXNET2015,0.287417690224239
US-NR1,2010,6,-2.28748,0.945139,5.39344,3.0674,2010-06-01,FLUXNET2015,3.071538541364646
US-NR1,2010,7,-1.48543,0.979167,5.99989,4.56695,2010-07-01,FLUXNET2015,3.677309392505053
US-NR1,2010,8,-1.24098,0.979167,5.58626,4.41126,2010-08-01,FLUXNET2015,3.2630002436454606
US-NR1,2010,9,-1.0439,0.975694,3.37152,2.38088,2010-09-01,FLUXNET2015,1.0475810947858677
US-NR1,2010,10,-0.786509,0.985215,2.05039,1.23272,2010-10-01,FLUXNET2015,-0.27422805407372497
US-NR1,2010,11,0.319749,0.979167,0.345382,0.666814,2010-11-01,FLUXNET2015,-1.979915202933318
US-NR1,2010,12,0.438819,0.991263,0.00785305,0.443224,2010-12-01,FLUXNET2015,-2.318123301792911
US-NR1,2011,1,0.376402,0.978495,-0.015527,0.361343,2011-01-01,FLUXNET2015,-2.3421825006525037
US-NR1,2011,2,0.374044,0.96875,-0.0235068,0.348954,2011-02-01,FLUXNET2015,-2.350841449512097
US-NR1,2011,3,0.489766,0.99664,-7.26803e-4,0.49596,2011-03-01,FLUXNET2015,-2.3287406013716896
US-NR1,2011,4,0.652051,0.986806,0.169187,0.82062,2011-04-01,FLUXNET2015,-2.1595059472312825
US-NR1,2011,5,-1.00425,0.988575,2.38259,1.38569,2011-05-01,FLUXNET2015,0.053217903909124786
US-NR1,2011,6,-3.17187,0.972222,5.73986,2.56431,2011-06-01,FLUXNET2015,3.409808755049532
US-NR1,2011,7,-1.47134,0.981855,6.41604,5.01113,2011-07-01,FLUXNET2015,4.085309606189939
US-NR1,2011,8,-1.30918,0.989919,5.97336,4.61033,2011-08-01,FLUXNET2015,3.6419504573303456
US-NR1,2011,9,-1.74309,0.903472,4.67362,2.90715,2011-09-01,FLUXNET2015,2.3415313084707527
US-NR1,2011,10,-0.653639,0.977823,2.10398,1.43374,2011-10-01,FLUXNET2015,-0.22878784038883954
US-NR1,2011,11,0.57488,0.988889,0.0948385,0.666585,2011-11-01,FLUXNET2015,-2.2386084892484326
US-NR1,2011,12,0.43744,0.977151,-0.0688372,0.380713,2011-12-01,FLUXNET2015,-2.4029633381080253
US-NR1,2012,1,0.362601,0.997312,0.00323035,0.366944,2012-01-01,FLUXNET2015,-2.3315749369676184
US-NR1,2012,2,0.346304,0.971264,-0.0268642,0.325303,2012-02-01,FLUXNET2015,-2.3623486358272108
US-NR1,2012,3,0.54843,0.989247,0.224994,0.786167,2012-03-01,FLUXNET2015,-2.111169584686804
US-NR1,2012,4,-0.27149,0.947917,1.69643,1.44125,2012-04-01,FLUXNET2015,-0.6404127335463966
US-NR1,2012,5,-2.47156,0.864919,4.55244,2.04376,2012-05-01,FLUXNET2015,2.21491811759401
US-NR1,2012,6,-1.8459,0.963194,5.90765,4.04598,2012-06-01,FLUXNET2015,3.5694489687344175
US-NR1,2012,7,-0.568333,0.909274,5.29835,4.65107,2012-07-01,FLUXNET2015,2.959469819874825
US-NR1,2012,8,-1.15692,0.97043,6.3186,5.13586,2012-08-01,FLUXNET2015,3.9790406710152317
US-NR1,2012,9,-1.36383,0.926389,4.14711,2.72694,2012-09-01,FLUXNET2015,1.8068715221556386
US-NR1,2012,10,-0.190347,0.973118,1.57815,1.33567,2012-10-01,FLUXNET2015,-0.7627676267039538
US-NR1,2012,11,0.458685,0.995833,0.287211,0.741337,2012-11-01,FLUXNET2015,-2.0543857755635466
US-NR1,2012,12,0.257046,0.979167,-0.00763194,0.255112,2012-12-01,FLUXNET2015,-2.3499078644231397
US-NR1,2013,1,0.324633,0.995296,-0.0377433,0.289523,2013-01-01,FLUXNET2015,-2.3806983732827325
US-NR1,2013,2,0.301448,0.99628,0.00150016,0.306047,2013-02-01,FLUXNET2015,-2.3421340621423257
US-NR1,2013,3,0.427298,1,0.0238699,0.450893,2013-03-01,FLUXNET2015,-2.3204434710019184
US-NR1,2013,4,0.587567,0.976389,0.0682963,0.663054,2013-04-01,FLUXNET2015,-2.276696219861511
US-NR1,2013,5,-1.97293,0.974462,3.51967,1.52181,2013-05-01,FLUXNET2015,1.1739983312788962
US-NR1,2013,6,-2.48861,0.971528,5.70784,3.23446,2013-06-01,FLUXNET2015,3.3614891824193034
US-NR1,2013,7,-0.942751,0.940188,6.14844,5.2795,2013-07-01,FLUXNET2015,3.80141003355971
US-NR1,2013,8,-0.882998,0.986559,5.7582,4.8642,2013-08-01,FLUXNET2015,3.410490884700118
US-NR1,2013,9,-0.299455,0.951389,4.34314,4.0456,2013-09-01,FLUXNET2015,1.9947517358405247
US-NR1,2013,10,-0.366751,0.983199,1.86645,1.51099,2013-10-01,FLUXNET2015,-0.48261741301906824
US-NR1,2013,11,0.536396,0.983333,0.180954,0.717509,2013-11-01,FLUXNET2015,-2.168792561878661
US-NR1,2013,12,0.457881,0.987903,-0.0269045,0.426921,2013-12-01,FLUXNET2015,-2.3773302107382546
US-Ton,2001,1,-0.14794041428571428,0,1.412492642857143,1.264627857142857,2001-01-01,FLUXNET2015,-1.476005927481247
US-Ton,2001,2,0.40424933571428573,0,1.689405,2.1010732142857145,2001-02-01,FLUXNET2015,-1.1933843432370599
US-Ton,2001,3,-0.07239739285714286,0,3.174257142857143,3.0969035714285713,2001-03-01,FLUXNET2015,0.2971770267213932
US-Ton,2001,4,-1.6150612142857144,0,5.7418571428571425,4.13356,2001-04-01,FLUXNET2015,2.8704862538227034
US-Ton,2001,5,-1.95505,0.339382,3.89917,2.02315,2001-05-01,FLUXNET2015,1.0335083380668704
US-Ton,2001,6,-1.53895,0.722222,2.94106,1.36462,2001-06-01,FLUXNET2015,0.08110756516818061
US-Ton,2001,7,-0.491897,0.915323,1.60178,1.1007,2001-07-01,FLUXNET2015,-1.2524632077305093
US-Ton,2001,8,0.202371,0.829301,0.709303,0.910602,2001-08-01,FLUXNET2015,-2.1392309806291987
US-Ton,2001,9,0.171899,0.863194,0.839695,1.023,2001-09-01,FLUXNET2015,-2.003129753527889
US-Ton,2001,10,0.416706,0.944892,0.639575,1.02025,2001-10-01,FLUXNET2015,-2.197540526426578
US-Ton,2001,11,1.50922,0.961111,0.910784,1.98043,2001-11-01,FLUXNET2015,-1.9206222993252686
US-Ton,2001,12,-0.0307714,0.938844,1.04149,1.03585,2001-12-01,FLUXNET2015,-1.7842070722239582
US-Ton,2002,1,-1.27066,0.935484,2.00115,0.762446,2002-01-01,FLUXNET2015,-0.818837845122648
US-Ton,2002,2,0.494153,0.97619,1.63977,2.13459,2002-02-01,FLUXNET2015,-1.174508618021338
US-Ton,2002,3,-0.105131,0.950269,2.86927,2.58004,2002-03-01,FLUXNET2015,0.060700609079972476
US-Ton,2002,4,-1.95564,0.952083,6.61943,4.58185,2002-04-01,FLUXNET2015,3.8165698361812828
US-Ton,2002,5,-2.39412,0.891129,5.36808,2.9661,2002-05-01,FLUXNET2015,2.5709290632825925
US-Ton,2002,6,-1.76455,0.898611,3.90502,2.12569,2002-06-01,FLUXNET2015,1.1135782903839027
US-Ton,2002,7,-1.1563,0.825269,2.56553,1.38291,2002-07-01,FLUXNET2015,-0.22020248251478725
US-Ton,2002,8,-0.57226,0.892473,1.5939,1.01737,2002-08-01,FLUXNET2015,-1.1861232554134769
US-Ton,2002,9,-0.0703841,0.927778,0.844949,0.773307,2002-09-01,FLUXNET2015,-1.9293650283121668
US-Ton,2002,10,-0.267281,0.934812,0.792656,0.501818,2002-10-01,FLUXNET2015,-1.9759488012108566
US-Ton,2002,11,1.194,0.963889,0.812395,1.9606,2002-11-01,FLUXNET2015,-1.9505005741095467
US-Ton,2002,12,0.862178,0.954301,0.904776,1.74617,2002-12-01,FLUXNET2015,-1.8524103470082363
US-Ton,2003,1,-1.08291,0.783602,1.37929,0.327768,2003-01-01,FLUXNET2015,-1.3721871199069262
US-Ton,2003,2,0.191723,0.96131,2.06228,2.41639,2003-02-01,FLUXNET2015,-0.6834878928056161
US-Ton,2003,3,-0.234837,0.917339,4.48153,4.13076,2003-03-01,FLUXNET2015,1.7414713342956942
US-Ton,2003,4,-1.50942,0.925,5.78794,4.23647,2003-04-01,FLUXNET2015,3.0535905613970047
US-Ton,2003,5,-2.26992,0.909274,7.03883,4.78668,2003-05-01,FLUXNET2015,4.310189788498314
US-Ton,2003,6,-2.41096,0.920833,4.64374,2.20093,2003-06-01,FLUXNET2015,1.9208090155996247
US-Ton,2003,7,-0.714227,0.913306,2.14116,1.42967,2003-07-01,FLUXNET2015,-0.576061757299065
US-Ton,2003,8,0.0187051,0.942876,1.20418,1.21268,2003-08-01,FLUXNET2015,-1.507332530197755
US-Ton,2003,9,-0.0456479,0.903472,0.857445,0.813268,2003-09-01,FLUXNET2015,-1.8483583030964448
US-Ton,2003,10,0.387295,0.959677,0.0209917,0.425342,2003-10-01,FLUXNET2015,-2.679102375995134
US-Ton,2003,11,1.1862,0.949306,0.986715,2.25912,2003-11-01,FLUXNET2015,-1.7076698488938247
US-Ton,2003,12,0.90761,0.983199,0.932406,1.92852,2003-12-01,FLUXNET2015,-1.7562696217925144
US-Ton,2004,1,0.0258982,0.796371,1.17621,1.35924,2004-01-01,FLUXNET2015,-1.5067563946912044
US-Ton,2004,2,-0.831699,0.836207,3.73389,3.06139,2004-02-01,FLUXNET2015,1.056632832410106
US-Ton,2004,3,0.725763,0.893817,3.45625,4.22745,2004-03-01,FLUXNET2015,0.784702059511416
US-Ton,2004,4,-2.38413,0.8875,5.86303,3.47797,2004-04-01,FLUXNET2015,3.1971912866127266
US-Ton,2004,5,-2.01261,0.767473,3.66592,1.64227,2004-05-01,FLUXNET2015,1.0057905137140362
US-Ton,2004,6,-1.4656710714285714,0,3.551119285714286,2.0912235714285714,2004-06-01,FLUXNET2015,0.8966990265296325
US-Ton,2004,7,-1.14433,0.833333,2.27458,1.17033,2004-07-01,FLUXNET2015,-0.37413103208334336
US-Ton,2004,8,-0.241803,0.872312,1.07259,0.82914,2004-08-01,FLUXNET2015,-1.5704118049820333
US-Ton,2004,9,0.705624,0.810417,0.838526,1.51923,2004-09-01,FLUXNET2015,-1.7987665778807231
US-Ton,2004,10,0.548762,0.909274,0.394296,0.956569,2004-10-01,FLUXNET2015,-2.237287350779413
US-Ton,2004,11,-0.0530022,0.838194,2.16471,1.96639,2004-11-01,FLUXNET2015,-0.4611641236781026
US-Ton,2004,12,0.213118,0.951613,1.91651,2.18434,2004-12-01,FLUXNET2015,-0.7036548965767925
US-Ton,2005,1,-1.89273,0.893145,2.76572,1.15922,2005-01-01,FLUXNET2015,0.15126433052451776
US-Ton,2005,2,0.277124,0.899554,2.43099,2.72525,2005-02-01,FLUXNET2015,-0.1777564423741721
US-Ton,2005,3,0.365356,0.961022,3.16503,3.44234,2005-03-01,FLUXNET2015,0.5619927847271379
US-Ton,2005,4,-1.76213,0.959028,7.06386,5.34818,2005-04-01,FLUXNET2015,4.466532011828448
US-Ton,2005,5,-1.51101,0.961694,7.56988,6.03593,2005-05-01,FLUXNET2015,4.978261238929759
US-Ton,2005,6,-1.53876,0.934722,4.81584,3.34103,2005-06-01,FLUXNET2015,2.2299304660310684
US-Ton,2005,7,-1.17149,0.955645,3.3969,2.17821,2005-07-01,FLUXNET2015,0.8166996931323788
US-Ton,2005,8,-0.936183,0.915995,1.8615,0.915731,2005-08-01,FLUXNET2015,-0.7129910797663112
US-Ton,2005,9,-0.58394,0.904861,1.95405,1.42239,2005-09-01,FLUXNET2015,-0.6147318526650009
US-Ton,2005,10,0.0845787,0.792339,0.742322,0.726201,2005-10-01,FLUXNET2015,-1.820750625563691
US-Ton,2005,11,0.415265,0.954167,1.71214,2.06001,2005-11-01,FLUXNET2015,-0.8452233984623806
US-Ton,2005,12,1.70386,0.888441,1.98082,4.04414,2005-12-01,FLUXNET2015,-0.5708341713610705
US-Ton,2006,1,0.630625,0.938172,0.874726,0.995027,2006-01-01,FLUXNET2015,-1.6712189442597605
US-Ton,2006,2,0.378695,0.981399,1.50175,2.0182,2006-02-01,FLUXNET2015,-1.0384857171584503
US-Ton,2006,3,-0.461051,0.972446,2.23088,1.79306,2006-03-01,FLUXNET2015,-0.30364649005714
US-Ton,2006,4,0.310216,0.966667,4.72087,5.01588,2006-04-01,FLUXNET2015,2.1920527370441696
US-Ton,2006,5,-2.24038,0.961694,6.74452,4.58994,2006-05-01,FLUXNET2015,4.221411964145481
US-Ton,2006,6,-0.970817,0.939583,3.60009,2.60465,2006-06-01,FLUXNET2015,1.08269119124679
US-Ton,2006,7,-0.437923,0.897849,2.23986,1.68942,2006-07-01,FLUXNET2015,-0.27182958165189913
US-Ton,2006,8,-1.53267,0.950269,2.04205,0.560707,2006-08-01,FLUXNET2015,-0.46393035455058895
US-Ton,2006,9,-0.743638,0.922222,1.32644,0.599792,2006-09-01,FLUXNET2015,-1.173831127449279
US-Ton,2006,10,-0.259675,0.903226,1.30704,1.0926,2006-10-01,FLUXNET2015,-1.1875219003479691
US-Ton,2006,11,0.876622,0.974306,0.79092,1.81135,2006-11-01,FLUXNET2015,-1.6979326732466589
US-Ton,2006,12,0.51942,0.987231,0.849884,1.42309,2006-12-01,FLUXNET2015,-1.6332594461453487
US-Ton,2007,1,0.23674,0.473118,1.36306,1.62645,2007-01-01,FLUXNET2015,-1.1143742190440384
US-Ton,2007,2,1.01563,0.226935,1.37982,2.3381,2007-02-01,FLUXNET2015,-1.0919049919427284
US-Ton,2007,3,0.0584014,0.969758,4.34255,4.47789,2007-03-01,FLUXNET2015,1.8765342351585823
US-Ton,2007,4,-2.33536,0.940278,6.84672,4.45288,2007-04-01,FLUXNET2015,4.386413462259892
US-Ton,2007,5,-2.49225,0.873656,5.66558,3.1323,2007-05-01,FLUXNET2015,3.210982689361203
US-Ton,2007,6,-1.67558,0.761111,3.63718,1.97901,2007-06-01,FLUXNET2015,1.188291916462512
US-Ton,2007,7,-0.888083,0.90121,2.05304,1.1672,2007-07-01,FLUXNET2015,-0.39013885643617713
US-Ton,2007,8,-0.0632585,0.956989,0.816382,0.767913,2007-08-01,FLUXNET2015,-1.6210876293348675
US-Ton,2007,9,1.08667,0.967361,-0.878235,0.192844,2007-09-01,FLUXNET2015,-3.309995402233557
US-Ton,2007,10,0.848823,0.963038,0.818978,1.65937,2007-10-01,FLUXNET2015,-1.6070731751322471
US-Ton,2007,11,0.905852,0.9625,1.32198,2.17593,2007-11-01,FLUXNET2015,-1.098361948030937
US-Ton,2007,12,0.423966,0.985215,1.18081,1.64591,2007-12-01,FLUXNET2015,-1.2338227209296269
US-Ton,2008,1,0.284724,0.959005,0.561871,0.938345,2008-01-01,FLUXNET2015,-1.8470524938283166
US-Ton,2008,2,1.04905,0.988506,1.11705,2.13622,2008-02-01,FLUXNET2015,-1.2861642667270063
US-Ton,2008,3,0.0203411,0.959005,2.96088,2.9874,2008-03-01,FLUXNET2015,0.5633749603743038
US-Ton,2008,4,-2.15476,0.935417,4.57144,2.41955,2008-04-01,FLUXNET2015,2.179644187475614
US-Ton,2008,5,-1.94926,0.912634,3.74419,1.79904,2008-05-01,FLUXNET2015,1.3581034145769242
US-Ton,2008,6,-1.14045,0.932639,2.75075,1.63268,2008-06-01,FLUXNET2015,0.3703726416782344
US-Ton,2008,7,-1.3044,0.866935,2.21024,0.912059,2008-07-01,FLUXNET2015,-0.16442813122045527
US-Ton,2008,8,-0.592834,0.737903,1.65262,1.05376,2008-08-01,FLUXNET2015,-0.7163389041191454
US-Ton,2008,9,0.387298,0.885417,0.738697,1.11014,2008-09-01,FLUXNET2015,-1.6245526770178351
US-Ton,2008,10,0.976541,0.900538,1.07124,2.03678,2008-10-01,FLUXNET2015,-1.286300449916525
US-Ton,2008,11,0.770251,0.933333,2.32019,3.11516,2008-11-01,FLUXNET2015,-0.03164122281521463
US-Ton,2008,12,0.0548305,0.974462,1.67847,1.74636,2008-12-01,FLUXNET2015,-0.6676519957139048
US-Ton,2009,1,1.08267,0.972446,1.04525,2.13429,2009-01-01,FLUXNET2015,-1.2951627686125946
US-Ton,2009,2,0.120619,0.973958,1.95781,2.09776,2009-02-01,FLUXNET2015,-0.3768935415112843
US-Ton,2009,3,0.200296,0.936156,2.82618,3.03235,2009-03-01,FLUXNET2015,0.49718568559002574
US-Ton,2009,4,-2.12888,0.928472,6.38066,4.23369,2009-04-01,FLUXNET2015,4.057374912691336
US-Ton,2009,5,-1.45149,0.927419,6.73804,5.30495,2009-05-01,FLUXNET2015,4.420464139792646
US-Ton,2009,6,-1.63215,0.927083,3.74552,2.0928,2009-06-01,FLUXNET2015,1.4336533668939562
US-Ton,2009,7,-0.965013,0.921371,2.21829,1.2464,2009-07-01,FLUXNET2015,-0.08786740600473344
US-Ton,2009,8,-0.504311,0.887769,1.57079,1.03419,2009-08-01,FLUXNET2015,-0.7296581789034234
US-Ton,2009,9,-0.177896,0.896528,1.01232,0.845997,2009-09-01,FLUXNET2015,-1.2824189518021132
US-Ton,2009,10,0.853328,0.928091,2.06839,2.88538,2009-10-01,FLUXNET2015,-0.22063972470080312
US-Ton,2009,11,0.138728,0.953472,1.01091,1.18314,2009-11-01,FLUXNET2015,-1.272410497599493
US-Ton,2009,12,1.03527,0.967742,1.047,2.10187,2009-12-01,FLUXNET2015,-1.2306112704981829
US-Ton,2010,1,-0.678132,0.966398,2.08319,1.38355,2010-01-01,FLUXNET2015,-0.18871204339687248
US-Ton,2010,2,0.45833,0.97247,1.44165,1.89337,2010-02-01,FLUXNET2015,-0.8245428162955624
US-Ton,2010,3,-0.163265,0.960349,3.57421,3.43858,2010-03-01,FLUXNET2015,1.3137264108057476
US-Ton,2010,4,-1.56137,0.888889,5.46925,3.98113,2010-04-01,FLUXNET2015,3.214475637907058
US-Ton,2010,5,-2.99164,0.930108,7.1632,4.13371,2010-05-01,FLUXNET2015,4.914134865008369
US-Ton,2010,6,-2.08056,0.928472,4.86422,2.79732,2010-06-01,FLUXNET2015,2.620864092109679
US-Ton,2010,7,-2.12416,0.885753,3.59873,1.52561,2010-07-01,FLUXNET2015,1.3610833192109886
US-Ton,2010,8,-1.39423,0.905914,2.66349,1.32312,2010-08-01,FLUXNET2015,0.43155254631229845
US-Ton,2010,9,-0.571044,0.905556,1.63604,1.09821,2010-09-01,FLUXNET2015,-0.5901882265863913
US-Ton,2010,10,-0.0574511,0.94422,0.998884,1.19925,2010-10-01,FLUXNET2015,-1.2216349994850813
US-Ton,2010,11,1.3256,0.867361,2.04515,3.43614,2010-11-01,FLUXNET2015,-0.16965977238377095
US-Ton,2010,12,-0.587212,0.729839,1.72242,1.1738,2010-12-01,FLUXNET2015,-0.4866805452824607
US-Ton,2011,1,0.325225,0.700269,2.48179,2.66139,2011-01-01,FLUXNET2015,0.2783986818188496
US-Ton,2011,2,-0.0549713,0.932292,2.02274,1.96601,2011-02-01,FLUXNET2015,-0.17494209107984027
US-Ton,2011,3,-1.40828,0.950941,3.83151,2.44433,2011-03-01,FLUXNET2015,1.6395371360214699
US-Ton,2011,4,-2.05588,0.691667,6.4178,4.45866,2011-04-01,FLUXNET2015,4.23153636312278
US-Ton,2011,5,-2.11975,0.964382,5.5455,3.4254,2011-05-01,FLUXNET2015,3.36494559022409
US-Ton,2011,6,-0.415478,0.934028,3.04332,2.70601,2011-06-01,FLUXNET2015,0.8684748173254002
US-Ton,2011,7,-1.06225,0.918011,3.54901,2.52701,2011-07-01,FLUXNET2015,1.3798740444267101
US-Ton,2011,8,-1.0602,0.893145,2.17549,1.08592,2011-08-01,FLUXNET2015,0.01206327152802042
US-Ton,2011,9,-0.898605,0.826389,1.9714,1.08911,2011-09-01,FLUXNET2015,-0.1863175013706693
US-Ton,2011,10,0.439708,0.961022,2.9869,3.40701,2011-10-01,FLUXNET2015,0.8348917257306406
US-Ton,2011,11,-0.294098,0.970139,2.11289,1.95443,2011-11-01,FLUXNET2015,-0.03340904716804888
US-Ton,2011,12,0.146957,0.836694,1.0202,1.1476,2011-12-01,FLUXNET2015,-1.120389820066739
US-Ton,2012,1,0.263659,0.938844,0.392867,0.675288,2012-01-01,FLUXNET2015,-1.7420135929654288
US-Ton,2012,2,0.980068,0.925287,1.14768,2.11842,2012-02-01,FLUXNET2015,-0.9814913658641186
US-Ton,2012,3,1.16064,0.935484,1.81254,2.94536,2012-03-01,FLUXNET2015,-0.31092213876280833
US-Ton,2012,4,0.293257,0.91875,5.06859,5.2652,2012-04-01,FLUXNET2015,2.9508370883385022
US-Ton,2012,5,-2.62261,0.940188,5.83165,3.25371,2012-05-01,FLUXNET2015,3.719606315439812
US-Ton,2012,6,-1.47611,0.915972,3.51227,2.02162,2012-06-01,FLUXNET2015,1.405935542541122
US-Ton,2012,7,-1.28827,0.897177,2.75494,1.4442,2012-07-01,FLUXNET2015,0.6543147696424322
US-Ton,2012,8,-0.504982,0.93414,1.72402,1.20467,2012-08-01,FLUXNET2015,-0.37089600325625743
US-Ton,2012,9,-0.364793,0.913889,1.38217,0.985418,2012-09-01,FLUXNET2015,-0.7070367761549475
US-Ton,2012,10,0.920471,0.950269,1.39385,2.06326,2012-10-01,FLUXNET2015,-0.6896475490536372
US-Ton,2012,11,1.04759,0.960417,1.3353,2.50988,2012-11-01,FLUXNET2015,-0.7424883219523272
US-Ton,2012,12,0.586423,0.981183,1.24564,1.90262,2012-12-01,FLUXNET2015,-0.8264390948510169
US-Ton,2013,1,0.731523,0.968414,1.4195,2.15888,2013-01-01,FLUXNET2015,-0.6468698677497068
US-Ton,2013,2,0.824733,0.843006,1.59317,2.43044,2013-02-01,FLUXNET2015,-0.4674906406483966
US-Ton,2013,3,-0.115166,0.93414,3.23451,3.08773,2013-03-01,FLUXNET2015,1.1795585864529137
US-Ton,2013,4,-1.26925,0.758333,5.56773,4.32907,2013-04-01,FLUXNET2015,3.518487813554224
US-Ton,2013,5,-1.18784,0.177419,3.5375,2.34009,2013-05-01,FLUXNET2015,1.4939670406555339
US-Ton,2013,6,-1.14438,0.907639,2.69299,1.55412,2013-06-01,FLUXNET2015,0.6551662677568441
US-Ton,2013,7,-0.42213,0.875672,1.51283,1.08829,2013-07-01,FLUXNET2015,-0.5192845051418459
US-Ton,2013,8,-0.256258,0.936156,1.27008,0.998933,2013-08-01,FLUXNET2015,-0.7563252780405355
US-Ton,2013,9,1.04762,0.928472,-0.373214,0.687217,2013-09-01,FLUXNET2015,-2.3939100509392253
US-Ton,2013,10,0.157651,0.964382,0.669364,0.821868,2013-10-01,FLUXNET2015,-1.3456228238379155
US-Ton,2013,11,1.01443,0.967361,0.573815,1.52525,2013-11-01,FLUXNET2015,-1.4354625967366053
US-Ton,2013,12,0.0243227,0.950941,0.710596,0.733153,2013-12-01,FLUXNET2015,-1.2929723696352953
US-Ton,2014,1,0.231516,0.951613,0.390733,0.619774,2014-01-01,FLUXNET2015,-1.607126142533985
US-Ton,2014,2,1.72163,0.97247,-0.25507,1.14567,2014-02-01,FLUXNET2015,-2.247219915432675
US-Ton,2014,3,0.131759,0.954301,3.41303,3.58553,2014-03-01,FLUXNET2015,1.4265893116686355
US-Ton,2014,4,-2.84401,0.940972,7.74792,4.92063,2014-04-01,FLUXNET2015,5.767188538769946
US-Ton,2014,5,-2.61922,0.915323,5.89669,3.28327,2014-05-01,FLUXNET2015,3.9216677658712564
US-Ton,2014,6,-1.15218,0.924306,2.83638,1.66702,2014-06-01,FLUXNET2015,0.8670669929725662
US-Ton,2014,7,-0.288468,0.927419,1.50273,1.21616,2014-07-01,FLUXNET2015,-0.460873779926124
US-Ton,2014,8,0.238576,0.877688,0.397933,0.626023,2014-08-01,FLUXNET2015,-1.5599615528248139
US-Ton,2014,9,0.546217,0.919444,0.354724,1.05121,2014-09-01,FLUXNET2015,-1.5974613257235035
US-Ton,2014,10,0.529677,0.945565,1.05289,1.49356,2014-10-01,FLUXNET2015,-0.8935860986221932
US-Ton,2014,11,1.74281,0.96875,0.673922,2.43946,2014-11-01,FLUXNET2015,-1.266844871520883
US-Ton,2014,12,1.65199,0.920699,1.15083,2.74134,2014-12-01,FLUXNET2015,-0.784227644419573
US-UMB,2000,1,0.44015,0.990591,-0.0390044,0.417275,2000-01-01,FLUXNET2015,-3.197243535687536
US-UMB,2000,2,0.576882,0.928161,-0.0252267,0.544213,2000-02-01,FLUXNET2015,-3.187311853784215
US-UMB,2000,3,0.705005,0.959677,0.180719,0.834422,2000-03-01,FLUXNET2015,-2.985212171880893
US-UMB,2000,4,0.802539,0.963889,0.513953,1.33198,2000-04-01,FLUXNET2015,-2.6558241899775763
US-UMB,2000,5,0.0670374,0.981183,3.96929,4.0019,2000-05-01,FLUXNET2015,0.7956667919257409
US-UMB,2000,6,-3.96043,0.990278,8.87999,4.96589,2000-06-01,FLUXNET2015,5.7025207738290575
US-UMB,2000,7,-4.05226,0.952957,8.64197,4.74822,2000-07-01,FLUXNET2015,5.460654755732375
US-UMB,2000,8,-2.76375,0.926075,7.94017,5.21217,2000-08-01,FLUXNET2015,4.755008737635692
US-UMB,2000,9,-1.25214,0.970833,5.28634,4.06935,2000-09-01,FLUXNET2015,2.0973327195390077
US-UMB,2000,10,1.20689,0.979839,1.25945,2.48869,2000-10-01,FLUXNET2015,-1.9334032985576761
US-UMB,2000,11,0.912128,0.993056,0.328192,1.25101,2000-11-01,FLUXNET2015,-2.868507316654359
US-UMB,2000,12,0.485371,0.994624,-0.0381442,0.450606,2000-12-01,FLUXNET2015,-3.2386895347510425
US-UMB,2001,1,0.468271,0.950269,-0.0153571,0.471677,2001-01-01,FLUXNET2015,-3.2197484528477256
US-UMB,2001,2,0.48234,0.982143,-0.0692558,0.425639,2001-02-01,FLUXNET2015,-3.277493170944409
US-UMB,2001,3,0.655242,0.969086,0.0335228,0.67538,2001-03-01,FLUXNET2015,-3.1785605890410924
US-UMB,2001,4,1.0299,0.955556,0.359943,1.40387,2001-04-01,FLUXNET2015,-2.8559864071377756
US-UMB,2001,5,-0.474297,0.96371,4.2819,3.85051,2001-05-01,FLUXNET2015,1.0621245747655415
US-UMB,2001,6,-3.80356,0.8625,8.8639,5.1902,2001-06-01,FLUXNET2015,5.640278556668857
US-UMB,2001,7,-2.9767,0.927419,7.095,4.42791,2001-07-01,FLUXNET2015,3.867532538572174
US-UMB,2001,8,-2.09785,0.973118,7.17143,5.01031,2001-08-01,FLUXNET2015,3.940116520475491
US-UMB,2001,9,-1.00496,0.975,4.68877,3.77638,2001-09-01,FLUXNET2015,1.453610502378808
US-UMB,2001,10,0.903759,0.982527,0.871148,1.81828,2001-10-01,FLUXNET2015,-2.367857515717875
US-UMB,2001,11,0.864863,0.945833,0.205074,1.07348,2001-11-01,FLUXNET2015,-3.0377775338145585
US-UMB,2001,12,0.547471,0.971774,-0.0264331,0.525585,2001-12-01,FLUXNET2015,-3.273130651911242
US-UMB,2002,1,0.46626,0.982527,-0.0398492,0.434842,2002-01-01,FLUXNET2015,-3.290392770007925
US-UMB,2002,2,0.479044,0.980655,-0.0607079,0.414537,2002-02-01,FLUXNET2015,-3.3150974881046085
US-UMB,2002,3,0.61221,0.987903,-0.0810215,0.531468,2002-03-01,FLUXNET2015,-3.3392571062012917
US-UMB,2002,4,1.16069,0.981944,0.249744,1.39919,2002-04-01,FLUXNET2015,-3.0123376242979747
US-UMB,2002,5,1.17756,0.978495,1.62311,2.74007,2002-05-01,FLUXNET2015,-1.6428176423946586
US-UMB,2002,6,-2.00183,0.916667,7.63011,5.70484,2002-06-01,FLUXNET2015,4.360336339508659
US-UMB,2002,7,-4.2111,0.900538,10.7114,6.62645,2002-07-01,FLUXNET2015,7.437780321411974
US-UMB,2002,8,-3.48859,0.926075,9.09424,5.55065,2002-08-01,FLUXNET2015,5.816774303315291
US-UMB,2002,9,-2.69535,0.954167,7.3937,4.78506,2002-09-01,FLUXNET2015,4.112388285218608
US-UMB,2002,10,0.557553,0.987903,2.19059,2.72275,2002-10-01,FLUXNET2015,-1.0945677328780752
US-UMB,2002,11,1.09943,0.997222,0.102592,1.20387,2002-11-01,FLUXNET2015,-3.1864117509747585
US-UMB,2002,12,0.686466,0.990591,-0.0332029,0.672538,2002-12-01,FLUXNET2015,-3.326052669071442
US-UMB,2003,1,0.368749,0.995968,-0.0213535,0.346158,2003-01-01,FLUXNET2015,-3.318049287168125
US-UMB,2003,2,0.45301,0.97619,-0.0646679,0.407965,2003-02-01,FLUXNET2015,-3.3652097052648084
US-UMB,2003,3,0.579703,0.955645,0.0574204,0.678006,2003-03-01,FLUXNET2015,-3.246967423361492
US-UMB,2003,4,0.891547,0.972222,0.421739,1.28903,2003-04-01,FLUXNET2015,-2.886494841458175
US-UMB,2003,5,0.680541,0.91129,2.52006,3.17661,2003-05-01,FLUXNET2015,-0.7920198595548581
US-UMB,2003,6,-3.5147,0.886111,9.50455,5.62121,2003-06-01,FLUXNET2015,6.188624122348459
US-UMB,2003,7,-4.39676,0.923387,10.4908,5.95847,2003-07-01,FLUXNET2015,7.171028104251776
US-UMB,2003,8,-3.40791,0.935484,9.55258,5.90949,2003-08-01,FLUXNET2015,6.228962086155093
US-UMB,2003,9,-2.0123,0.961111,6.13667,4.19061,2003-09-01,FLUXNET2015,2.8092060680584083
US-UMB,2003,10,1.31362,0.978495,1.46739,2.90729,2003-10-01,FLUXNET2015,-1.8639199500382748
US-UMB,2003,11,1.1508,0.990278,0.20657,1.36919,2003-11-01,FLUXNET2015,-3.1285859681349577
US-UMB,2003,12,0.627496,0.991935,0.0318629,0.659741,2003-12-01,FLUXNET2015,-3.307139086231641
US-UMB,2004,1,0.745544,0.930108,-0.163813,0.570402,2004-01-01,FLUXNET2015,-3.506661004328324
US-UMB,2004,2,0.927226,0.931034,-0.00508511,0.899723,2004-02-01,FLUXNET2015,-3.351779132425008
US-UMB,2004,3,1.11033,0.915323,-0.0897437,0.98343,2004-03-01,FLUXNET2015,-3.440283740521691
US-UMB,2004,4,1.23553,0.904167,0.314192,1.52813,2004-04-01,FLUXNET2015,-3.0401940586183747
US-UMB,2004,5,1.02963,0.889785,2.25003,3.178,2004-05-01,FLUXNET2015,-1.1082020767150575
US-UMB,2004,6,-4.16336,0.927778,10.2717,5.98142,2004-06-01,FLUXNET2015,6.909621905188258
US-UMB,2004,7,-5.13526,0.784946,11.9781,6.63298,2004-07-01,FLUXNET2015,8.612175887091574
US-UMB,2004,8,-3.69246,0.935484,9.57722,5.93867,2004-08-01,FLUXNET2015,6.207449868994893
US-UMB,2004,9,-2.2668,0.886111,7.38623,5.2049,2004-09-01,FLUXNET2015,4.012613850898209
US-UMB,2004,10,1.04489,0.956989,1.97089,3.07298,2004-10-01,FLUXNET2015,-1.4065721671984743
US-UMB,2004,11,1.51529,0.975,0.157201,1.65856,2004-11-01,FLUXNET2015,-3.2241071852951575
US-UMB,2004,12,0.994559,0.975806,-0.0233181,0.968065,2004-12-01,FLUXNET2015,-3.4084723033918407
US-UMB,2005,1,0.718188,0.982527,-0.164991,0.49299,2005-01-01,FLUXNET2015,-3.5539912214885243
US-UMB,2005,2,0.534106,0.797619,0.0206077,0.55585,2005-02-01,FLUXNET2015,-3.3722385395852075
US-UMB,2005,3,0.557222,0.834677,0.0971358,0.660299,2005-03-01,FLUXNET2015,-3.299556457681891
US-UMB,2005,4,0.795169,0.945833,0.839556,1.57207,2005-04-01,FLUXNET2015,-2.5609822757785743
US-UMB,2005,5,0.154275,0.885753,3.03217,2.9885100000000002,2005-05-01,FLUXNET2015,-0.3722142938752576
US-UMB,2005,6,-5.12556,0.8625,11.1861,6.28646,2005-06-01,FLUXNET2015,7.777869688028059
US-UMB,2005,7,-4.39401,0.858871,9.84864,5.40379,2005-07-01,FLUXNET2015,6.436563669931377
US-UMB,2005,8,-3.7258,0.927419,9.4334,5.81856,2005-08-01,FLUXNET2015,6.017477651834694
US-UMB,2005,9,-3.11284,0.938889,7.00434,3.99717,2005-09-01,FLUXNET2015,3.584571633738009
US-UMB,2005,10,0.812075,0.990591,2.75115,3.48745,2005-10-01,FLUXNET2015,-0.672464384358674
US-UMB,2005,11,1.53398,0.908333,0.0207762,1.57288,2005-11-01,FLUXNET2015,-3.4066842024553576
US-UMB,2005,12,0.74144,0.997312,-0.0321984,0.732835,2005-12-01,FLUXNET2015,-3.463504820552041
US-UMB,2006,1,0.639811,0.991935,0.0227762,0.696161,2006-01-01,FLUXNET2015,-3.412376238648724
US-UMB,2006,2,0.650571,0.988095,0.00184595,0.660944,2006-02-01,FLUXNET2015,-3.4371525067454076
US-UMB,2006,3,0.955984,0.987903,-0.0143674,0.913155,2006-03-01,FLUXNET2015,-3.4572118748420904
US-UMB,2006,4,0.962903,0.944444,1.04872,1.92195,2006-04-01,FLUXNET2015,-2.397970492938774
US-UMB,2006,5,0.0273921,0.952957,4.38747,4.16693,2006-05-01,FLUXNET2015,0.9369334889645434
US-UMB,2006,6,-6.00818,0.922222,10.8563,4.80451,2006-06-01,FLUXNET2015,7.4019174708678594
US-UMB,2006,7,-5.04998,0.944892,10.1036,5.00002,2006-07-01,FLUXNET2015,6.645371452771176
US-UMB,2006,8,-3.39436,0.922043,9.44062,5.81844,2006-08-01,FLUXNET2015,5.978545434674493
US-UMB,2006,9,-1.91504,0.956944,6.03007,4.08281,2006-09-01,FLUXNET2015,2.56414941657781
US-UMB,2006,10,1.0987,0.969086,1.1954,2.21795,2006-10-01,FLUXNET2015,-2.274366601518874
US-UMB,2006,11,1.06916,0.934722,0.270839,1.31708,2006-11-01,FLUXNET2015,-3.2027736196155567
US-UMB,2006,12,0.776306,0.772849,-0.0760913,0.710113,2006-12-01,FLUXNET2015,-3.55354993771224
US-UMB,2007,1,0.578172,0.983871,-0.0532203,0.575264,2007-01-01,FLUXNET2015,-3.5345249558089233
US-UMB,2007,2,0.534155,0.988095,-0.063454,0.474337,2007-02-01,FLUXNET2015,-3.548604673905607
US-UMB,2007,3,0.808621,0.983871,0.14875,0.960163,2007-03-01,FLUXNET2015,-3.3402466920022897
US-UMB,2007,4,0.959518,0.973611,0.712971,1.6644,2007-04-01,FLUXNET2015,-2.7798717100989734
US-UMB,2007,5,-0.547412,0.907258,5.30672,4.75857,2007-05-01,FLUXNET2015,1.8100312718043439
US-UMB,2007,6,-6.02787,0.902778,13.0943,7.3089,2007-06-01,FLUXNET2015,9.593765253707662
US-UMB,2007,7,-5.29253,0.827957,10.891,5.45792,2007-07-01,FLUXNET2015,7.3866192356109766
US-UMB,2007,8,-3.17333,0.927419,8.04498,4.87444,2007-08-01,FLUXNET2015,4.536753217514294
US-UMB,2007,9,-2.13052,0.970833,8.26725,6.00919,2007-09-01,FLUXNET2015,4.755177199417611
US-UMB,2007,10,1.56176,0.973118,2.70884,4.15407,2007-10-01,FLUXNET2015,-0.8070788186790733
US-UMB,2007,11,1.4117,0.991667,0.298331,1.70429,2007-11-01,FLUXNET2015,-3.2214338367757565
US-UMB,2007,12,0.837133,0.986559,0.00282828,0.850971,2007-12-01,FLUXNET2015,-3.52078257487244
US-UMB,2008,1,0.625036,0.979839,0.0815131,0.687786,2008-01-01,FLUXNET2015,-3.4459437729691236
US-UMB,2008,2,0.595379,0.956897,4.28846e-4,0.592086,2008-02-01,FLUXNET2015,-3.5308740450658065
US-UMB,2008,3,0.715969,0.982527,-0.0782543,0.624865,2008-03-01,FLUXNET2015,-3.61340320916249
US-UMB,2008,4,1.15069,0.963889,0.755902,1.90206,2008-04-01,FLUXNET2015,-2.7830929272591733
US-UMB,2008,5,0.739077,0.849462,2.79388,3.5702,2008-05-01,FLUXNET2015,-0.7489609453558562
US-UMB,2008,6,-3.69792,0.886111,9.74366,5.99094,2008-06-01,FLUXNET2015,6.196973036547461
US-UMB,2008,7,-4.81028,0.952957,10.9793,6.10721,2008-07-01,FLUXNET2015,7.4287670184507775
US-UMB,2008,8,-4.02061,0.950269,9.89812,6.19466,2008-08-01,FLUXNET2015,6.343741000354094
US-UMB,2008,9,-2.81881,0.951389,7.26569,4.66329,2008-09-01,FLUXNET2015,3.7074649822574104
US-UMB,2008,10,1.01116,1,2.24349,3.21527,2008-10-01,FLUXNET2015,-1.318581035839273
US-UMB,2008,11,1.2411,0.998611,0.327489,1.57478,2008-11-01,FLUXNET2015,-3.2384280539359565
US-UMB,2008,12,0.823,0.994624,0.113275,0.917332,2008-12-01,FLUXNET2015,-3.4564880720326396
US-UMB,2009,1,0.669894,0.997312,-0.0400913,0.593574,2009-01-01,FLUXNET2015,-3.6137003901293228
US-UMB,2009,2,0.721085,0.988095,0.0504174,0.718541,2009-02-01,FLUXNET2015,-3.5270377082260063
US-UMB,2009,3,0.816438,0.977151,0.133006,0.934147,2009-03-01,FLUXNET2015,-3.4482951263226895
US-UMB,2009,4,0.83129,0.981944,0.607149,1.4557,2009-04-01,FLUXNET2015,-2.977998144419373
US-UMB,2009,5,0.582491,0.983871,2.89835,3.48501,2009-05-01,FLUXNET2015,-0.6906431625160558
US-UMB,2009,6,-3.60452,0.909722,9.5843,6.19107,2009-06-01,FLUXNET2015,5.991460819387262
US-UMB,2009,7,-5.33948,0.969086,10.878,5.68588,2009-07-01,FLUXNET2015,7.281314801290578
US-UMB,2009,8,-3.48465,0.959677,8.20072,4.89853,2009-08-01,FLUXNET2015,4.600188783193895
US-UMB,2009,9,-2.71494,0.876389,7.12934,4.70887,2009-09-01,FLUXNET2015,3.524962765097211
US-UMB,2009,10,0.781959,0.985215,1.31286,2.10496,2009-10-01,FLUXNET2015,-2.2953632529994725
US-UMB,2009,11,1.06534,0.990278,0.404483,1.46857,2009-11-01,FLUXNET2015,-3.207586271096156
US-UMB,2009,12,0.70355,0.990591,0.0280319,0.741915,2009-12-01,FLUXNET2015,-3.5878833891928394
US-UMB,2010,1,0.641993,0.986559,-0.051748,0.578399,2010-01-01,FLUXNET2015,-3.671509307289522
US-UMB,2010,2,0.519178,1,0.0881083,0.625613,2010-02-01,FLUXNET2015,-3.5354990253862058
US-UMB,2010,3,0.802079,0.971774,0.271551,1.07619,2010-03-01,FLUXNET2015,-3.3559023434828887
US-UMB,2010,4,0.532286,0.983333,1.5066,2.06509,2010-04-01,FLUXNET2015,-2.1246993615795726
US-UMB,2010,5,-0.874956,0.948925,5.31229,4.17433,2010-05-01,FLUXNET2015,1.6771446203237441
US-UMB,2010,6,-3.98981,0.952778,9.81038,5.54212,2010-06-01,FLUXNET2015,6.171388602227062
US-UMB,2010,7,-4.0734,0.955645,10.4216,6.41375,2010-07-01,FLUXNET2015,6.778762584130378
US-UMB,2010,8,-2.94199,0.94086,8.51594,5.4967,2010-08-01,FLUXNET2015,4.8692565660336955
US-UMB,2010,9,-1.25071,0.977778,5.59371,4.42671,2010-09-01,FLUXNET2015,1.9431805479370103
US-UMB,2010,10,1.49525,0.962366,1.34938,2.86344,2010-10-01,FLUXNET2015,-2.3049954701596724
US-UMB,2010,11,1.16371,0.986111,0.452808,1.59037,2010-11-01,FLUXNET2015,-3.205413488256356
US-UMB,2010,12,0.762682,0.990591,-0.0162974,0.75009,2010-12-01,FLUXNET2015,-3.678364906353039
US-UMB,2011,1,0.530385,0.969086,-0.0260713,0.510361,2011-01-01,FLUXNET2015,-3.6919848244497224
US-UMB,2011,2,0.644361,0.989583,-0.059598,0.627903,2011-02-01,FLUXNET2015,-3.7293575425464054
US-UMB,2011,3,0.655353,0.954301,0.128176,0.748352,2011-03-01,FLUXNET2015,-3.5454295606430892
US-UMB,2011,4,0.988705,0.840278,0.507911,1.4578,2011-04-01,FLUXNET2015,-3.169540578739772
US-UMB,2011,5,0.495948,0.94086,3.35557,3.75174,2011-05-01,FLUXNET2015,-0.3257275968364552
US-UMB,2011,6,-2.90073,0.958333,8.35262,5.17456,2011-06-01,FLUXNET2015,4.667476385066862
US-UMB,2011,7,-5.36095,0.939516,11.4884,6.09371,2011-07-01,FLUXNET2015,7.799410366970179
US-UMB,2011,8,-4.12053,0.946237,9.42835,5.52704,2011-08-01,FLUXNET2015,5.735514348873496
US-UMB,2011,9,-2.70472,0.930556,7.03893,4.56877,2011-09-01,FLUXNET2015,3.342248330776811
US-UMB,2011,10,0.860773,0.939516,2.23995,3.1162,2011-10-01,FLUXNET2015,-1.4605776873198721
US-UMB,2011,11,1.08936,0.998611,0.202469,1.35434,2011-11-01,FLUXNET2015,-3.501904705416555
US-UMB,2011,12,0.747801,0.99328,-0.0452608,0.723517,2011-12-01,FLUXNET2015,-3.7534805235132382
US-UMB,2012,1,0.655256,0.985215,0.0249956,0.658931,2012-01-01,FLUXNET2015,-3.687070141609922
US-UMB,2012,2,0.663459,0.994253,-0.0296586,0.633466,2012-02-01,FLUXNET2015,-3.745570359706605
US-UMB,2012,3,0.827986,0.93414,0.375236,1.19029,2012-03-01,FLUXNET2015,-3.3445217778032883
US-UMB,2012,4,0.749448,0.986111,1.00268,1.771,2012-04-01,FLUXNET2015,-2.7209237958999717
US-UMB,2012,5,-0.875847,0.973118,5.85215,4.96846,2012-05-01,FLUXNET2015,2.124700186003345
US-UMB,2012,6,-5.61931,0.879167,11.4978,5.75359,2012-06-01,FLUXNET2015,7.766504167906661
US-UMB,2012,7,-5.63265,0.88172,11.9947,6.26323,2012-07-01,FLUXNET2015,8.25955814980998
US-UMB,2012,8,-3.99719,0.922043,9.94719,5.74619,2012-08-01,FLUXNET2015,6.208202131713296
US-UMB,2012,9,-2.40521,0.952778,6.61546,4.14334,2012-09-01,FLUXNET2015,2.8726261136166116
US-UMB,2012,10,1.49733,0.967742,1.47922,2.93286,2012-10-01,FLUXNET2015,-2.267459904480072
US-UMB,2012,11,1.24467,0.983333,0.186156,1.4161300000000001,2012-11-01,FLUXNET2015,-3.5643699225767547
US-UMB,2012,12,0.654037,0.922043,0.176257,0.814437,2012-12-01,FLUXNET2015,-3.578114940673438
US-UMB,2013,1,0.750424,0.853495,0.0729707,0.837892,2013-01-01,FLUXNET2015,-3.6852472587701213
US-UMB,2013,2,0.485988,0.973214,0.0178574,0.541195,2013-02-01,FLUXNET2015,-3.744206576866805
US-UMB,2013,3,0.834037,0.918011,-0.0663813,0.771415,2013-03-01,FLUXNET2015,-3.8322912949634884
US-UMB,2013,4,0.920472,0.980556,0.116479,1.02433,2013-04-01,FLUXNET2015,-3.6532770130601717
US-UMB,2013,5,0.421376,0.891129,2.53886,2.90038,2013-05-01,FLUXNET2015,-1.2347420311568547
US-UMB,2013,6,-5.12009,0.895833,9.65416,4.50903,2013-06-01,FLUXNET2015,5.876711950746461
US-UMB,2013,7,-5.0042,0.873656,10.159,5.1505,2013-07-01,FLUXNET2015,6.377705932649779
US-UMB,2013,8,-4.84932,0.883065,8.77678,3.99999,2013-08-01,FLUXNET2015,4.9916399145530965
US-UMB,2013,9,-2.38689,0.9125,7.09271,4.55874,2013-09-01,FLUXNET2015,3.303723896456412
US-UMB,2013,10,0.668184,0.923387,1.82335,2.47321,2013-10-01,FLUXNET2015,-1.9694821216402711
US-UMB,2013,11,1.01292,0.883333,0.334318,1.34254,2013-11-01,FLUXNET2015,-3.4623601397369548
US-UMB,2013,12,0.666658,0.973118,0.0579442,0.70082,2013-12-01,FLUXNET2015,-3.742579957833638
US-UMB,2014,1,0.679384,0.983871,0.0117774,0.698585,2014-01-01,FLUXNET2015,-3.7925927759303213
US-UMB,2014,2,0.579388,0.977679,0.0667272,0.693843,2014-02-01,FLUXNET2015,-3.7414889940270046
US-UMB,2014,3,0.846332,0.956989,0.0894703,0.811505,2014-03-01,FLUXNET2015,-3.722591912123688
US-UMB,2014,4,0.815789,0.938889,0.229904,1.05035,2014-04-01,FLUXNET2015,-3.586004230220371
US-UMB,2014,5,1.20802,0.946237,1.94474,3.25006,2014-05-01,FLUXNET2015,-1.8750142483170544
US-UMB,2014,6,-4.47625,0.902778,10.2387,5.8798,2014-06-01,FLUXNET2015,6.4150997335862625
US-UMB,2014,7,-6.41715,0.952957,12.7528,6.23953,2014-07-01,FLUXNET2015,8.92535371548958
US-UMB,2014,8,-4.02696,0.88172,9.67555,5.70565,2014-08-01,FLUXNET2015,5.844257697392895
US-UMB,2014,9,-2.75667,0.926389,7.38697,4.74105,2014-09-01,FLUXNET2015,3.5518316792962126
US-UMB,2014,10,1.273,0.979839,1.66793,2.94273,2014-10-01,FLUXNET2015,-2.171054338800471
US-UMB,2014,11,1.11844,1,0.0487039,1.14839,2014-11-01,FLUXNET2015,-3.794126456897154
US-UMB,2014,12,0.894185,0.982527,0.029268,0.88423,2014-12-01,FLUXNET2015,-3.8174083749938372
US-Bar,2004,1,0.5497198403225807,1,1.6808500532930108,2.2305702317876346,2004-01-01,AMF,-1.6994396087249495
US-Bar,2004,2,0.561610071587189,0.9985632183908046,2.5579396779365893,3.130579313505747,2004-02-01,AMF,-0.823847590832389
US-Bar,2004,3,0.7436970073924731,1,2.833310519489247,3.577008646639785,2004-03-01,AMF,-0.5499743560307702
US-Bar,2004,4,1.2569750174754044,0.9958333333333333,2.8514168607582975,4.140818719791667,2004-04-01,AMF,-0.5333656215127569
US-Bar,2004,5,-1.4189798018817203,1,4.358656069758064,2.939676175268817,2004-05-01,AMF,0.9723759807359726
US-Bar,2004,6,-4.957230630069445,1,8.12221803125,3.1649853033333333,2004-06-01,AMF,4.734440335476871
US-Bar,2004,7,-4.610964988978495,1,7.955389261841398,3.3444238755376343,2004-07-01,AMF,4.566113959317232
US-Bar,2004,8,-3.720502251344086,1,7.790507908669355,4.0700044826612904,2004-08-01,AMF,4.399734999394152
US-Bar,2004,9,-2.1464310359722223,1,5.335512377013889,3.1890801927083334,2004-09-01,AMF,1.9432418609876494
US-Bar,2004,10,1.6049569543010753,0.9993279569892473,1.3786672096870023,2.974646742204301,2004-10-01,AMF,-2.015100913090275
US-Bar,2004,11,1.051459026875,1,0.10621770132569444,1.157676354375,2004-11-01,AMF,-3.28904802820262
US-Bar,2004,12,0.8372611237624118,1,0.17903177731182796,1.0114883022849461,2004-12-01,AMF,-3.2177315589675235
US-Bar,2005,1,0.6049609432123656,1,0.034536535793010754,0.6394975656586022,2005-01-01,AMF,-3.3637244072373775
US-Bar,2005,2,0.47253770119047617,1,0.13546737114583332,0.6080047643601191,2005-02-01,AMF,-3.2642911786355926
US-Bar,2005,3,0.611639659811828,1,0.09420398338440861,0.7058433112231183,2005-03-01,AMF,-3.3070521731480547
US-Bar,2005,4,1.246721977559144,0.9986111111111111,1.314782755393685,2.5572825938194446,2005-04-01,AMF,-2.0879710078898146
US-Bar,2005,5,1.3755728559811828,1,3.2426175759408604,4.618192370967742,2005-05-01,AMF,-0.1616337940936765
US-Bar,2005,6,-3.364924836041667,1,8.452801536319445,5.08788724125,2005-06-01,AMF,5.04705255953387
US-Bar,2005,7,-4.485022104502688,1,8.897465874932795,4.41243957157258,2005-07-01,AMF,5.490219291396183
US-Bar,2005,8,-3.473050257311828,1,7.165642526189516,3.6925960786962366,2005-08-01,AMF,3.7568983359018677
US-Bar,2005,9,-1.7038839618055557,1,5.658830069444445,3.9549374129861112,2005-09-01,AMF,2.248588272405759
US-Bar,2005,10,3.397624482392473,1,2.7283722235887096,6.125996487365591,2005-10-01,AMF,-0.683367180201013
US-Bar,2005,11,1.2966476209722222,1,0.3250687138013889,1.6217156477083334,2005-11-01,AMF,-3.0881682967393704
US-Bar,2005,12,0.6264852669216705,0.9993279569892473,0.07582556087916728,0.7019683648521505,2005-12-01,AMF,-3.3389090564126294
US-Bar,2006,1,0.7878026339837406,0.9986559139784946,0.30847528571569255,1.0979224110887096,2006-01-01,AMF,-3.1077569383271415
US-Bar,2006,2,0.6261176056103834,1,0.024694902715029762,0.6603653426339285,2006-02-01,AMF,-3.3930349280788414
US-Bar,2006,3,0.7264753686155914,1,0.05115000036962366,0.7776257603494624,2006-03-01,AMF,-3.368077437175285
US-Bar,2006,4,1.2061908941666666,1,0.6806085357951389,1.8867985515277779,2006-04-01,AMF,-2.7401165085008063
US-Bar,2006,5,-0.972928517016129,1,4.037686303380377,3.064752763844086,2006-05-01,AMF,0.6154636523333943
US-Bar,2006,6,-3.8458298130555555,1,9.95795025625,6.112121949513889,2006-06-01,AMF,6.53422999845198
US-Bar,2006,7,-4.824326795026882,1,11.36002286155914,6.5356917336693545,2006-07-01,AMF,7.934804997010084
US-Bar,2006,8,-3.445590052419355,1,8.15123660517473,4.705648018615592,2006-08-01,AMF,4.724521133874637
US-Bar,2006,9,-1.1700233979166668,1,5.473138245694445,4.303124240555555,2006-09-01,AMF,2.0449251676433144
US-Bar,2006,10,2.3478211331317205,0.9993279569892473,0.5935904018896543,2.9523377019489248,2006-10-01,AMF,-2.836120282912514
US-Bar,2006,11,1.4407764242049523,0.9993055555555556,0.5478421026425185,1.991609771388889,2006-11-01,AMF,-2.8833661889106867
US-Bar,2006,12,0.8489888025537634,1,0.23914403256048386,1.0881346228494624,2006-12-01,AMF,-3.1935618657437583
US-Bar,2007,1,0.2801530145564516,1,0.43327866007392474,0.7134311842741935,2007-01-01,AMF,-3.0009248449813546
US-Bar,2007,2,-0.05758751107142857,1,0.3770751207589286,0.31948819754464286,2007-02-01,AMF,-3.0586259910473883
US-Bar,2007,3,0.5111788699596774,0.9993279569892473,0.16750690341027372,0.6754449528897849,2007-03-01,AMF,-3.2696918151470795
US-Bar,2007,4,1.1462803169233453,0.9993055555555556,0.31607211918708367,1.473721927361111,2007-04-01,AMF,-3.1226242061213068
US-Bar,2007,5,-0.5387661923387097,1,4.295935269375,3.757169089112903,2007-05-01,AMF,0.855741337315572
US-Bar,2007,6,-5.690441196527778,1,9.922831644455556,4.232385071805555,2007-06-01,AMF,6.481140105645091
US-Bar,2007,7,-4.8820412849462365,1,9.630401394327958,4.748367501747312,2007-07-01,AMF,6.187212248766456
US-Bar,2007,8,-4.343652123655914,1,8.393625504166666,4.049980384811828,2007-08-01,AMF,4.948938751854127
US-Bar,2007,9,-2.1619933354166667,1,6.08906571375,3.9270753888194445,2007-09-01,AMF,2.6428813546864243
US-Bar,2007,10,1.788699774798387,0.9993279569892473,2.20581066208688,3.9847595580645163,2007-10-01,AMF,-1.2418713037277334
US-Bar,2007,11,1.0158026014513888,0.9993055555555556,0.3686364460032982,1.3899894296527777,2007-11-01,AMF,-3.080543126562352
US-Bar,2007,12,0.7574854462365591,0.9993279569892473,0.1933748983266393,0.9535396685483871,2007-12-01,AMF,-3.2573022809900483
US-Bar,2008,1,0.7411870452956989,1,0.09472404543010753,0.8359088223790323,2008-01-01,AMF,-3.357450740637617
US-Bar,2008,2,0.6755520084817583,0.9992816091954023,0.771712693709079,1.448302382112069,2008-02-01,AMF,-2.681959699109683
US-Bar,2008,3,1.0925620600900572,0.9973118279569892,0.09418226603044914,1.18234411875,2008-03-01,AMF,-3.36098773353935
US-Bar,2008,4,0.9850068065584394,0.9993055555555556,0.3687959959427125,1.339008363125,2008-04-01,AMF,-3.087871610378124
US-Bar,2008,5,-1.354481819422043,1,4.622126331861559,3.2676512383064518,2008-05-01,AMF,1.1639611187896861
US-Bar,2008,6,-4.28674395625,1,8.706243940475694,4.4194991620833335,2008-06-01,AMF,5.246581120652784
US-Bar,2008,7,-4.754969862903226,1,8.946266630873655,4.191294442943549,2008-07-01,AMF,5.485106204299708
US-Bar,2008,8,-4.173519549663978,1,8.334052797177419,4.160539648991936,2008-08-01,AMF,4.871394763852434
US-Bar,2008,9,-1.9674357854166666,1,6.0747165403472225,4.1072728113888886,2008-09-01,AMF,2.610560900271201
US-Bar,2008,10,1.5180102533602151,0.9993279569892473,0.5855815876648248,2.0959840353494625,2008-10-01,AMF,-2.880071659162234
US-Bar,2008,11,1.7811890852877699,1,-0.22489700270833332,1.564558061875,2008-11-01,AMF,-3.69204785628643
US-Bar,2008,12,0.848602186155914,1,0.20493739690188173,1.0535403639784946,2008-12-01,AMF,-3.263711063427251
US-Bar,2009,1,0.7318756192793895,0.9979838709677419,0.006056547437145533,0.741854550201613,2009-01-01,AMF,-3.464089519643025
US-Bar,2009,2,1.1350949874029646,0.9985119047619048,0.19917424213745102,1.3423002938988096,2009-02-01,AMF,-3.2724694316937564
US-Bar,2009,3,0.9423097497983871,1,0.39979927465524195,1.342108604435484,2009-03-01,AMF,-3.0733420059270022
US-Bar,2009,4,0.43762844011186686,1,1.182813993673611,1.5941919340277777,2009-04-01,AMF,-2.291824893659671
US-Bar,2009,5,-1.7703988877688173,1,4.578968332426076,2.808568692674731,2009-05-01,AMF,1.102831838341757
US-Bar,2009,6,-3.183862822152778,1,8.383915881659723,5.200054463680556,2009-06-01,AMF,4.906281780824367
US-Bar,2009,7,-3.9490659050403227,1,10.192026186827958,6.242950471034947,2009-07-01,AMF,6.712894479241565
US-Bar,2009,8,-3.182028383064516,1,8.389878428561827,5.207852306854838,2009-08-01,AMF,4.909249114224397
US-Bar,2009,9,-2.946596579861111,1,6.404661399722222,3.458071305,2009-09-01,AMF,2.9225344786337555
US-Bar,2009,10,1.5710987588709677,0.9986559139784946,1.227656730871364,2.7824604483198923,2009-10-01,AMF,-2.2559677969681404
US-Bar,2009,11,1.626498162822575,0.9972222222222222,0.14551374029693714,1.777896393263889,2009-11-01,AMF,-3.339608394293604
US-Bar,2009,12,0.9858114247356607,0.9986559139784946,-0.12427381753406885,0.8670203340725806,2009-12-01,AMF,-3.610893558875648
US-Bar,2010,1,0.8344402607526882,1,0.03422924405913978,0.8686688209677419,2010-01-01,AMF,-3.4538881040334752
US-Bar,2010,2,0.6921952112351191,1,-0.018852668139880954,0.6733424136160714,2010-02-01,AMF,-3.5084676229835337
US-Bar,2010,3,0.8243062875320656,0.9993279569892473,0.6047637537126108,1.4289831587365591,2010-03-01,AMF,-2.8863488078820794
US-Bar,2010,4,0.5365949551927507,0.9993055555555556,2.1297330414615985,2.600355679375,2010-04-01,AMF,-1.3628771268841284
US-Bar,2010,5,-2.7936088582325267,1,7.2773923364919355,4.483779816397849,2010-05-01,AMF,3.7832845613951713
US-Bar,2010,6,-4.768082469444445,1,8.274833697777778,3.5067587444444444,2010-06-01,AMF,4.779228315929977
US-Bar,2010,7,-4.305259180107527,1,11.126608657728495,6.821355044153226,2010-07-01,AMF,7.629505669129656
US-Bar,2010,8,-2.60451493030914,1,7.966745833467742,5.3622324678091395,2010-08-01,AMF,4.468145238117867
US-Bar,2010,9,-0.2723111823611111,1,5.542496685831944,5.270178690208334,2010-09-01,AMF,2.0423984837310316
US-Bar,2010,10,2.0013421768817206,1,1.1883164473319892,3.1896581682123655,2010-10-01,AMF,-2.3132793615199603
US-Bar,2010,11,1.319104642721978,0.9986111111111111,0.45914350727850206,1.7910683739583333,2010-11-01,AMF,-3.0439499083244845
US-Bar,2010,12,0.7467730207661291,0.9993279569892473,0.059694485193554594,0.810169622983871,2010-12-01,AMF,-3.444896537160469
US-Bar,2011,1,0.6321763257526881,1,-0.04827272891129032,0.5839034943548387,2011-01-01,AMF,-3.554361358016352
US-Bar,2011,2,0.7079212775930248,1,0.02358661875744048,0.7372797741815477,2011-02-01,AMF,-3.4839996170986582
US-Bar,2011,3,0.9037231678091397,1,0.11411165569422042,1.0178341385080645,2011-03-01,AMF,-3.3949721869129146
US-Bar,2011,4,1.190293195560872,1,0.8290016918472223,2.0107603575,2011-04-01,AMF,-2.68157975751095
US-Bar,2011,5,-0.14977972705348716,0.9993279569892473,4.9888511358779395,4.839822968346774,2011-05-01,AMF,1.47677207976873
US-Bar,2011,6,-5.259712745833333,1,9.59142700513889,4.331718220833333,2011-06-01,AMF,6.0778503422786425
US-Bar,2011,7,-5.213518836021505,1,10.548462898118279,5.334932372311828,2011-07-01,AMF,7.033388628506995
US-Bar,2011,8,-2.9524911646505374,1,7.627506816935484,4.675007051209677,2011-08-01,AMF,4.110934940573164
US-Bar,2011,9,-1.5612657816666666,1,5.714140811944445,4.152875887013889,2011-09-01,AMF,2.1960713288310867
US-Bar,2011,10,1.229954394623656,1,1.4560402202284946,2.6859925159946236,2011-10-01,AMF,-2.0635268696359006
US-Bar,2011,11,0.9718962702771148,0.9993055555555556,0.5490622688410752,1.5209255596527778,2011-11-01,AMF,-2.972002427774357
US-Bar,2011,12,0.018859707963709678,1,0.18703777277553763,0.20589733447580646,2011-12-01,AMF,-3.3355245305909316
US-Bar,2012,1,0.04328030426948925,1,0.0017718420900537635,0.04505214502688172,2012-01-01,AMF,-3.5222880680274526
US-Bar,2012,2,0.7585425520045832,0.9992816091954023,0.04735556459009894,0.8058656780890805,2012-02-01,AMF,-3.478201952278444
US-Bar,2012,3,1.085459550784133,0.9986559139784946,0.5655963002371116,1.6681105274193548,2012-03-01,AMF,-2.9614588233824692
US-Bar,2012,4,1.1974515895342748,0.9979166666666667,1.0921388579178113,2.2924726170833334,2012-04-01,AMF,-2.436413872452806
US-Bar,2012,5,-1.5046700414650538,1,5.338609804650537,3.833945578360215,2012-05-01,AMF,1.8085594675288823
US-Bar,2012,6,-4.823682023958333,1,8.431152750833334,3.6074771505555554,2012-06-01,AMF,4.8996048069606415
US-Bar,2012,7,-4.746664044354839,1,9.288897798655913,4.542230352688172,2012-07-01,AMF,5.755852248032184
US-Bar,2012,8,-3.7909654791666667,1,9.247179398454302,5.456213611357527,2012-08-01,AMF,5.712636241079536
US-Bar,2012,9,-1.183903249861111,1,5.614796448,4.430898023819444,2012-09-01,AMF,2.0787556838741965
US-Bar,2012,10,2.5662161755376345,0.9979838709677419,1.4457909834006866,4.004247740658602,2012-10-01,AMF,-2.091747387476154
US-Bar,2012,11,1.366849601388889,1,0.47882181902777776,1.8456704646527777,2012-11-01,AMF,-3.0602141586001004
US-Bar,2012,12,1.0031770088709677,0.9993279569892473,-0.04415201954329077,0.956257384610215,2012-12-01,AMF,-3.584685603922206
US-Bar,2013,1,0.8090720669527203,0.9838709677419355,0.04085750597288389,0.8707144706317205,2013-01-01,AMF,-3.5011736851570676
US-Bar,2013,2,0.7845329594494047,1,0.12822377186532738,0.9127572765625,2013-02-01,AMF,-3.4153050260156617
US-Bar,2013,3,0.8795032623430865,0.9993279569892473,0.20150077373202713,1.0812141928091399,2013-03-01,AMF,-3.3435256308999985
US-Bar,2013,4,0.946844388239575,0.9993055555555556,0.7264223372154227,1.6738867826388888,2013-04-01,AMF,-2.820101674167641
US-Bar,2013,5,-1.3039324774932795,1,6.01921051686828,4.715280260080645,2013-05-01,AMF,2.47118889873418
US-Bar,2013,6,-3.9805058136805553,1,8.936857854166666,4.956356865208333,2013-06-01,AMF,5.387338629281528
US-Bar,2013,7,-3.533084778561828,1,9.824868526747311,6.29176722594086,2013-07-01,AMF,6.273851695111136
US-Bar,2013,8,-3.5866491936155915,1,8.414479291532258,4.827827361760753,2013-08-01,AMF,4.861964853145047
US-Bar,2013,9,-1.9464012630555556,1,5.538326500347222,3.5919313864583335,2013-09-01,AMF,1.9843144552089733
US-Bar,2013,10,2.0204275231182796,1,1.7478983034731184,3.768327042405914,2013-10-01,AMF,-1.8076113484161676
US-Bar,2013,11,1.6031354243055556,1,0.2660898994027778,1.8692245034722221,2013-11-01,AMF,-3.290917359237545
US-Bar,2013,12,0.7390065919489247,0.9993279569892473,0.08979541621901135,0.825609927016129,2013-12-01,AMF,-3.4687094491723487
US-Dk2,2002,1,-0.10599638093640261,0.9650537634408602,0.342851958180995,0.20942448864247312,2002-01-01,AMF,-3.757985653356397
US-Dk2,2002,2,0.016393855015326846,0.9747023809523809,0.4276815849366919,0.4451602924107143,2002-02-01,AMF,-3.6847888408422778
US-Dk2,2002,3,0.48371511669122247,0.9455645161290323,0.8598038869593504,1.239108379233871,2002-03-01,AMF,-3.264299353061214
US-Dk2,2002,4,-0.7255580182286213,0.9916666666666667,4.482304285417743,3.7601480015972224,2002-04-01,AMF,0.3465682311555858
US-Dk2,2002,5,-5.293905171923751,0.9852150537634409,8.456513051432418,3.030350364314516,2002-05-01,AMF,4.3091441829286685
US-Dk2,2002,6,-4.42552352256388,0.99375,7.412156130055657,2.9212695211805557,2002-06-01,AMF,3.253154447310314
US-Dk2,2002,7,-2.993955349141855,0.9899193548387096,8.157660076172997,5.297648303091398,2002-07-01,AMF,3.987025579186061
US-Dk2,2002,8,-2.5850705062816592,0.9852150537634409,6.199121122367163,3.492062108736559,2002-08-01,AMF,2.0168538111386343
US-Dk2,2002,9,-1.7597073884066412,0.9743055555555555,6.0755070541490745,4.263458820972223,2002-09-01,AMF,1.881606928678952
US-Dk2,2002,10,-1.3283654654844115,0.9724462365591398,3.2373763616374354,1.861035593548387,2002-10-01,AMF,-0.9681565780742798
US-Dk2,2002,11,0.3715648285529077,0.9736111111111111,0.8526372365876579,1.245471340625,2002-11-01,AMF,-3.3645285173656503
US-Dk2,2002,12,-0.33785230437642544,0.9690860215053764,0.5517199692439579,0.1542330942204301,2002-12-01,AMF,-3.6770785989509434
US-Dk2,2003,1,-1.0243923491773557,0.9711021505376344,1.3016315071652074,0.28127192103494625,2003-01-01,AMF,-2.938799875271287
US-Dk2,2003,2,-0.7070887088895572,0.9479166666666666,1.546572154978701,0.7912106860119048,2003-02-01,AMF,-2.705492041699386
US-Dk2,2003,3,0.8832670435038693,0.959005376344086,0.720085371122291,1.635172570295699,2003-03-01,AMF,-3.543611639797389
US-Dk2,2003,4,-1.2278262770387276,0.9770833333333333,3.4963825011814524,2.33735528375,2003-04-01,AMF,-0.778947323979821
US-Dk2,2003,5,-3.9873898311076035,0.9818548387096774,7.3571430090538925,3.3154045739247313,2003-05-01,AMF,3.070180369651026
US-Dk2,2003,6,-4.256429266357463,0.9888888888888889,8.284306575143182,4.035180795416666,2003-06-01,AMF,3.9857111214987224
US-Dk2,2003,7,-4.0200900945745675,0.9845430107526881,8.916161413368554,4.802989007056452,2003-07-01,AMF,4.605933145482502
US-Dk2,2003,8,-2.620919874219628,0.9858870967741935,8.42405781495881,5.902602501680107,2003-08-01,AMF,4.102196732831164
US-Dk2,2003,9,-1.0068705331331367,0.9902777777777778,6.539058820163641,5.63281502125,2003-09-01,AMF,2.205564923794402
US-Dk2,2003,10,-0.3474779535689788,0.9764784946236559,3.1708447112703384,2.681284236223118,2003-10-01,AMF,-1.1742819993404934
US-Dk2,2003,11,1.6195574424752877,0.9840277777777777,0.29078344094862935,2.0194573300694443,2003-11-01,AMF,-4.065976083903795
US-Dk2,2003,12,-0.2758724222830745,0.9603494623655914,1.0588415796500734,0.7497426243951613,2003-12-01,AMF,-3.3095507594439444
US-Dk2,2004,1,-0.8532851872670943,0.980510752688172,1.3449200688844352,0.5027242028225807,2004-01-01,AMF,-3.0351050844511755
US-Dk2,2004,2,-0.5710731744703184,0.959051724137931,1.2539943744622313,0.6937047644396551,2004-02-01,AMF,-3.1376635931149726
US-Dk2,2004,3,1.1188202190936518,0.9811827956989247,1.0511601540292546,2.167792953427419,2004-03-01,AMF,-3.3521306277895424
US-Dk2,2004,4,-0.3763475948319778,0.9923611111111111,4.1497138957143465,3.7891530860416665,2004-04-01,AMF,-0.26520970034604346
US-Dk2,2004,5,-4.66394733338116,0.991263440860215,11.07250198044047,6.4111363940860215,2004-05-01,AMF,6.645945570138486
US-Dk2,2004,6,-4.325171616047666,0.99375,11.050468226249386,6.7517496109027775,2004-06-01,AMF,6.612279001705811
US-Dk2,2004,7,-3.0187275146106836,0.9899193548387096,11.277078129154612,8.310469340524193,2004-07-01,AMF,6.827256090369443
US-Dk2,2004,8,-3.075317039105937,0.9939516129032258,7.145897254145927,3.9713571481854837,2004-08-01,AMF,2.684442401119165
US-Dk2,2004,9,-2.1933793320187203,0.9833333333333333,6.204952038216498,4.089193968055556,2004-09-01,AMF,1.7318643709481432
US-Dk2,2004,10,-0.41637835195331685,0.9979838709677419,4.714458574379975,4.299618641733871,2004-10-01,AMF,0.22973809287002706
US-Dk2,2004,11,0.7998123652958493,0.9701388888888889,0.7747399557561848,1.5146280402083334,2004-11-01,AMF,-3.7216133399953564
US-Dk2,2004,12,0.3342599051807171,0.9811827956989247,0.8866283448444736,1.2580420108870967,2004-12-01,AMF,-3.62135776514866
US-Dk2,2005,1,0.18168951814088266,0.9885752688172043,0.4826639579751835,0.6850279844758065,2005-01-01,AMF,-4.036954966259543
US-Dk2,2005,2,-0.21805036129100122,0.9776785714285714,0.8632383483752961,0.67360698125,2005-02-01,AMF,-3.668013390101024
US-Dk2,2005,3,0.321700557205652,0.9717741935483871,1.8540047780529918,2.1754282831317204,2005-03-01,AMF,-2.6888797746649216
US-Dk2,2005,4,-0.15784076896453325,0.9847222222222223,3.3262624594821015,3.172760158125,2005-04-01,AMF,-1.228254907477405
US-Dk2,2005,5,-5.350461696495479,0.9932795698924731,10.350926081983696,5.039383769959677,2005-05-01,AMF,5.784775900782597
US-Dk2,2005,6,-4.37866733150531,0.9895833333333334,8.914195452229276,4.498820513541666,2005-06-01,AMF,4.336412456786583
US-Dk2,2005,7,-4.145305642529122,0.9899193548387096,9.38958606283622,5.26348585719086,2005-07-01,AMF,4.800170253151935
US-Dk2,2005,8,-2.034961787678081,0.9966397849462365,7.82541571520933,5.702580136155914,2005-08-01,AMF,3.224367091283452
US-Dk2,2005,9,-2.1166804210732137,0.9930555555555556,4.886544103898173,2.7262830477777777,2005-09-01,AMF,0.2738626657307018
US-Dk2,2005,10,-1.0605786108923865,0.9798387096774194,2.902540249855175,1.7496476215053764,2005-10-01,AMF,-1.7217740025538895
US-Dk2,2005,11,0.8658795030399706,0.9701388888888889,1.9252986294259324,3.0998323847916667,2005-11-01,AMF,-2.7106484372247253
US-Dk2,2005,12,-0.4428795042755171,0.967741935483871,1.9153498826418733,1.5306376809139786,2005-12-01,AMF,-2.7322299982503773
US-Dk2,2006,1,0.49112957600112445,0.969758064516129,0.5089787679376605,0.9897668950268818,2006-01-01,AMF,-4.150233927196183
US-Dk2,2006,2,-0.20277286169299616,0.9799107142857143,1.0993216858739414,0.9327340870535714,2006-02-01,AMF,-3.5715238235014954
US-Dk2,2006,3,0.5074516698271819,0.991263440860215,0.6913803369530962,1.1922981907930108,2006-03-01,AMF,-3.9910979866639336
US-Dk2,2006,4,-0.34083434745143876,0.9902777777777778,3.472308976315689,3.0911494622222224,2006-04-01,AMF,-1.2218021615429338
US-Dk2,2006,5,-5.669378095940661,0.9959677419354839,10.083226469717351,4.367448456518817,2006-05-01,AMF,5.3774825176171355
US-Dk2,2006,6,-4.872770786186652,0.9881944444444445,9.377486506334204,4.426720096388889,2006-06-01,AMF,4.660109739992396
US-Dk2,2006,7,-5.836651666173968,0.9979838709677419,11.065421044911911,5.224554005846774,2006-07-01,AMF,6.336411464328509
US-Dk2,2006,8,-3.619940649539264,0.9952956989247311,9.330091629325912,5.753996346908602,2006-08-01,AMF,4.589449234500917
US-Dk2,2006,9,-2.134206648356278,0.9861111111111112,5.971777161423148,3.9520995158333334,2006-09-01,AMF,1.2195019523565602
US-Dk2,2006,10,-0.615322445829639,0.9798387096774194,3.9917511749343655,3.3410376949596774,2006-10-01,AMF,-0.7721568483738157
US-Dk2,2006,11,0.3651704075881596,0.9777777777777777,1.39216427637542,1.7345085769444444,2006-11-01,AMF,-3.383376561174354
US-Dk2,2006,12,0.615901911782132,0.9825268817204301,0.6446929230887645,1.3414961886424732,2006-12-01,AMF,-4.142480728702602
US-Dk2,2007,1,-0.38370060539450895,0.9717741935483871,1.0279635458646674,0.6670565497311828,2007-01-01,AMF,-3.7708429201682927
US-Dk2,2007,2,-0.8227408171312168,0.9880952380952381,1.128982707065389,0.3022323027529762,2007-02-01,AMF,-3.681456573209164
US-Dk2,2007,3,1.1671455219133495,0.9858870967741935,0.544151399801415,1.71371843702957,2007-03-01,AMF,-4.277920694714731
US-Dk2,2007,4,-1.214966575980566,0.9840277777777777,4.204530412619299,2.9971785179861112,2007-04-01,AMF,-0.6291744961384405
US-Dk2,2007,5,-4.63618884902349,0.9919354838709677,9.727594541330575,5.138938261424731,2007-05-01,AMF,4.882256818331243
US-Dk2,2007,6,-4.338273652805608,0.9930555555555556,9.470845847002577,5.166938107291666,2007-06-01,AMF,4.613875309761652
US-Dk2,2007,7,-3.8906980449358186,0.9973118279569892,10.359267160203208,6.562191022916666,2007-07-01,AMF,5.49066380872069
US-Dk2,2007,8,-3.4727433362656988,0.9986559139784946,6.831453726081207,3.3813511772849463,2007-08-01,AMF,1.951217560357096
US-Dk2,2007,9,-2.1622011958885494,0.9979166666666667,5.466869574535128,3.3054032291666666,2007-09-01,AMF,0.5750005945694234
US-Dk2,2007,10,-0.7410371874204235,0.9838709677419355,4.625707100545192,3.8975206981854837,2007-10-01,AMF,-0.2777946936621055
US-Dk2,2007,11,0.4419388440502904,0.99375,0.9953883560598088,1.4329786811805556,2007-11-01,AMF,-3.9197462523890816
US-Dk2,2007,12,1.073566997843669,0.9778225806451613,0.7493457530850096,1.9048721934139785,2007-12-01,AMF,-4.177421669605474
US-Dk2,2008,1,-0.3584057706090544,0.9825268817204301,1.2945616086228164,0.9416184141129033,2008-01-01,AMF,-3.64383862830926
US-Dk2,2008,2,0.11376789864299679,0.9755747126436781,0.8144798468331103,0.9686277513649425,2008-02-01,AMF,-4.135553204340559
US-Dk2,2008,3,0.9967500851140382,0.9684139784946236,0.3219461894935824,1.2645286711021506,2008-03-01,AMF,-4.63971967592168
US-Dk2,2008,4,0.2712786479049144,0.98125,2.0275108648728417,2.366981573611111,2008-04-01,AMF,-2.9457878147840137
US-Dk2,2008,5,-5.943633615634788,0.989247311827957,10.74147680132993,4.799334214919355,2008-05-01,AMF,5.756545307431482
US-Dk2,2008,6,-6.141152323942007,0.99375,10.368113266576962,4.15502348625,2008-06-01,AMF,5.371548958436921
US-Dk2,2008,7,-4.644570460072319,0.9946236559139785,10.417536165495537,5.79693263891129,2008-07-01,AMF,5.409339043113903
US-Dk2,2008,8,-4.472591399066211,0.9926075268817204,8.36261968145058,3.85308784327957,2008-08-01,AMF,3.342789744827352
US-Dk2,2008,9,-3.6739352853600664,0.9902777777777778,6.753849000868283,3.0429296544444444,2008-09-01,AMF,1.7223862500034621
US-Dk2,2008,10,-1.2866958100100097,0.9905913978494624,5.2651518485343605,4.049403502486559,2008-10-01,AMF,0.22205628342794642
US-Dk2,2008,11,-0.08113646238582675,0.9673611111111111,1.3052046624080444,1.1360098008333332,2008-11-01,AMF,-3.7495237169399624
US-Dk2,2008,12,-0.05865392438116449,0.956989247311828,0.8654584670731476,0.8372990753360215,2008-12-01,AMF,-4.2009027265164525
US-Fuf,2006,1,0.4227728044354839,1,0.3359037340860215,0.7586762231182795,2006-01-01,AMF,-2.00326481520707
US-Fuf,2006,2,0.2687014404761905,1,0.5692731991889881,0.8379748883928572,2006-02-01,AMF,-1.7792037559323366
US-Fuf,2006,3,0.11719690793010752,1,1.0468323910752688,1.164030181451613,2006-03-01,AMF,-1.3109529698742943
US-Fuf,2006,4,-1.4602215277777777,1,3.6528537690555556,2.192628326388889,2006-04-01,AMF,1.2857600022777544
US-Fuf,2006,5,-1.431014692876344,1,3.392248879717742,1.9612334677419354,2006-05-01,AMF,1.0158467071117026
US-Fuf,2006,6,0.28703912340277776,1,3.817837283708333,4.104874034722222,2006-06-01,AMF,1.4321267052740552
US-Fuf,2006,7,0.21398486559139787,0.9993279569892473,3.6318107885044597,3.837424012096774,2006-07-01,AMF,1.2367918042419432
US-Fuf,2006,8,-1.2468110483870967,1,4.295635715120968,3.0488226478494624,2006-08-01,AMF,1.8913083250302127
US-Fuf,2006,9,-1.0395814138422819,0.9986111111111111,3.8371927311409397,2.786789722222222,2006-09-01,AMF,1.4235569352219464
US-Fuf,2006,10,-0.9995032123655914,1,3.1997454968884407,2.200242446236559,2006-10-01,AMF,0.7768012951412091
US-Fuf,2006,11,-0.46191947222222224,0.9986111111111111,1.9659721021089671,1.5033416944444444,2006-11-01,AMF,-0.46628050546650274
US-Fuf,2006,12,0.47764058569103296,0.9952956989247311,0.642234079777452,1.1222197244623655,2006-12-01,AMF,-1.7993269336262563
US-Fuf,2007,1,0.7857991399707143,0.9932795698924731,0.3962140074859964,1.1839827150537634,2007-01-01,AMF,-2.05465541174595
US-Fuf,2007,2,0.2471578050595238,1,0.7456064082886905,0.9927647767857143,2007-02-01,AMF,-1.7145714167714947
US-Fuf,2007,3,-0.8056518817204301,1,2.0926506798857525,1.2869993615591397,2007-03-01,AMF,-0.37683555100267085
US-Fuf,2007,4,-1.6509495625,1,3.5045192353472223,1.853572375,2007-04-01,AMF,1.0257245986305605
US-Fuf,2007,5,-1.471635370295699,1,3.5075384191868277,2.0359016733870967,2007-05-01,AMF,1.0194353766419277
US-Fuf,2007,6,1.049932048611111,1,1.2268309593055555,2.276763708333333,2007-06-01,AMF,-1.270580489067583
US-Fuf,2007,7,1.0719646700268817,1,2.158044348420699,3.2300061155913977,2007-07-01,AMF,-0.34867550578067796
US-Fuf,2007,8,-0.6907684321236559,1,4.5465894561827955,3.855817311827957,2007-08-01,AMF,2.0305611961531804
US-Fuf,2007,9,-0.9127434986111111,1,3.9813715247152777,3.0686267847222224,2007-09-01,AMF,1.4560348588574241
US-Fuf,2007,10,-0.5167737567204301,1,3.2985597422647848,2.781787170698925,2007-10-01,AMF,0.7639146705786928
US-Fuf,2007,11,-0.5952616534722223,1,1.867307345951389,1.2720449722222222,2007-11-01,AMF,-0.6766461315629413
US-Fuf,2007,12,0.717605249327957,1,0.5900396998185484,1.3076442002688171,2007-12-01,AMF,-1.9632221835240202
US-Fuf,2008,1,0.8911222893145161,1,0.17623662134206988,1.0673591061827956,2008-01-01,AMF,-2.386333667828737
US-Fuf,2008,2,0.5696028376436781,1,0.6216461406537356,1.1912486135057472,2008-02-01,AMF,-1.9502325543453098
US-Fuf,2008,3,-0.790889292204301,1,2.052548958467742,1.2616582123655915,2008-03-01,AMF,-0.5286381423595418
US-Fuf,2008,4,-1.3061095347222222,1,3.6668773356944446,2.360767513888889,2008-04-01,AMF,1.0763818290389224
US-Fuf,2008,5,-1.7951665322580646,1,4.911610664247312,3.116441827956989,2008-05-01,AMF,2.3118067517635517
US-Fuf,2008,6,0.07268175000000002,1,4.102959090902778,4.175642618055556,2008-06-01,AMF,1.4938467725907794
US-Fuf,2008,7,0.19683183467741935,1,4.9329649244623655,5.129800685483871,2008-07-01,AMF,2.3145442003221284
US-Fuf,2008,8,-0.2845987432795699,0.9993279569892473,5.517379064410522,5.2430897446236555,2008-08-01,AMF,2.8896499344420468
US-Fuf,2008,9,-1.0882788541666666,1,4.894386842777778,3.8061041666666666,2008-09-01,AMF,2.2573493069810646
US-Fuf,2008,10,0.07354150940860216,1,1.8043867191801075,1.8779280510752687,2008-10-01,AMF,-0.8419592224448448
US-Fuf,2008,11,0.10681798680555556,1,1.4957291813527778,1.6025469652777777,2008-11-01,AMF,-1.1599251661004129
US-Fuf,2008,12,0.4142821794864383,0.5047043010752689,1.2253122288366454,1.7804236479908475,2008-12-01,AMF,-1.4396505244447835
US-Fuf,2009,1,0.7512543401319595,0,0.3984282984738176,1.1501749025537635,2009-01-01,AMF,-2.2758428606358496
US-Fuf,2009,2,-8.425256746170491e-4,0.3400297619047619,1.383840107254518,1.383087444379391,2009-02-01,AMF,-1.2997394576833878
US-Fuf,2009,3,-0.774322688172043,1,3.0353469446021504,2.2610222043010753,2009-03-01,AMF,0.3424589738360063
US-Fuf,2009,4,-1.2080321284722222,1,3.95037080125,2.7423341944444446,2009-04-01,AMF,1.2481744246556177
US-Fuf,2009,5,-1.8419237983870969,0.9993279569892473,5.473187018795385,3.622353245967742,2009-05-01,AMF,2.7616822363727644
US-Fuf,2009,6,-1.2383609375,1,5.168230522986111,3.929867784722222,2009-06-01,AMF,2.4474173347352517
US-Fuf,2009,7,1.0630989583333332,1,3.098857183629032,4.161952715053763,2009-07-01,AMF,0.3687355895499347
US-Fuf,2009,8,1.343385188172043,1,1.3517721805107528,2.6951567271505374,2009-08-01,AMF,-1.3876578193965832
US-Fuf,2009,9,0.4327102090277778,1,1.1878968590395833,1.620607375,2009-09-01,AMF,-1.5608415466959908
US-Fuf,2009,10,0.932775190188172,1,0.6276847839314517,1.5604596706989247,2009-10-01,AMF,-2.1303620276323607
US-Fuf,2009,11,0.7452560347222222,1,0.40364165188194445,1.1488971041666667,2009-11-01,AMF,-2.3637135655101065
US-Fuf,2009,12,0.8999557788978495,1,0.30002305743279567,1.199978803763441,2009-12-01,AMF,-2.4766405657874935
US-Fuf,2010,1,0.9053231268071237,1,0.6853588309811828,1.5906815658602151,2010-01-01,AMF,-2.100613198067345
US-Fuf,2010,2,0.6008304995014881,1,1.1544654888392858,1.755295892857143,2010-02-01,AMF,-1.6408149460374803
US-Fuf,2010,3,0.07604396599462365,1,1.582816093669355,1.6588596639784947,2010-03-01,AMF,-1.2217727470356494
US-Fuf,2010,4,-0.9326960416666666,1,3.6356666609722224,2.702968333333333,2010-04-01,AMF,0.8217694144389796
US-Fuf,2010,5,-1.5931152553763441,1,5.155803558266129,3.562691491935484,2010-05-01,AMF,2.332597905904648
US-Fuf,2010,6,-0.9395890486111111,1,4.6682605144444445,3.7286720208333333,2010-06-01,AMF,1.8357464562547252
US-Fuf,2010,7,0.7167629704301075,1,2.508206029032258,3.224968958333333,2010-07-01,AMF,-0.33361643498570004
US-Fuf,2010,8,-1.0945069287634408,1,5.5992671045026885,4.504760678763441,2010-08-01,AMF,2.7481362346564926
US-Fuf,2010,9,-0.5028133333333333,1,5.171079984583334,4.668264902777778,2010-09-01,AMF,2.3106407089088994
US-Fuf,2010,10,-0.5568119623655914,1,2.9922537601478494,2.435434818548387,2010-10-01,AMF,0.1225060786451764
US-Fuf,2010,11,-0.01136144652777778,1,2.2009628313194445,2.1895981527777777,2010-11-01,AMF,-0.6780932560114669
US-Fuf,2010,12,0.14608863985215054,1,1.3877212374663979,1.533807002688172,2010-12-01,AMF,-1.5006432556927518
US-Ha1,2013,1,1.5136812594086022,1,0.2933698845430108,1.8070515188172043,2013-01-01,AMF,-4.286796777648799
US-Ha1,2013,2,1.2912891300595237,1,0.20284620101190476,1.4941362797619047,2013-02-01,AMF,-4.382188528150609
US-Ha1,2013,3,1.500138557795699,1,0.5053645025537634,2.005503494623656,2013-03-01,AMF,-4.084538293579456
US-Ha1,2013,4,1.4005313611111112,1,1.29270270375,2.693234861111111,2013-04-01,AMF,-3.302068159353924
US-Ha1,2013,5,0.1538856317204301,1,5.698478422043011,5.852367338709677,2013-05-01,AMF,1.0988394919683833
US-Ha1,2013,6,-5.367983097222222,1,9.853592632916667,4.48560125,2013-06-01,AMF,5.249085635871336
US-Ha1,2013,7,-4.584095801498897,1,9.569431660215054,5.020132258064516,2013-07-01,AMF,4.960056596199017
US-Ha1,2013,8,-3.975987311827957,1,8.583064251048388,4.607081317204301,2013-08-01,AMF,3.9688211200616466
US-Ha1,2013,9,-1.491239284807745,0.9986111111111111,7.331038248834554,5.845686805555555,2013-09-01,AMF,2.7119270508771085
US-Ha1,2013,10,0.9058064919354839,1,4.034042134408602,4.939849059139785,2013-10-01,AMF,-0.5899371305195482
US-Ha1,2013,11,3.3052669444444445,1,1.0033422284722222,4.308604166666667,2013-11-01,AMF,-3.6255051034266326
US-Ha1,2013,12,1.6452262365591397,1,1.2090230995967741,2.8542525,2013-12-01,AMF,-3.424692299272785
US-Ha1,2014,1,1.767010004032258,1,-0.5765526512096775,1.1904531048387097,2014-01-01,AMF,-5.215136117049941
US-Ha1,2014,2,1.1100520089285715,1,0.1696021043154762,1.2796569791666668,2014-02-01,AMF,-4.473849428495492
US-Ha1,2014,3,1.1664447311827957,1,-0.06073406155913979,1.1057100537634408,2014-03-01,AMF,-4.709053661340811
US-Ha1,2014,4,0.9144484361111112,1,1.3635179170416667,2.2779666805555556,2014-04-01,AMF,-3.2896697497107104
US-Ha1,2014,5,0.29004087365591397,1,3.226342939798387,3.516388440860215,2014-05-01,AMF,-1.4317127939246943
US-Ha1,2014,6,-5.950010791666666,1,9.896632513888889,3.9466265277777777,2014-06-01,AMF,5.233708713195104
US-Ha1,2014,7,-6.322803928600286,0.9986559139784946,11.403906199351265,5.0795271505376345,2014-07-01,AMF,6.7361143316867755
US-Ha1,2014,8,-5.529640551075269,1,9.550352428091397,4.020709543010753,2014-08-01,AMF,4.877692493456203
US-Ha1,2014,9,-3.9663918096897635,0.9972222222222222,8.192699298653682,4.207065833333333,2014-09-01,AMF,3.515171297047783
US-Ha1,2014,10,0.2629802450931214,0.9973118279569892,3.5653549009876446,3.8114905913978494,2014-10-01,AMF,-1.1170411675889587
US-Ha1,2014,11,2.29426925,1,0.7060942429166667,3.000363888888889,2014-11-01,AMF,-3.981169892630642
US-Ha1,2014,12,1.9477013440860216,1,0.42604598737903226,2.373747311827957,2014-12-01,AMF,-4.26608621513898
US-Ha1,2015,1,3.255324812451393,0.978494623655914,0.22908250944982458,3.502923096663036,2015-01-01,AMF,-4.467917760038891
US-Ha1,2015,2,5.210811232808812,0.7336309523809523,1.1653356779149877,4.482822567291653,2015-02-01,AMF,-3.536532658544434
US-Ha1,2015,3,3.2149405241935485,1,-0.15916497620967743,3.0557758064516127,2015-03-01,AMF,-4.865901379639803
US-Ha1,2015,4,1.6380926666666666,1,1.4120259372222221,3.0501170833333333,2015-04-01,AMF,-3.299578533178608
US-Ha1,2015,5,-0.21383145161290323,1,5.815120763575269,5.601289650537635,2015-05-01,AMF,1.0986482262037345
US-Ha1,2015,6,-5.999723319444445,1,10.647792868069445,4.648066527777778,2015-06-01,AMF,5.926452263727206
US-Ha1,2015,7,-6.836869536990368,1,11.530377444892473,4.726349462365591,2015-07-01,AMF,6.804168773579529
US-Ha1,2015,8,-5.54556066025009,0.9986559139784946,10.80251267930092,5.3051592741935485,2015-08-01,AMF,6.071435941017272
US-Ha1,2015,9,-4.533110402777778,1,7.72880105,3.1956866666666666,2015-09-01,AMF,2.9928562447456475
US-Ha1,2015,10,-0.3165469139784946,1,3.0468092721774194,2.730257795698925,2015-10-01,AMF,-1.6940036000476375
US-Ha1,2015,11,3.3883943472222224,1,0.33350555625,3.7219018055555555,2015-11-01,AMF,-4.412175382945761
US-Ha1,2015,12,2.196407395564516,1,0.3736830676075269,2.5700903225806453,2015-12-01,AMF,-4.376865938558939
US-Ho1,1996,1,0.5464912891179526,0.9966397849462365,0.19061903918506215,0.7381151471774193,1996-01-01,AMF,-3.554748078886519
US-Ho1,1996,2,0.36088254311348505,0.9971264367816092,0.1693864117944782,0.5182137981321839,1996-02-01,AMF,-3.5752398336762465
US-Ho1,1996,3,0.21604798469103784,0.9986559139784946,0.37424164967128126,0.5878884038978495,1996-03-01,AMF,-3.3696437231985943
US-Ho1,1996,4,-1.0361269583333332,0.9993055555555556,2.430969457317571,1.3983428444444443,1996-04-01,AMF,-1.312175042951453
US-Ho1,1996,5,-2.153683253783602,0.9993279569892473,5.125433994318683,2.9814589657258064,1996-05-01,AMF,1.3830303666505102
US-Ho1,1996,6,-0.8921371097222223,1,6.544032159791667,5.651882878472223,1996-06-01,AMF,2.8023694047243457
US-Ho1,1996,7,-0.9989177345430108,1,7.158554748857527,6.159637477822581,1996-07-01,AMF,3.4176328663910573
US-Ho1,1996,8,-1.1878744959677419,1,9.328678383172043,8.140799950268818,1996-08-01,AMF,5.588497373306425
US-Ho1,1996,9,0.4642533965277778,0.9986111111111111,6.56707682969769,7.061687254166666,1996-09-01,AMF,2.827636692432924
US-Ho1,1996,10,-0.49444381787634406,1,1.5696484190120967,1.075203317876344,1996-10-01,AMF,-2.169050845651818
US-Ho1,1996,11,0.11565817827777777,1,0.25811200947222224,0.3737705388888889,1996-11-01,AMF,-3.479846382590841
US-Ho1,1996,12,0.3788565237903226,1,0.20652525786290324,0.5853809543010753,1996-12-01,AMF,-3.530692261599308
US-Ho1,1997,1,0.3378522551545699,1,0.09924438634408603,0.43709655376344086,1997-01-01,AMF,-3.637232260517274
US-Ho1,1997,2,0.4729434367622288,0.9992559523809523,0.11605775983450033,0.588876615327381,1997-02-01,AMF,-3.6196780144260083
US-Ho1,1997,3,0.25957041527507846,0.9986559139784946,0.31138837866281827,0.5706740329301075,1997-03-01,AMF,-3.4236065229968387
US-Ho1,1997,4,-1.099395480486111,0.9993055555555556,2.131479690118034,1.0363962486111111,1997-04-01,AMF,-1.6027743389407714
US-Ho1,1997,5,-2.2012797358870966,1,4.745321447896505,2.5440401323924733,1997-05-01,AMF,1.0118082914385516
US-Ho1,1997,6,-1.4635979395833334,0.9993055555555556,9.686592669038854,8.212974986805555,1997-06-01,AMF,5.953820385181752
US-Ho1,1997,7,-1.488658676075269,1,8.20287041263441,6.714215100134409,1997-07-01,AMF,4.470839001378158
US-Ho1,1997,8,-0.6119031919354839,1,8.547353317741935,7.935442761424731,1997-08-01,AMF,4.816062779086536
US-Ho1,1997,9,0.4386611648611112,1,7.450178414451389,7.888825972916667,1997-09-01,AMF,3.7196287483968415
US-Ho1,1997,10,-0.18648185483870966,1,3.20457580321707,3.018094070564516,1997-10-01,AMF,-0.5252329902366261
US-Ho1,1997,11,0.6884098215277777,1,0.7729929999451389,1.4614030826388889,1997-11-01,AMF,-2.9560749209077053
US-Ho1,1997,12,0.6489848161508389,0.9993279569892473,0.34574548698060253,0.9950046384408602,1997-12-01,AMF,-3.3825815612713908
US-Ho1,1998,1,0.5252747817954452,0.9993279569892473,0.253751024695693,0.7828936740591398,1998-01-01,AMF,-3.4738351509554484
US-Ho1,1998,2,0.6075065100399814,0.9977678571428571,0.41422181669715213,1.0337714285714286,1998-02-01,AMF,-3.3126234863531376
US-Ho1,1998,3,0.407393277624725,0.9986559139784946,0.38171477799987485,0.7895605954301075,1998-03-01,AMF,-3.3443896524495633
US-Ho1,1998,4,-1.9734172096829807,0.9993055555555556,4.009871636070296,2.021604790277778,1998-04-01,AMF,0.28450807822170965
US-Ho1,1998,5,-1.9821200310416667,1,6.150052990725807,4.167935256048387,1998-05-01,AMF,2.4254303054780713
US-Ho1,1998,6,-2.17314575,1,7.022646563194445,4.849497793055556,1998-06-01,AMF,3.2987647505475612
US-Ho1,1998,7,-1.8196399186827956,1,10.311434806451613,8.491791865591399,1998-07-01,AMF,6.588293866405581
US-Ho1,1998,8,-0.8969109677419355,1,13.278236333333334,12.38132015591398,1998-08-01,AMF,9.555836265888152
US-Ho1,1998,9,-0.21034203465277776,1,10.69559263826389,10.485246574305556,1998-09-01,AMF,6.97393344341956
US-Ho1,1998,10,0.39945759744623655,0.9993279569892473,2.6506859733436556,3.043990612903226,1998-10-01,AMF,-1.0702323488998218
US-Ho1,1998,11,0.08330298562679143,1,1.4824873040208333,1.5741781840277778,1998-11-01,AMF,-2.2376901456217926
US-Ho1,1998,12,0.542296643541577,0.9973118279569892,0.284375510717558,0.8288670349462366,1998-12-01,AMF,-3.4350610663242165
US-Ho1,1999,1,0.5725975479410004,0.9946236559139785,-0.0626091741456105,0.5128306901881721,1999-01-01,AMF,-3.7813048785865333
US-Ho1,1999,2,0.5529993561887281,0.9955357142857143,0.06536767392768346,0.6189023831845238,1999-02-01,AMF,-3.6525871579123876
US-Ho1,1999,3,0.22893867939724605,0.9899193548387096,0.32990235200393997,0.5474185080645161,1999-03-01,AMF,-3.38731160723528
US-Ho1,1999,4,-1.8312648193950414,0.9979166666666667,3.277368472688575,1.4531761430555556,1999-04-01,AMF,-0.43910461394979305
US-Ho1,1999,5,-2.273217802419355,0.9993279569892473,5.6687542047336645,3.3887839166666667,1999-05-01,AMF,1.953021990696148
US-Ho1,1999,6,-2.2767350630750176,0.9993055555555556,8.60236655402435,6.324613099305555,1999-06-01,AMF,4.887375212587685
US-Ho1,1999,7,-0.669201061827957,1,7.400237740793011,6.731044764784946,1999-07-01,AMF,3.685987271957197
US-Ho1,1999,8,-0.7642641559139784,1,8.892495534811827,8.128232578629031,1999-08-01,AMF,5.178985938576865
US-Ho1,1999,9,-0.1678817986111111,1,4.358135484097223,4.190257447916666,1999-09-01,AMF,0.6453667604631124
US-Ho1,1999,10,-0.06970472022188273,0.9979838709677419,3.2161356589932155,3.148046885080645,1999-10-01,AMF,-0.4958921920400432
US-Ho1,1999,11,0.33212301339977046,0.9979166666666667,1.5470219225932271,1.87569566875,1999-11-01,AMF,-2.16426505583918
US-Ho1,1999,12,0.46301023541404707,0.9973118279569892,0.48042841494818306,0.9470079590053764,1999-12-01,AMF,-3.2301176908833726
US-Ho1,2000,1,0.3439587849201895,0.9986559139784946,0.08328944902245257,0.43370103360215057,2000-01-01,AMF,-3.626515784208251
US-Ho1,2000,2,0.5771537535595476,0.992816091954023,0.16467260113536597,0.7604705150862069,2000-02-01,AMF,-3.544391759494487
US-Ho1,2000,3,0.18222705401751932,0.9979838709677419,0.8753611874637934,1.0315080866935484,2000-03-01,AMF,-2.832962300565207
US-Ho1,2000,4,-1.447775142843462,0.9979166666666667,3.364672253974519,1.9237043868055557,2000-04-01,AMF,-0.34291036145363063
US-Ho1,2000,5,-3.1232592036962368,1,6.464207615040323,3.3409446552419353,2000-05-01,AMF,2.757365872213025
US-Ho1,2000,6,-1.5296948541666666,0.9986111111111111,8.752650413321655,7.200789884722222,2000-06-01,AMF,5.0465495430952085
US-Ho1,2000,7,-1.6190458830095127,0.9993279569892473,9.665215667132696,8.047363805107526,2000-07-01,AMF,5.9598556695071006
US-Ho1,2000,8,-1.3733296048387096,1,7.893264393413978,6.519931959005376,2000-08-01,AMF,4.188645268389235
US-Ho1,2000,9,-0.6385433138888889,1,6.161774005847223,5.5232376923611115,2000-09-01,AMF,2.4578957534233306
US-Ho1,2000,10,-0.3072214018817204,0.9993279569892473,3.0558146079555684,2.739746252688172,2000-10-01,AMF,-0.6473227718674718
US-Ho1,2000,11,0.044825765277777777,1,1.7818788890902777,1.8267028930555556,2000-11-01,AMF,-1.920517618131911
US-Ho1,2000,12,0.4492883278525366,0.991263440860215,0.19964826708768446,0.6571774583333333,2000-12-01,AMF,-3.5020073675336527
US-Ho1,2001,1,0.14971516184820904,0.9858870967741935,0.14533304098551358,0.30131644018817205,2001-01-01,AMF,-3.5555817210349723
US-Ho1,2001,2,0.34859949147456765,0.9903273809523809,0.019352907124789143,0.360903412202381,2001-02-01,AMF,-3.680820982294845
US-Ho1,2001,3,0.48180836478641176,0.9952956989247311,0.1468008488320968,0.6101350551075269,2001-03-01,AMF,-3.552632167986686
US-Ho1,2001,4,-1.3227234527777778,1,2.909206723125,1.5864854909722221,2001-04-01,AMF,-0.7894854210929309
US-Ho1,2001,5,-3.4522732823924733,1,6.6770882199596775,3.224814668010753,2001-05-01,AMF,2.9791369483425982
US-Ho1,2001,6,-1.3000501506944444,0.9993055555555556,8.012300101281067,6.700071795138889,2001-06-01,AMF,4.31508970226484
US-Ho1,2001,7,-0.8387174221762175,0.9993279569892473,9.457674336867449,8.63626243077957,2001-07-01,AMF,5.761204810452073
US-Ho1,2001,8,0.13054761929997,0.9993279569892473,8.85340522248799,8.986541524865592,2001-08-01,AMF,5.157676568673464
US-Ho1,2001,9,-0.08961023611111112,1,7.008505552638889,6.918886965972222,2001-09-01,AMF,3.3135177714252158
US-Ho1,2001,10,0.38065403564689815,0.9993279569892473,3.929833523917912,4.311434036962366,2001-10-01,AMF,0.23558661530509054
US-Ho1,2001,11,0.4797751146737481,0.9979166666666667,1.6517013725789784,2.1235857041666666,2001-11-01,AMF,-2.0418046634329916
US-Ho1,2001,12,0.6890832437603047,0.9905913978494624,0.7261196533946963,1.4510797150537635,2001-12-01,AMF,-2.966645510016422
US-Ho1,2002,1,0.6905645986084418,0.9973118279569892,0.24518842137257812,0.9494333030913978,2002-01-01,AMF,-3.4468358694376886
US-Ho1,2002,2,0.6583669355263962,0.9933035714285714,0.0903825805130729,0.754404238095238,2002-02-01,AMF,-3.6009008376963427
US-Ho1,2002,3,0.5578970703386388,0.9979838709677419,0.28812178394368826,0.8484740974462366,2002-03-01,AMF,-3.402420761664876
US-Ho1,2002,4,-1.3903100076388888,0.9993055555555556,3.1856754858125904,1.7913339152777779,2002-04-01,AMF,-0.5041261871951218
US-Ho1,2002,5,-2.7571775840053765,1,5.624465899012097,2.86728595766129,2002-05-01,AMF,1.9354050986052358
US-Ho1,2002,6,-1.7607065472222223,0.9993055555555556,8.370425357221512,6.5972261125,2002-06-01,AMF,4.682105429415503
US-Ho1,2002,7,-1.241181071908602,1,8.11857076875,6.877396127016129,2002-07-01,AMF,4.4309917135448424
US-Ho1,2002,8,-0.42307086559139784,1,7.205561382459678,6.782494696236559,2002-08-01,AMF,3.5187231998553714
US-Ho1,2002,9,0.85081744375,1,5.8470026115972225,6.697824989583333,2002-09-01,AMF,2.1609053015937683
US-Ho1,2002,10,-0.3421084448924731,1,3.373085864462366,3.030980579301075,2002-10-01,AMF,-0.31227057294023713
US-Ho1,2002,11,0.7621963191666666,1,0.6161868162777778,1.3783820472222221,2002-11-01,AMF,-3.068428748523974
US-Ho1,2002,12,0.5765142401978862,0.9966397849462365,0.02851258734512142,0.6131844166666667,2002-12-01,AMF,-3.6553621048557785
US-Ho1,2003,1,0.3841743012060959,0.9946236559139785,-0.03167879485735457,0.3517560053763441,2003-01-01,AMF,-3.714812614457403
US-Ho1,2003,2,0.45279126888759136,0.9955357142857143,-0.02633932609985294,0.4259457291666667,2003-02-01,AMF,-3.70873227309905
US-Ho1,2003,3,0.4012640814366063,0.9973118279569892,0.21765329107290893,0.6154417090053763,2003-03-01,AMF,-3.4639987833254366
US-Ho1,2003,4,-0.785735227704565,0.9993055555555556,1.7698988838127045,0.9842007902777777,2003-04-01,AMF,-1.9110123179847893
US-Ho1,2003,5,-2.434497233870968,1,5.539071735631721,3.1045751780913977,2003-05-01,AMF,1.8589014064350784
US-Ho1,2003,6,-1.8262359423611112,1,7.329422191180556,5.50318755625,2003-06-01,AMF,3.6499927345847656
US-Ho1,2003,7,-2.2050706451612903,1,7.969291555109543,5.764215487231183,2003-07-01,AMF,4.2906029711146045
US-Ho1,2003,8,-1.0589401989247311,1,7.537363240658602,6.4784209670698925,2003-08-01,AMF,3.859415529264515
US-Ho1,2003,9,0.28584894236111114,1,6.221126805,6.506972491666667,2003-09-01,AMF,2.5439199662067637
US-Ho1,2003,10,-0.4073604690860215,1,3.070698301075269,2.663336810483871,2003-10-01,AMF,-0.6057676651171154
US-Ho1,2003,11,0.5453525386007703,0.9972222222222222,0.9522877247304061,1.5030220486111112,2003-11-01,AMF,-2.7234373688611266
US-Ho1,2003,12,0.5955528957875381,0.9979838709677419,0.17816873574027992,0.775134058467742,2003-12-01,AMF,-3.496815485250402
US-Ho1,2004,1,0.3881550508133251,0.9979838709677419,-0.010597661241062817,0.3753750766129032,2004-01-01,AMF,-3.6848410096308926
US-Ho1,2004,2,0.3684292161497973,0.9992816091954023,0.011863589951045143,0.38009786709770116,2004-02-01,AMF,-3.661638885837933
US-Ho1,2004,3,0.46577481216194566,0.9973118279569892,0.43045802100316505,0.8969970443548387,2004-03-01,AMF,-3.2423035821849613
US-Ho1,2004,4,-1.4220497921401356,0.9972222222222222,3.0105372400881465,1.581948725,2004-04-01,AMF,-0.6614834904991286
US-Ho1,2004,5,-2.65471817438141,0.9993279569892473,5.18747350786757,2.5325053077956987,2004-05-01,AMF,1.5161936498811464
US-Ho1,2004,6,-2.1572182667361113,1,7.404024472916666,5.246805038194444,2004-06-01,AMF,3.7334854875310945
US-Ho1,2004,7,-1.7396281865591399,1,7.524548203174059,5.7849238051075265,2004-07-01,AMF,3.854750090389339
US-Ho1,2004,8,-1.0001945255376343,1,7.58617113313172,6.5859789623655915,2004-08-01,AMF,3.9171138929478513
US-Ho1,2004,9,-0.8443517381944444,1,6.148795040833333,5.304442777083334,2004-09-01,AMF,2.4804786732503157
US-Ho1,2004,10,-0.1821873252688172,1,3.7748118547379033,3.5926224838709677,2004-10-01,AMF,0.1072363597557375
US-Ho1,2004,11,0.1823747466934735,0.9965277777777778,1.2345031867925331,1.4123973027777779,2004-11-01,AMF,-2.4323314355887815
US-Ho1,2004,12,0.5813893398246534,0.9986559139784946,0.094758332771557,0.6760210739247312,2004-12-01,AMF,-3.5713354170089056
US-Ho1,2005,1,0.41029915690933894,0.9986559139784946,-0.0028527805931852553,0.40772260416666667,2005-01-01,AMF,-3.6682056577727966
US-Ho1,2005,2,0.498750598393392,0.9933035714285714,0.14137562883402308,0.6325240446428572,2005-02-01,AMF,-3.5232363757447365
US-Ho1,2005,3,0.38066172003642135,0.9966397849462365,0.2621281633846674,0.6403283064516129,2005-03-01,AMF,-3.4017429685932408
US-Ho1,2005,4,-1.3418999334584947,0.53125,2.739238715378106,1.8978260791666666,2005-04-01,AMF,-0.9238915439989505
US-Ho1,2005,5,-2.5625140534299646,0,5.668234528805733,2.7586122345430106,2005-05-01,AMF,2.0058451420295285
US-Ho1,2005,6,-1.8809499183425589,0,7.598851966279264,3.5842798743055555,2005-06-01,AMF,3.937203452103911
US-Ho1,2005,7,-2.219424800936929,0.7009408602150538,7.954803243286248,4.901300647849462,2005-07-01,AMF,4.293895601711746
US-Ho1,2005,8,-1.6093768279569893,1,7.39810672796371,5.788723732526882,2005-08-01,AMF,3.7379399589900597
US-Ho1,2005,9,-0.7503805270833334,1,6.314641518847222,5.56426011875,2005-09-01,AMF,2.655215622474423
US-Ho1,2005,10,-0.07882394825268817,0.9993279569892473,3.479805642729126,3.3924737130376346,2005-10-01,AMF,-0.17887938104282092
US-Ho1,2005,11,-0.018090769444444443,0.9972222222222222,1.226047853970372,1.1901524930555556,2005-11-01,AMF,-2.4318962972007236
US-Ho1,2005,12,0.4158253817824801,1,0.10070927227150538,0.519480310483871,2005-12-01,AMF,-3.5564940062987387
US-Ho1,2006,1,0.40648243655358623,0.9986559139784946,0.1499791842881313,0.54962511827957,2006-01-01,AMF,-3.506483221681261
US-Ho1,2006,2,0.2696996577253985,0.9955357142857143,0.06556569919207038,0.33984859523809524,2006-02-01,AMF,-3.5901558341764708
US-Ho1,2006,3,0.13803154435483872,0.9993279569892473,0.47506331948119074,0.6109532681451613,2006-03-01,AMF,-3.1799173412864987
US-Ho1,2006,4,-1.7743309147916666,1,3.2559825466944443,1.4816533006944443,2006-04-01,AMF,-0.3982572414723935
US-Ho1,2006,5,-1.983927565188172,1,5.49928363877621,3.515360639784946,2006-05-01,AMF,1.8457847232102238
US-Ho1,2006,6,-1.0817601000000001,1,7.401754229861111,6.319993036111111,2006-06-01,AMF,3.748996186895976
US-Ho1,2006,7,-1.4510737125672042,1,8.0669456875,6.615871911290323,2006-07-01,AMF,4.414928517135717
US-Ho1,2006,8,-1.789773870967742,1,7.793963114919355,6.004184146505376,2006-08-01,AMF,4.142686817155923
US-Ho1,2006,9,-0.6801870754861111,1,5.191946099513889,4.511757320138889,2006-09-01,AMF,1.5414106743513092
US-Ho1,2006,10,-0.33239098313172044,1,2.9476247980510752,2.6152354153225805,2006-10-01,AMF,-0.7021697545106533
US-Ho1,2006,11,0.45906816131944445,0.9993055555555556,1.1662611166078864,1.6207494673611111,2006-11-01,AMF,-2.4827925633529904
US-Ho1,2006,12,0.41884930433306383,0.9952956989247311,0.15084333341626036,0.5660645826612903,2006-12-01,AMF,-3.497469473943765
US-Ho1,2007,1,0.3270488127829331,0.9993279569892473,0.020586248348375382,0.3474082560483871,2007-01-01,AMF,-3.6269856864107983
US-Ho1,2007,2,0.2878174999215477,0.9992559523809523,-0.04530469737405128,0.24358034895833333,2007-02-01,AMF,-3.6921357595323734
US-Ho1,2007,3,0.3887093792665283,0.9946236559139785,0.14198129295430154,0.5283401276881721,2007-03-01,AMF,-3.5041088966031695
US-Ho1,2007,4,-0.7228157300694444,0.9993055555555556,1.8863245339693602,1.1669587472222223,2007-04-01,AMF,-1.759024782987259
US-Ho1,2007,5,-2.5448893225806453,0.9993279569892473,5.495960969258699,2.9439485409946236,2007-05-01,AMF,1.8513525249029317
US-Ho1,2007,6,-2.28751334375,1,7.8166761283333335,5.529160630555555,2007-06-01,AMF,4.172808556578417
US-Ho1,2007,7,-1.6361357211021506,1,8.213393515163979,6.577253040322581,2007-07-01,AMF,4.570266816009914
US-Ho1,2007,8,-1.3561922110215054,1,7.299405421102151,5.9432100403225805,2007-08-01,AMF,3.6570195945489377
US-Ho1,2007,9,-0.8472794916666666,1,5.3760425695138885,4.528762518055555,2007-09-01,AMF,1.7343976155615268
US-Ho1,2007,10,-0.0414804751344086,0.9979838709677419,3.4551135839322398,3.391264067876344,2007-10-01,AMF,-0.18579049741927012
US-Ho1,2007,11,0.29355393611111114,1,1.0601648100972223,1.3537185770833333,2007-11-01,AMF,-2.579998398653436
US-Ho1,2007,12,0.5781626665826612,0.9993279569892473,0.08168557656588393,0.6596827399193549,2007-12-01,AMF,-3.5577367595839227
US-Ho1,2008,1,0.6429597201803361,0.9966397849462365,0.028813841141822092,0.678629753360215,2008-01-01,AMF,-3.6098676224071333
US-Ho1,2008,2,0.4032946356104945,0.992816091954023,0.05105559005341565,0.4630481609195402,2008-02-01,AMF,-3.5868850008946884
US-Ho1,2008,3,0.6391503087371128,0.9966397849462365,-0.011325254999264026,0.6244145443548387,2008-03-01,AMF,-3.6485249733465164
US-Ho1,2008,4,-1.3388241790590008,0.9986111111111111,2.5121207484475776,1.1778357729166666,2008-04-01,AMF,-1.124338097298823
US-Ho1,2008,5,-2.792718024919355,0.9993279569892473,5.407960249982536,2.622388055107527,2008-05-01,AMF,1.772242276836987
US-Ho1,2008,6,-1.4387670152777778,1,6.76757899375,5.328815242361111,2008-06-01,AMF,3.1326018932053024
US-Ho1,2008,7,-2.2598987043010754,1,8.32550491701613,6.065597284946237,2008-07-01,AMF,4.691268689072284
US-Ho1,2008,8,-1.6145048991935484,1,7.493734508615591,5.879227872311828,2008-08-01,AMF,3.8602391532725964
US-Ho1,2008,9,-0.46512895277777777,1,5.400845118659722,4.935714670833334,2008-09-01,AMF,1.7680906359175794
US-Ho1,2008,10,-0.1420137305107527,0.9993279569892473,2.9032826173028807,2.755067499327957,2008-10-01,AMF,-0.7287309928384105
US-Ho1,2008,11,0.2555040265545846,0.9979166666666667,1.1954141858535212,1.4518669125,2008-11-01,AMF,-2.435858551686918
US-Ho1,2008,12,0.5415992460215043,0.9946236559139785,0.18169807381122519,0.7265627016129033,2008-12-01,AMF,-3.4488337911283633
US-Ho1,2009,1,0.3807264303091398,1,0.15733597664650537,0.5380613521505376,2009-01-01,AMF,-3.472455015692231
US-Ho1,2009,2,0.4970653963988336,1,0.2291662912998512,0.7304604583333333,2009-02-01,AMF,-3.399883828438034
US-Ho1,2009,3,0.5744291706989247,1,0.2596880500127688,0.8341172358870967,2009-03-01,AMF,-3.3686211971242646
US-Ho1,2009,4,-2.4796378819444445,1,3.5532266995833335,1.0735906083333333,2009-04-01,AMF,-0.07434167495284846
US-Ho1,2009,5,-4.25312281780914,1,5.454695316397849,1.2015793870967741,2009-05-01,AMF,1.8278678144625187
US-Ho1,2009,6,-2.4646351618055555,1,3.7578853745138887,1.293250620138889,2009-06-01,AMF,0.13179874517940984
US-Ho1,2009,7,-3.7809919751344085,1,5.127088934139785,1.346093301075269,2009-07-01,AMF,1.5017431774061574
US-Ho1,2009,8,-3.4444704725134407,1,4.827249119287634,1.3827836740591397,2009-08-01,AMF,1.2026442351548583
US-Ho1,2009,9,-3.2277543493055556,1,4.460645980555555,1.232898323611111,2009-09-01,AMF,0.8367819690236312
US-Ho1,2009,10,-0.5704237447916667,1,1.5970128757392472,1.026583936827957,2009-10-01,AMF,-2.0261102631918253
US-Ho1,2009,11,-0.7621165432569444,1,1.7467205702083333,0.9846050333333334,2009-11-01,AMF,-1.875661696121888
US-Ho1,2009,12,0.43383552137096776,1,0.2882934257123656,0.7221288884408602,2009-12-01,AMF,-3.3333479680170037
US-Ho1,2010,1,0.4797062606367162,0.9993279569892473,0.029850623574556194,0.5095114267473119,2010-01-01,AMF,-3.5910498975539618
US-Ho1,2010,2,0.3964689371279762,1,0.09559582983630953,0.4920651138392857,2010-02-01,AMF,-3.524563818691357
US-Ho1,2010,3,0.025634314417261723,0.9939516129032258,1.2302837575596492,1.257667128360215,2010-03-01,AMF,-2.3891350183671656
US-Ho1,2010,4,-1.762122301789798,0.9986111111111111,3.8702355077272794,2.1248393631944444,2010-04-01,AMF,0.251557604401316
US-Ho1,2010,5,-2.8478944489247313,1,6.493492092405914,3.645602137768817,2010-05-01,AMF,2.875555061680802
US-Ho1,2010,6,-1.9875605618055556,1,7.297850397222223,5.310289608333333,2010-06-01,AMF,3.680654239097962
US-Ho1,2010,7,-2.5297127372391834,0.9986559139784946,7.6735870002052105,5.130146307795699,2010-07-01,AMF,4.057131714681801
US-Ho1,2010,8,-1.2157144590053763,1,6.0995891296370965,4.8838717076612905,2010-08-01,AMF,2.483874716714539
US-Ho1,2010,9,0.15372194270833334,1,5.582661139131944,5.736381495833333,2010-09-01,AMF,1.9676875988102385
US-Ho1,2010,10,-0.2858102217741936,0.9979838709677419,3.28888204899138,2.997295768145161,2010-10-01,AMF,-0.32535061872947413
US-Ho1,2010,11,0.4206309099305556,0.9986111111111111,1.0644056399874071,1.483202538888889,2010-11-01,AMF,-2.5490861551325956
US-Ho1,2010,12,0.4741107532208537,0.9986559139784946,0.1613360567443925,0.6295216229838709,2010-12-01,AMF,-3.4514148657747583
US-Ho1,2011,1,0.4993247496403452,0.9973118279569892,-0.058744228479875434,0.43819082862903225,2011-01-01,AMF,-3.670754278398175
US-Ho1,2011,2,0.3924970201767813,0.9784226190476191,-0.06013081606354604,0.34709053348214286,2011-02-01,AMF,-3.671399993380994
US-Ho1,2011,3,0.3642394349974597,0.989247311827957,0.11242220671134288,0.4584908924731183,2011-03-01,AMF,-3.4981060980052536
US-Ho1,2011,4,-0.7856567681547268,0.9930555555555556,1.9538076691855013,1.1691621847222222,2011-04-01,AMF,-1.6559797629302435
US-Ho1,2011,5,-1.9182749159946237,0.9986559139784946,5.513373805009781,3.578965077956989,2011-05-01,AMF,1.9043272454948879
US-Ho1,2011,6,-2.172485979166667,1,7.870092245347222,5.697603110416667,2011-06-01,AMF,4.26178655843318
US-Ho1,2011,7,-1.019271251344086,1,8.719989816666667,7.700713327284946,2011-07-01,AMF,5.1124250023534765
US-Ho1,2011,8,-1.0242391001344087,1,8.016963312903226,6.992719592741936,2011-08-01,AMF,4.410139371190887
US-Ho1,2011,9,-0.8848045395833334,0.9979166666666667,5.804201037770107,4.934713603472222,2011-09-01,AMF,2.19811796865862
US-Ho1,2011,10,0.1697308057795699,1,2.8589487134946237,3.0286800389784947,2011-10-01,AMF,-0.7463934830160118
US-Ho1,2011,11,0.19390699770833333,0.9993055555555556,1.7354404391095597,1.92418129375,2011-11-01,AMF,-1.8691608848002241
US-Ho1,2011,12,0.5043614392659594,0.9973118279569892,0.3015912594673959,0.8162875961021505,2011-12-01,AMF,-3.3022691918415363
US-Ho1,2012,1,0.4465492896489815,0.9986559139784946,0.1328845422689704,0.5792072110215054,2012-01-01,AMF,-3.4702350364391106
US-Ho1,2012,2,0.4965938508420908,0.9992816091954023,0.07695850374568966,0.5764475373563218,2012-02-01,AMF,-3.5254202023615395
US-Ho1,2012,3,-0.01726473654146331,0.9966397849462365,1.0469610857014984,1.0401261713709677,2012-03-01,AMF,-2.5546767478048795
US-Ho1,2012,4,-2.5843607,1,4.042250678597222,1.4578921805555556,2012-04-01,AMF,0.44135371769169607
US-Ho1,2012,5,-2.425637721236559,1,5.979775594952957,3.5541419086021504,2012-05-01,AMF,2.3796195066482824
US-Ho1,2012,6,-1.92453174375,0.9993055555555556,8.553944690138012,6.640601369444444,2012-06-01,AMF,4.954529474434189
US-Ho1,2012,7,-2.289762157288156,0.9993279569892473,9.792648200384741,7.504088807123656,2012-07-01,AMF,6.19397385728177
US-Ho1,2012,8,-1.308546257392473,1,8.328888979865592,7.020334942876344,2012-08-01,AMF,4.730955509363472
US-Ho1,2012,9,-0.6311200805555556,0.9986111111111111,6.183302314894727,5.528710036805555,2012-09-01,AMF,2.5861097169934584
US-Ho1,2012,10,-0.1830137184139785,0.9993279569892473,3.4985303020624188,3.323181753360215,2012-10-01,AMF,-0.09792142323799807
US-Ho1,2012,11,0.29568410333333334,0.9986111111111111,1.0245661125947785,1.31149236875,2012-11-01,AMF,-2.5711447401047867
US-Ho1,2012,12,0.40871688553833524,0.9979838709677419,0.23367518940870022,0.6425635725806451,2012-12-01,AMF,-3.361294790690014
US-Ho1,2013,1,0.48134568650053366,0.9993279569892473,-0.0720776591515457,0.4093073360215054,2013-01-01,AMF,-3.6663067666494076
US-Ho1,2013,2,0.4003672241132641,0.9985119047619048,0.03589961298678291,0.4363112150297619,2013-02-01,AMF,-3.557588621910228
US-Ho1,2013,3,0.04110577815860215,1,0.6068470364180107,0.6479529711021506,2013-03-01,AMF,-2.985900325878148
US-Ho1,2013,4,-1.4524685553472223,1,2.7869897866666666,1.33451909375,2013-04-01,AMF,-0.8050167030286409
US-Ho1,2013,5,-2.2698018373655913,0.9986559139784946,5.357985503862349,3.07318063172043,2013-05-01,AMF,1.7667198867678933
US-Ho1,2013,6,-1.572585544533351,0.9993055555555556,7.620196027635461,6.049598924305555,2013-06-01,AMF,4.029671283141856
US-Ho1,2013,7,-1.431036677362181,0.9986559139784946,9.31494099842689,7.883943795698925,2013-07-01,AMF,5.725157126534137
US-Ho1,2013,8,-1.385462947580645,0.9993279569892473,8.592473897356118,7.19490172110215,2013-08-01,AMF,5.003430898064217
US-Ho1,2013,9,-1.3008510389583334,0.9986111111111111,5.869283343234461,4.567413070138889,2013-09-01,AMF,2.2809812165434105
US-Ho1,2013,10,-0.6347616108870967,0.9966397849462365,4.339541354234427,3.6867023467741937,2013-10-01,AMF,0.7519801001442291
US-Ho1,2013,11,0.1693920448003077,0.9993055555555556,1.065293639532267,1.2345074520833332,2013-11-01,AMF,-2.5215267419570804
US-Ho1,2013,12,0.4290941113424382,0.9993279569892473,0.1655282540735748,0.5947769401881721,2013-12-01,AMF,-3.4205512548149204
US-Ho1,2014,1,0.38906569049925627,0.9865591397849462,0.06657723113914826,0.46021626478494626,2014-01-01,AMF,-3.5187614051484952
US-Ho1,2014,2,0.4129937392810367,0.9985119047619048,0.010266362118552938,0.4213783005952381,2014-02-01,AMF,-3.574331401568239
US-Ho1,2014,3,0.4871765059811828,1,0.02957030862298387,0.5167463205645161,2014-03-01,AMF,-3.554286582462957
US-Ho1,2014,4,-1.0624810569056848,0.9993055555555556,2.259448241714499,1.1969633090277778,2014-04-01,AMF,-1.32366777677059
US-Ho1,2014,5,-2.5462056034946237,0.9986559139784946,5.780653615000683,3.2335473017473118,2014-05-01,AMF,2.198278469116446
US-Ho1,2014,6,-1.8173749108333332,0.9993055555555556,8.030925394872186,6.200139317361111,2014-06-01,AMF,4.449291121588801
US-Ho1,2014,7,-1.7288382069892474,1,8.73015075049059,7.00131298655914,2014-07-01,AMF,5.149257349808057
US-Ho1,2014,8,-2.0386284854166665,1,8.933213790053763,6.894586,2014-08-01,AMF,5.35306126197208
US-Ho1,2014,9,-0.9689772034722223,0.9993055555555556,6.462652617869035,5.482143803472222,2014-09-01,AMF,2.883240962388204
US-Ho1,2014,10,-0.23634516962365593,1,2.689912278360215,2.453563742607527,2014-10-01,AMF,-0.8887585045197646
US-Ho1,2014,11,0.2741214331111111,1,0.9575286174375,1.2316503048611112,2014-11-01,AMF,-2.620401292841628
US-Ho1,2014,12,0.46060020907258065,1,0.2732551142069892,0.7338555759408603,2014-12-01,AMF,-3.3039339234712872
US-Ho1,2015,1,0.40314638898521504,1,-0.049427712540322584,0.35371855510752687,2015-01-01,AMF,-3.625875877617747
US-Ho1,2015,2,0.40563037951636904,0.9985119047619048,0.041899816813173604,0.4458632700892857,2015-02-01,AMF,-3.5338074756634
US-Ho1,2015,3,0.5601571112231183,1,0.023227963555107527,0.5833858111559139,2015-03-01,AMF,-3.5517384563206145
US-Ho1,2015,4,-0.8335048422445783,0.9993055555555556,2.160770803637994,1.3270414215277777,2015-04-01,AMF,-1.4134547436368767
US-Ho1,2015,5,-2.2950691255376343,0.9979838709677419,5.944154473499628,3.6272957936827956,2015-05-01,AMF,2.3706697988256096
US-Ho1,2015,6,-2.309347872638889,0.9993055555555556,7.4508515935017705,5.152134105555556,2015-06-01,AMF,3.8781077914286035
US-Ho1,2015,7,-2.7372572609740318,0.9986559139784946,8.515077686022709,5.750609846774194,2015-07-01,AMF,4.943074756550392
US-Ho1,2015,8,-1.7998530050645003,0.9993279569892473,8.730147526585903,6.9308830625,2015-08-01,AMF,5.158885469714439
US-Ho1,2015,9,-0.7278804694444445,0.9993055555555556,7.0389095516139175,6.298419223611111,2015-09-01,AMF,3.468388367343305
US-Ho1,2015,10,-0.44216826586021507,0.9993279569892473,3.399677342961414,2.950627208333333,2015-10-01,AMF,-0.17010296870834693
US-Ho1,2015,11,0.07094507625745103,0.9972222222222222,1.5748106112259,1.6418026701388888,2015-11-01,AMF,-1.9942288278430094
US-Ho1,2015,12,0.3970045895859359,0.9979838709677419,0.42357306737009104,0.82713525,2015-12-01,AMF,-3.1447254990979667
US-Me2,2015,1,0.2529637096774194,1,1.7804637096774194,2.033595430107527,2015-01-01,AMF,-3.0230728830205336
US-Me2,2015,2,-0.3713374173280423,0.9933035714285714,3.002437496517097,2.6024181547619047,2015-02-01,AMF,-1.8053472333131684
US-Me2,2015,3,-1.5361290322580645,0.9966397849462365,5.082435203796616,3.535611559139785,2015-03-01,AMF,0.27040233683403814
US-Me2,2015,4,-2.8693263888888887,0.9986111111111111,7.060359247505203,4.190486111111111,2015-04-01,AMF,2.244078243410312
US-Me2,2015,5,-2.2446505376344086,1,9.12956317204301,6.8850739247311825,2015-05-01,AMF,4.309034030815806
US-Me2,2015,6,-1.1913125,0.9993055555555556,9.47375425327889,8.272340277777777,2015-06-01,AMF,4.648976974919374
US-Me2,2015,7,0.3207123655913978,1,9.222762096774193,9.543810483870967,2015-07-01,AMF,4.3937366812823635
US-Me2,2015,8,0.705739247311828,1,5.831263440860215,6.537002688172043,2015-08-01,AMF,0.9979898882360716
US-Me2,2015,9,-0.2182361111111111,1,5.046583333333333,4.828368055555556,2015-09-01,AMF,0.20906164357687715
US-Me2,2015,10,0.32838709677419353,0.9993279569892473,3.786933611440117,4.10929435483871,2015-10-01,AMF,-1.0548362154486521
US-Me2,2015,11,1.0086527777777778,0.9993055555555556,2.267148569023569,3.2709236111111113,2015-11-01,AMF,-2.578869394997514
US-Me2,2015,12,1.6751120118257214,0.9973118279569892,1.3652972908386976,3.032399193548387,2015-12-01,AMF,-3.484968810314698
US-Me2,2016,1,0.17553837263766697,0,1.2515537286660658,4.811787634408602,2016-01-01,AMF,-3.602960509619643
US-Me2,2016,2,-0.2743546385368524,0,1.583594584417035,6.50375,2016-02-01,AMF,-3.2751677910009867
US-Me2,2016,3,-1.2106443220850982,0,2.8802551353050023,5.983581989247312,2016-03-01,AMF,-1.9827553772453321
US-Me2,2016,4,-2.3279830729166666,0,4.766123835545009,9.143354166666667,2016-04-01,AMF,-0.1011348141376388
US-Me2,2016,5,-2.922737315188172,0,7.06056724968329,9.800080645161291,2016-05-01,AMF,2.1890604628683294
US-Me2,2016,6,-2.6147005208333334,0,8.68616046873711,11.847930555555555,2016-06-01,AMF,3.810405544789837
US-Me2,2016,7,-0.5948076276881721,0,8.505721326164874,13.072668010752688,2016-07-01,AMF,3.625718265085287
US-Me2,2016,8,-0.3979935315860215,0,6.441058243727599,14.092076612903226,2016-08-01,AMF,1.5568070455156995
US-Me2,2016,9,-0.4802951388888889,0,4.60242279138827,10.05338888888889,2016-09-01,AMF,-0.28607654395594223
US-Me2,2016,10,-0.6708005712365591,0,3.6050556544721415,6.522930107526881,2016-10-01,AMF,-1.287691818004384
US-Me2,2016,11,-0.039435763888888906,0,2.1443011603815676,5.745055555555555,2016-11-01,AMF,-2.7526944492272714
US-Me2,2016,12,0.3555434441438185,0,1.1083079446555042,2.537822580645161,2016-12-01,AMF,-3.792935802085648
US-Me2,2017,1,0.17553837263766697,0,1.2515537286660658,2.500409946236559,2017-01-01,AMF,-3.653938155207399
US-Me2,2017,2,-0.2743546385368524,0,1.583594584417035,3.1713690476190477,2017-02-01,AMF,-3.326145436588743
US-Me2,2017,3,-1.2106443220850982,0,2.8802551353050023,4.22247311827957,2017-03-01,AMF,-2.033733022833088
US-Me2,2017,4,-2.3279830729166666,0,4.766123835545009,4.176520833333333,2017-04-01,AMF,-0.15211245972539494
US-Me2,2017,5,-2.922737315188172,0,7.06056724968329,7.318642473118279,2017-05-01,AMF,2.138082817280573
US-Me2,2017,6,-2.6147005208333334,0,8.68616046873711,8.7563125,2017-06-01,AMF,3.759427899202081
US-Me2,2017,7,-0.5948076276881721,0,8.505721326164874,10.153185483870967,2017-07-01,AMF,3.5747406194975313
US-Me2,2017,8,-0.3979935315860215,0,6.441058243727599,10.245537634408603,2017-08-01,AMF,1.5058293999279433
US-Me2,2017,9,-0.4802951388888889,0,4.60242279138827,7.266756944444444,2017-09-01,AMF,-0.3370541895436985
US-Me2,2017,10,-0.6708005712365591,0,3.6050556544721415,4.29356182795699,2017-10-01,AMF,-1.3386694635921403
US-Me2,2017,11,-0.039435763888888906,0,2.1443011603815676,2.8686319444444446,2017-11-01,AMF,-2.803672094815027
US-Me2,2017,12,0.3555434441438185,0,1.1083079446555042,2.0733131720430107,2017-12-01,AMF,-3.843913447673404
US-Me2,2018,1,0.9614903062886934,0.9885752688172043,1.159255980420845,2.1148185483870967,2018-01-01,AMF,-3.7972135490403764
US-Me2,2018,2,0.4236264163602833,0.9918154761904762,1.7217142611467338,2.113735119047619,2018-02-01,AMF,-3.2390034054468
US-Me2,2018,3,-0.16446908602150537,1,2.178239247311828,2.013763440860215,2018-03-01,AMF,-2.786726556414019
US-Me2,2018,4,-1.9930069444444445,1,5.162319444444444,3.1693402777777777,2018-04-01,AMF,0.19310550358628417
US-Me2,2018,5,-2.1099462365591397,1,8.85850806451613,6.748346774193548,2018-05-01,AMF,3.885045986525657
US-Me2,2018,6,-1.8031041666666667,1,9.874958333333334,8.071972222222222,2018-06-01,AMF,4.897248118210548
US-Me2,2018,7,0.2785954301075269,1,7.7599193548387095,8.038783602150538,2018-07-01,AMF,2.7779610025836106
US-Me2,2018,8,0.3697043010752688,1,4.587923387096774,4.957661290322581,2018-08-01,AMF,-0.3982831022906377
US-Me2,2018,9,-0.44740277777777776,1,2.959673611111111,2.5121041666666666,2018-09-01,AMF,-2.0307810154086137
US-Me2,2018,10,-0.054522849462365595,1,2.564899193548387,2.510309139784946,2018-10-01,AMF,-2.429803570103651
US-Me2,2018,11,0.4331111111111111,0.9993055555555556,1.6902821322196322,2.118875,2018-11-01,AMF,-3.308668768564719
US-Me2,2018,12,0.21909274193548386,1,1.2596841397849463,1.4783467741935483,2018-12-01,AMF,-3.743514898131718
US-Me2,2019,1,0.6161491935483872,1,1.080255376344086,1.6961895161290323,2019-01-01,AMF,-3.927191798704891
US-Me2,2019,2,0.8252901785714286,0.9992559523809523,0.9097767679988662,1.7376488095238096,2019-02-01,AMF,-4.101918544182424
US-Me2,2019,3,0.32311155913978495,1,1.9327956989247312,2.256048387096774,2019-03-01,AMF,-3.083147750388872
US-Me2,2019,4,-1.023076388888889,1,4.581284722222223,3.5582291666666666,2019-04-01,AMF,-0.4389068642236935
US-Me2,2019,5,-1.868010752688172,1,7.393897849462365,5.525772849462365,2019-05-01,AMF,2.3694581258841363
US-Me2,2019,6,-2.0143194444444443,1,10.462819444444444,8.448569444444445,2019-06-01,AMF,5.434131583733902
US-Me2,2019,7,-1.0701478494623655,1,11.470154569892474,10.400194892473118,2019-07-01,AMF,6.437218572049619
US-Me2,2019,8,0.4579032258064516,1,9.024751344086022,9.482735215053763,2019-08-01,AMF,3.987567209110854
US-Me2,2019,9,1.0875208333333333,1,6.666159722222222,7.753861111111111,2019-09-01,AMF,1.6247274501147408
US-Me2,2019,10,0.5550201612903226,1,4.497016129032258,5.051948924731183,2019-10-01,AMF,-0.548664280207536
US-Me2,2019,11,0.2589930555555556,1,2.7951319444444445,3.0544861111111112,2019-11-01,AMF,-2.2547966019276626
US-Me2,2019,12,0.5537413414990009,0.5651881720430108,1.3627157651934376,2.474811827956989,2019-12-01,AMF,-3.6914609183109826
US-MMS,2015,1,0.8843907439516129,0,-0.0664161576127683,0.8472728530913979,2015-01-01,AMF,-4.491073825948301
US-MMS,2015,2,0.7273927104327542,0,-0.11224436341683901,0.8854118958702065,2015-02-01,AMF,-4.534703062140437
US-MMS,2015,3,1.390156059139785,0.6599462365591398,-0.23407280189559918,1.3207959550587847,2015-03-01,AMF,-4.654332531007261
US-MMS,2015,4,2.360709273611111,1,0.33846937620833334,2.699182638888889,2015-04-01,AMF,-4.079591383291395
US-MMS,2015,5,-2.1762448655913977,1,7.424707351881721,5.2484754032258065,2015-05-01,AMF,3.0088455619939283
US-MMS,2015,6,-4.7753785847222225,1,9.784006261944445,5.0086168055555556,2015-06-01,AMF,5.370343441668587
US-MMS,2015,7,-4.364109715053764,1,11.200236326612902,6.836136693548387,2015-07-01,AMF,6.7887724759489805
US-MMS,2015,8,-4.041894295698925,1,9.009828004569892,4.96792620967742,2015-08-01,AMF,4.6005631235179045
US-MMS,2015,9,-2.5552039958333332,1,7.1069392916666665,4.551735416666666,2015-09-01,AMF,2.6998733802266144
US-MMS,2015,10,0.11305495430107527,1,2.1955542480241936,2.308609677419355,2015-10-01,AMF,-2.2093126938039234
US-MMS,2015,11,2.138799113888889,1,-0.38889070693055555,1.7499076388888888,2015-11-01,AMF,-4.791558679146737
US-MMS,2015,12,1.7541000225428285,0.9986559139784946,-0.2783414010578723,1.4767111693548387,2015-12-01,AMF,-4.678810403662119
US-MOz,2005,1,0.6705159818548387,0.6969086021505376,-0.017840468984381862,0.5959422960548677,2005-01-01,AMF,-3.6002922185000585
US-MOz,2005,2,0.7592461197916667,1,0.1733750337403274,0.9326209151785714,2005-02-01,AMF,-3.4080576991257754
US-MOz,2005,3,0.4106560315860215,1,1.1155273561827956,1.5261839717741936,2005-03-01,AMF,-2.4648863600337174
US-MOz,2005,4,0.3473447333333333,1,2.7994862991666665,3.1468269444444443,2005-04-01,AMF,-0.7799084004002572
US-MOz,2005,5,-4.183817629032258,1,9.80745770920699,5.623641465053764,2005-05-01,AMF,6.229082026289655
US-MOz,2005,6,-5.105442760416667,1,11.917385631020833,6.811938125,2005-06-01,AMF,8.340028964753088
US-MOz,2005,7,-2.4748283588709676,1,6.07719536969086,3.602364247311828,2005-07-01,AMF,2.5008577200727036
US-MOz,2005,8,-0.6479881176075268,1,4.186329574731182,3.5383331317204303,2005-08-01,AMF,0.6110109417626155
US-MOz,2005,9,-1.85182794125,1,7.706721922916667,5.8548875,2005-09-01,AMF,4.132422306597689
US-MOz,2005,10,-0.843764311827957,1,3.868407842204301,3.024634879032258,2005-10-01,AMF,0.2951272425349125
US-MOz,2005,11,1.1567782534722222,1,0.6142683385972222,1.7710473330439993,2005-11-01,AMF,-2.9579932444225765
US-MOz,2005,12,0.7622675456989247,1,0.08657064190860216,0.8488376344086022,2005-12-01,AMF,-3.4846719244616082
US-MOz,2006,1,0.8832106948924732,1,0.3750659858467742,1.258277251344086,2006-01-01,AMF,-3.1951575638738463
US-MOz,2006,2,0.7347795699404762,1,0.21106329659970238,0.9458431026785714,2006-02-01,AMF,-3.3581412364713294
US-MOz,2006,3,0.9396109482526882,1,0.21295632920026883,1.152566552419355,2006-03-01,AMF,-3.355229187221174
US-MOz,2006,4,0.8403721958333333,1,2.604343172013889,3.4447214583333334,2006-04-01,AMF,-0.9628233277579644
US-MOz,2006,5,-4.088914004032258,1,7.8427612684811825,3.7538458333333335,2006-05-01,AMF,4.276613785358919
US-MOz,2006,6,-4.504363688888889,1,10.215460853402778,5.711098541666667,2006-06-01,AMF,6.650332386930104
US-MOz,2006,7,-2.2047394014784945,1,5.223836187768817,3.0190871639784946,2006-07-01,AMF,1.6597267379457312
US-MOz,2006,8,-0.49448704233870966,1,5.363048010349463,4.8685575268817205,2006-08-01,AMF,1.799957577175966
US-MOz,2006,9,-1.8753858152777778,1,6.115617665888889,4.240236180555556,2006-09-01,AMF,2.553546249364982
US-MOz,2006,10,0.3415556989919355,1,1.116618220295699,1.4581749663978494,2006-10-01,AMF,-2.4444341795786197
US-MOz,2006,11,1.055674695138889,1,0.5309005416805556,1.5865750277777777,2006-11-01,AMF,-3.0291328415441736
US-MOz,2006,12,0.7045223521505376,1,0.07549531671370967,0.7800174200268817,2006-12-01,AMF,-3.48351904986143
US-MOz,2007,1,0.6089062795698925,1,0.019627373237903225,0.6285333501344086,2007-01-01,AMF,-3.5383679766876472
US-MOz,2007,2,0.4325237215029762,1,0.03502427698660714,0.4675481681547619,2007-02-01,AMF,-3.5219520562893543
US-MOz,2007,3,1.1880743657258064,1,0.33100829872311827,1.519079744623656,2007-03-01,AMF,-3.2249490179032536
US-MOz,2007,4,1.4021686010416667,1,0.39889807805555555,1.801066888888889,2007-04-01,AMF,-3.156040221921227
US-MOz,2007,5,-2.3968292325268816,1,6.560732987634409,4.163907392473118,2007-05-01,AMF,3.0068137043072145
US-MOz,2007,6,-4.780386545833333,1,11.734705486944444,6.954318194444444,2007-06-01,AMF,8.18180522026684
US-MOz,2007,7,-4.045015871303764,1,12.318210004704301,8.273198521505376,2007-07-01,AMF,8.766328754676286
US-MOz,2007,8,-0.26744434758064517,1,4.145197038931451,3.8777532258064515,2007-08-01,AMF,0.594334805553025
US-MOz,2007,9,0.3069292986111111,1,2.4058136443055558,2.7127425138888888,2007-09-01,AMF,-1.1440295724232814
US-MOz,2007,10,-0.10212759838709677,1,2.667532866250672,2.5654067674731182,2007-10-01,AMF,-0.8812913338285758
US-MOz,2007,11,0.8654529743055556,1,0.6217851953472222,1.4872380277777777,2007-11-01,AMF,-2.9260199880824365
US-MOz,2007,12,0.8149651975806451,1,0.09775126534274194,0.9127172379032258,2007-12-01,AMF,-3.4490349014373276
US-MOz,2008,1,0.6141719254032258,1,-0.022883931014784947,0.5912884301075269,2008-01-01,AMF,-3.5686510811452656
US-MOz,2008,2,0.3908417155172414,1,-0.031806395543103445,0.35903566522988506,2008-02-01,AMF,-3.576554529023995
US-MOz,2008,3,0.8540569798387097,1,0.19868101471774194,1.0527382728494623,2008-03-01,AMF,-3.3450481021135605
US-MOz,2008,4,1.1446874459722223,1,0.7789309298263889,1.9236195625,2008-04-01,AMF,-2.763779170355324
US-MOz,2008,5,-1.2367898286290322,1,5.428612563776881,4.1918241935483875,2008-05-01,AMF,1.8869214802447576
US-MOz,2008,6,-4.150945618055555,1,9.981321122986111,5.830361944444444,2008-06-01,AMF,6.4406490561035765
US-MOz,2008,7,-3.9211153454301075,1,11.274142903024194,7.353020833333333,2008-07-01,AMF,7.734489852791248
US-MOz,2008,8,-2.748608289986559,1,10.159703373252688,7.41111061827957,2008-08-01,AMF,6.621069339669331
US-MOz,2008,9,-1.942999254861111,1,6.328219383076389,4.385216875,2008-09-01,AMF,2.790604366142622
US-MOz,2008,10,0.054253109543010755,1,2.5488545590725806,2.6031094758064515,2008-10-01,AMF,-0.9877414412115971
US-MOz,2008,11,1.1789660270833333,1,0.5841662747263889,1.7631327777777779,2008-11-01,AMF,-2.9514107089082
US-MOz,2008,12,0.7961091028225806,1,0.024777158555107526,0.8208854301075269,2008-12-01,AMF,-3.509780808429892
US-MOz,2009,1,0.442789252016129,1,0.020878184922043012,0.4636672063172043,2009-01-01,AMF,-3.512660765413367
US-MOz,2009,2,0.6460023048363095,1,0.2654397162425595,0.9114409449404762,2009-02-01,AMF,-3.2670802174432616
US-MOz,2009,3,0.9959324045698925,1,0.5854325277956989,1.5813653897849462,2009-03-01,AMF,-2.9460683892405326
US-MOz,2009,4,1.4571040076388888,0.9993055555555556,1.4510418709761497,2.9184559375,2009-04-01,AMF,-2.0794400294104927
US-MOz,2009,5,-2.4486954092741935,1,7.707779085114248,5.259092943548387,2009-05-01,AMF,4.178316201377194
US-MOz,2009,6,-4.606926679791667,1,11.33684020763889,6.729916944444445,2009-06-01,AMF,7.8083963405514245
US-MOz,2009,7,-4.107996377688172,1,10.445375668010753,6.337385080645161,2009-07-01,AMF,6.917950817572877
US-MOz,2009,8,-3.413399446908602,1,8.550426147849462,5.1370247311827955,2009-08-01,AMF,5.024020314061176
US-MOz,2009,9,-1.6253458858333334,1,7.500457977354166,5.875116388888889,2009-09-01,AMF,3.97507116021547
US-MOz,2009,10,0.22675064677419354,1,1.932022838575269,2.1587728225806453,2009-10-01,AMF,-1.5923449619138386
US-MOz,2009,11,1.178411882638889,1,0.4533936857361111,1.6318064236111112,2009-11-01,AMF,-3.0699550981034074
US-MOz,2009,12,0.5950152560483871,1,0.06553183497983871,0.6605470094086021,2009-12-01,AMF,-3.4567979322100904
US-MOz,2010,1,0.6222951518817205,1,-0.10107134969758065,0.5212244758064516,2010-01-01,AMF,-3.622382100237921
US-MOz,2010,2,0.4911365892857143,1,0.007287026323660714,0.4984236011904762,2010-02-01,AMF,-3.51300470756709
US-MOz,2010,3,0.8753104119623656,1,0.4512687765188172,1.32657998655914,2010-03-01,AMF,-3.0680039407223445
US-MOz,2010,4,0.7540114336805556,0.9993055555555556,2.3525551801026494,3.0940189583333333,2010-04-01,AMF,-1.165698520488923
US-MOz,2010,5,-3.7355942052018136,0.9979838709677419,9.722717569507637,6.054344086021505,2010-05-01,AMF,6.205482885565654
US-MOz,2010,6,-3.94821795625,1,10.326574230555556,6.378358125,2010-06-01,AMF,6.810358563263161
US-MOz,2010,7,-3.2873877469086024,1,8.947791576478494,5.660391599462366,2010-07-01,AMF,5.432594925835689
US-MOz,2010,8,-2.3289184598790325,1,6.045500364247312,3.716580826612903,2010-08-01,AMF,2.5313227302540966
US-MOz,2010,9,-1.3041135895833333,0.9993055555555556,6.218364801231256,4.900216041666667,2010-09-01,AMF,2.705206183887629
US-MOz,2010,10,0.23373498543154522,0.9986559139784946,2.1635126011763095,2.386314818548387,2010-10-01,AMF,-1.3486269995177276
US-MOz,2010,11,0.8380555020833333,1,0.28210268527777776,1.120158701388889,2010-11-01,AMF,-3.22901789876667
US-MOz,2010,12,0.6454146807795699,1,0.10300543315860215,0.7484197446236559,2010-12-01,AMF,-3.407096134236257
US-MOz,2011,1,0.46438839784946234,1,0.015863628340053764,0.48025209677419356,2011-01-01,AMF,-3.493218922405216
US-MOz,2011,2,0.6504731383928571,1,0.0684786369047619,0.7189519866071429,2011-02-01,AMF,-3.439584897190918
US-MOz,2011,3,0.3225525510080645,1,0.27037814512096775,0.5929302217741935,2011-03-01,AMF,-3.236666372325123
US-MOz,2011,4,1.5224616993055555,1,-0.6075355936111111,0.9149265208333334,2011-04-01,AMF,-4.113561094407613
US-MOz,2011,5,-2.1019013786962364,1,3.3053023346774193,1.2034002755376345,2011-05-01,AMF,-0.19970414946949355
US-MOz,2011,6,-4.605815525694444,1,6.310338571736111,1.7045269444444444,2011-06-01,AMF,2.8063511042387868
US-MOz,2011,7,-3.3097419347446237,1,5.416336313844086,2.1066075940860216,2011-07-01,AMF,1.9133678629963515
US-MOz,2011,8,-2.2688307788978497,1,4.415491719153226,2.1466571236559138,2011-08-01,AMF,0.9135422849550809
US-MOz,2011,9,-1.9324654791666667,1,3.7725771925555556,1.8401131944444444,2011-09-01,AMF,0.2716467750069995
US-MOz,2011,10,0.3990721784946237,1,1.3768519215053763,1.7759223387096774,2011-10-01,AMF,-2.12305947939359
US-MOz,2011,11,1.0444550645833333,1,0.4286242074791667,1.4730786944444445,2011-11-01,AMF,-3.0702681767702114
US-MOz,2011,12,0.7094421532258065,1,0.48070417305107527,1.1901465524193549,2011-12-01,AMF,-3.017169194548713
US-MOz,2012,1,0.633201059139785,1,0.08713937179435484,0.7203410954301075,2012-01-01,AMF,-3.4097149791558445
US-MOz,2012,2,0.6383239001436781,1,0.11673266823275862,0.7550571264367816,2012-02-01,AMF,-3.379102666067851
US-MOz,2012,3,1.3982832734633286,0.9979838709677419,0.9945051370379119,2.406399240591398,2012-03-01,AMF,-2.5003111806131093
US-MOz,2012,4,-0.8588689854166667,1,4.725692668611111,3.8668235416666668,2012-04-01,AMF,1.231895367609679
US-MOz,2012,5,-4.768395817876344,1,9.570052279502688,4.801655510752688,2012-05-01,AMF,6.077273995150845
US-MOz,2012,6,-3.3517979569444445,1,6.87858274875,3.5267864583333335,2012-06-01,AMF,3.386823481047747
US-MOz,2012,7,0.2340925057795699,1,2.9578684902553762,3.191956384408602,2012-07-01,AMF,-0.5328717607972879
US-MOz,2012,8,0.7240748366263441,1,1.3659264290994624,2.09000127688172,2012-08-01,AMF,-2.1237948053036124
US-MOz,2012,9,-0.43672841875,1,3.5595979019444446,3.122877638888889,2012-09-01,AMF,0.07089568419095882
US-MOz,2012,10,0.3632456068548387,1,1.59006682140457,1.9533088440860216,2012-10-01,AMF,-1.8976163796993268
US-MOz,2012,11,0.8869183106944445,1,0.2542391679236111,1.1411580694444445,2012-11-01,AMF,-3.232425016530696
US-MOz,2012,12,0.6980860188172043,1,0.10154030690188172,0.7996270967741935,2012-12-01,AMF,-3.384104860902837
US-MOz,2013,1,0.6470151048387097,1,-0.01888900807795699,0.6281260752688173,2013-01-01,AMF,-3.5035151592330864
US-MOz,2013,2,0.5212222840029762,1,0.15373439844494047,0.6749571205357143,2013-02-01,AMF,-3.329872736060599
US-MOz,2013,3,0.5556954805107527,1,0.284415628077957,0.8401106317204301,2013-03-01,AMF,-3.1981724897779937
US-MOz,2013,4,1.1019983493055556,1,0.9170554673611111,2.019053638888889,2013-04-01,AMF,-2.5645136338452508
US-MOz,2013,5,-1.3397967715053765,1,6.319776609695564,4.9799815860215055,2013-05-01,AMF,2.839226525138792
US-MOz,2013,6,-4.928621375,1,10.111704541909722,5.183087847222223,2013-06-01,AMF,6.632173474002538
US-MOz,2013,7,-4.01615161155914,1,8.947443182123656,4.931289650537634,2013-07-01,AMF,5.468931130866062
US-MOz,2013,8,-2.3894699294354838,1,8.013134110147849,5.623669422043011,2013-08-01,AMF,4.535641075539845
US-MOz,2013,9,-1.7053760474305555,1,4.921351614513889,3.2159713194444444,2013-09-01,AMF,1.4448775965554737
US-MOz,2013,10,-0.7496830756720431,1,2.9247386706317204,2.17505439516129,2013-10-01,AMF,-0.5507163306771059
US-MOz,2013,11,0.8975066513888889,1,0.3269338111319444,1.2244386319444445,2013-11-01,AMF,-3.1475021735272932
US-MOz,2013,12,0.4899433368951613,1,-2.8190557392473184e-4,0.4896620954301075,2013-12-01,AMF,-3.473698873583573
US-MOz,2014,1,0.36692708575721317,1,0.07778976629704301,0.44898212903225804,2014-01-01,AMF,-3.3946081850630163
US-MOz,2014,2,0.3818087932335608,0.9992559523809523,0.060539637196893085,0.44236325,2014-02-01,AMF,-3.4108392975135766
US-MOz,2014,3,0.3178265813172043,1,0.5982279873185484,0.9160535450268817,2014-03-01,AMF,-2.8721319307423316
US-MOz,2014,4,1.0364994936805556,1,1.1298608354027777,2.1663618819444443,2014-04-01,AMF,-2.3394800660085133
US-MOz,2014,5,-1.6779905139540872,0.9993279569892473,6.006960029486974,4.3277141666666665,2014-05-01,AMF,2.5386381447252724
US-MOz,2014,6,-3.437273419861111,1,9.10219427125,5.664921944444444,2014-06-01,AMF,5.634891403137886
US-MOz,2014,7,-4.088403735215054,1,8.96139768219086,4.8729969086021505,2014-07-01,AMF,5.495113830728337
US-MOz,2014,8,-1.4376169744255871,0.9993279569892473,6.680873638137438,5.244584677419355,2014-08-01,AMF,3.2156088033245034
US-MOz,2014,9,-1.6712440590277777,1,4.747059768159723,3.075822451388889,2014-09-01,AMF,1.2828139499963773
US-MOz,2014,10,0.5612492600134409,1,1.8473639807795699,2.408614314516129,2014-10-01,AMF,-1.615862820734186
US-MOz,2014,11,0.7291206236111111,1,0.18131298881944444,0.9104326458333334,2014-11-01,AMF,-3.2808947960447226
US-MOz,2014,12,0.5619493361565374,1,0.24023135314516128,0.7865941465053763,2014-12-01,AMF,-3.2209574150694165
US-MOz,2015,1,0.377963688172043,1,0.05688787054233871,0.43485155779569895,2015-01-01,AMF,-3.40328188102265
US-MOz,2015,2,0.3165748519345238,1,0.02896475395238095,0.3455395230654762,2015-02-01,AMF,-3.430185980963018
US-MOz,2015,3,0.48886221572580646,1,0.49084571338642474,0.9797078897849463,2015-03-01,AMF,-2.9672860048793854
US-MOz,2015,4,1.238477790486111,1,1.5715389105,2.8100180555555556,2015-04-01,AMF,-1.8855737911162211
US-MOz,2015,5,-2.461994475142767,0.9993279569892473,7.221064227831107,4.7588986559139785,2015-05-01,AMF,3.764970542864475
US-MOz,2015,6,-2.820715151875,1,8.401046703403471,5.5803119444444444,2015-06-01,AMF,4.945972035086429
US-MOz,2015,7,-3.2420243595430107,1,8.419072998091398,5.177051814516129,2015-07-01,AMF,4.965017346423944
US-MOz,2015,8,-1.8397152815860216,1,6.52684828266129,4.687134543010752,2015-08-01,AMF,3.073811647643426
US-MOz,2015,9,-1.2663880402777778,1,4.804032552152778,3.5376496527777777,2015-09-01,AMF,1.352014933784503
US-MOz,2015,10,0.16134152258064516,1,1.837691779455645,1.9990351008064515,2015-10-01,AMF,-1.6133068222630407
US-MOz,2015,11,1.235348107247477,0.9986111111111111,0.14822094624496582,1.3839898333333334,2015-11-01,AMF,-3.301758638824131
US-MOz,2015,12,0.8522436989247312,1,0.09019278977419355,0.9424361424731182,2015-12-01,AMF,-3.358767778645314
US-MOz,2016,1,0.35289596723641947,0.9966397849462365,0.2911059462392982,0.6311559932795698,2016-01-01,AMF,-3.1568356055306195
US-MOz,2016,2,0.3715570239265503,0.9870689655172413,0.5633389621388419,0.8840977801724138,2016-02-01,AMF,-2.883583572981487
US-MOz,2016,3,0.4360991125,1,1.2124020264583333,1.648500994623656,2016-03-01,AMF,-2.2335014920124068
US-MOz,2016,4,0.7509694111111112,1,2.4031948372222223,3.1541620902777776,2016-04-01,AMF,-1.0416896645989284
US-MOz,2016,5,-4.188981295698925,1,9.346370598252689,5.157385685483871,2016-05-01,AMF,5.902505113081127
US-MOz,2016,6,-4.474069272222223,1,10.906468634222222,6.432397847222222,2016-06-01,AMF,7.46362216570025
US-MOz,2016,7,-3.62660338172043,1,9.897461849663978,6.270857594086022,2016-07-01,AMF,6.455634397791594
US-MOz,2016,8,-1.7286777036290322,1,8.195432951814515,6.4667545698924735,2016-08-01,AMF,4.754624516591721
US-MOz,2016,9,-1.0692787103472223,1,5.295577997326389,4.226312430555556,2016-09-01,AMF,1.8557885787531843
US-MOz,2016,10,0.013434520833333342,1,3.1283910702284947,3.1418243951612905,2016-10-01,AMF,-0.31037933169512083
US-MOz,2016,11,1.168041314082572,0.9965277777777778,0.675388757107041,1.8393632569444445,2016-11-01,AMF,-2.7623626281669855
US-MOz,2016,12,0.5096477842168088,1,0.23414483501344086,0.7402915033602151,2016-12-01,AMF,-3.2025875336109966
US-Slt,2005,1,1.1131856148410586,0.9993279569892473,0.2699288242378858,1.3834169838709678,2005-01-01,AMF,-2.4809890267289396
US-Slt,2005,2,1.099788865625,1,0.1697654266592262,1.269555021577381,2005-02-01,AMF,-2.594334362430804
US-Slt,2005,3,1.2022453004769549,0.9986559139784946,0.29838181080578824,1.4960990268817205,2005-03-01,AMF,-2.478899916407446
US-Slt,2005,4,1.4746618622222223,0.9979166666666667,0.7151410311196651,2.19558065,2005-04-01,AMF,-2.075322634216776
US-Slt,2005,5,-0.3496567137096774,0.9993279569892473,3.477410621696332,3.137570117607527,2005-05-01,AMF,0.673765018236685
US-Slt,2005,6,-5.188579809473708,0.9993055555555556,9.996268069383826,4.8071417527777776,2005-06-01,AMF,7.179440527800972
US-Slt,2005,7,-3.9332346034946237,1,10.700315128776882,6.767087440188172,2005-07-01,AMF,7.870305649070824
US-Slt,2005,8,-2.7069976754032257,0.9993279569892473,7.9168190043438775,5.22543972311828,2005-08-01,AMF,5.073627586514611
US-Slt,2005,9,-1.5279814652777777,0.9993055555555556,5.719984865201133,4.180671015972222,2005-09-01,AMF,2.8636115092486616
US-Slt,2005,10,-0.11425999213709677,1,3.0702981012768817,2.9560360987903227,2005-10-01,AMF,0.2007428072012039
US-Slt,2005,11,1.698428512510916,1,0.6192478825,2.30016704375,2005-11-01,AMF,-2.263489349698884
US-Slt,2005,12,1.1350192929041827,0.9993279569892473,0.22543805733309843,1.3602140947580645,2005-12-01,AMF,-2.6704811129889916
US-Slt,2006,1,1.1408792422725929,0.9979838709677419,0.3607885462595913,1.5078024321236558,2006-01-01,AMF,-2.548312562185705
US-Slt,2006,2,1.2841222936287282,0.9977678571428571,0.09278587977840091,1.3773121026785715,2006-02-01,AMF,-2.829497166790101
US-Slt,2006,3,1.223889821908602,1,0.3815078977688172,1.605397622311828,2006-03-01,AMF,-2.5539570869228916
US-Slt,2006,4,1.2742531879861112,0.9979166666666667,0.925318563525014,2.2087407666666667,2006-04-01,AMF,-2.0233283592899007
US-Slt,2006,5,-1.5138538100806451,1,5.484852515739247,3.9710005745967742,2006-05-01,AMF,2.523023654801126
US-Slt,2006,6,-3.3335744930555555,1,10.243030881875,6.9094525625,2006-06-01,AMF,7.268020082813674
US-Slt,2006,7,-3.4488781362231182,1,11.486389773333332,8.03750978763441,2006-07-01,AMF,8.498197036148799
US-Slt,2006,8,-2.3675408904569895,1,6.739349575228495,4.371799807795699,2006-08-01,AMF,3.737974899920755
US-Slt,2006,9,-0.67285016875,1,4.758328402847222,4.085482513194444,2006-09-01,AMF,1.743771789416276
US-Slt,2006,10,0.1489016621639785,1,2.3134137903225804,2.4623150961021505,2006-10-01,AMF,-0.7143247612315717
US-Slt,2006,11,1.4020686605444073,0.9986111111111111,0.5547175676234206,1.9562229104166666,2006-11-01,AMF,-2.4862029220539372
US-Slt,2006,12,1.168328930662778,0.9979838709677419,0.18488095579102073,1.3479823010752687,2006-12-01,AMF,-2.8692214720095435
US-Slt,2007,1,1.1344983322241362,0.9986559139784946,-0.10768343918034677,1.0263220685483871,2007-01-01,AMF,-3.1749678051041172
US-Slt,2007,2,1.3733221420350403,0.9962797619047619,-0.24737794910968092,1.0970083898809524,2007-02-01,AMF,-3.3278442531566577
US-Slt,2007,3,0.9969536061827957,1,-0.23881357856854837,0.7581406048387097,2007-03-01,AMF,-3.3324618207387315
US-Slt,2007,4,1.0984159752083333,1,0.04530044190277777,1.1437178506944445,2007-04-01,AMF,-3.0615297383906115
US-Slt,2007,5,0.33127568521505374,1,2.4809369010080644,2.812214819892473,2007-05-01,AMF,-0.6390752174085308
US-Slt,2007,6,2.2623508743055556,1,1.635452950486111,3.897804232638889,2007-06-01,AMF,-1.4977411060536905
US-Slt,2007,7,-0.19090802217741934,1,3.4865301226209677,3.2956238373655915,2007-07-01,AMF,0.34015412795796013
US-Slt,2007,8,-0.4085922059139785,1,4.502792868077957,4.09420566061828,2007-08-01,AMF,1.3432349352917436
US-Slt,2007,9,-1.63948029375,1,3.873389129652778,2.23391081875,2007-09-01,AMF,0.7006492587433579
US-Slt,2007,10,-0.37152861001344084,1,2.540426063918011,2.1688994603494622,2007-10-01,AMF,-0.6454957451146153
US-Slt,2007,11,0.6380450161197045,0.9986111111111111,0.8321080752488387,1.4748449222222222,2007-11-01,AMF,-2.366995671906994
US-Slt,2007,12,1.2169840501007412,0.9986559139784946,0.3681471221255046,1.585900063172043,2007-12-01,AMF,-2.844138563153534
US-Slt,2008,1,1.0911334556687264,0.9986559139784946,0.22514888470262223,1.320234245295699,2008-01-01,AMF,-3.0003187386996224
US-Slt,2008,2,1.189294038276735,0.9978448275862069,0.330886425054649,1.531467871408046,2008-02-01,AMF,-2.907763136470802
US-Slt,2008,3,1.0364624569892473,1,0.5826068601411291,1.619068621639785,2008-03-01,AMF,-2.669224639507528
US-Slt,2008,4,0.9575618704166666,1,1.1420721246618055,2.0996335722222224,2008-04-01,AMF,-2.122941313110058
US-Slt,2008,5,-0.2572718077284946,1,3.8351523255577957,3.577879576612903,2008-05-01,AMF,0.5569569496627262
US-Slt,2008,6,-3.011180791666667,1,8.128507145555556,5.11732596875,2008-06-01,AMF,4.837129831537281
US-Slt,2008,7,-0.8223753151881721,1,6.068278194556451,5.245904571908602,2008-07-01,AMF,2.7637189424149695
US-Slt,2008,8,-1.8080289852150537,1,6.244032951754032,4.4360030302419355,2008-08-01,AMF,2.926291761489344
US-Slt,2008,9,-0.10392843263888887,1,4.341385594166667,4.237449563194445,2008-09-01,AMF,1.0104624657787726
US-Slt,2008,10,0.2229374164717742,1,2.94305639672043,3.16599417405914,2008-10-01,AMF,-0.4010486697906702
US-Slt,2008,11,1.5229515652777779,1,0.3779266430625,1.9008791041666666,2008-11-01,AMF,-2.979360361571806
US-Slt,2008,12,1.435741113575269,1,0.4320491778225806,1.867789801075269,2008-12-01,AMF,-2.938419764934932
US-Slt,2009,1,0.9188866954187981,0.9986559139784946,0.005042598525115702,0.923711316532258,2009-01-01,AMF,-3.378608282355603
US-Slt,2009,2,1.2264676519154591,0.9992559523809523,0.3449884715036911,1.5711858132440477,2009-02-01,AMF,-3.051844347500234
US-Slt,2009,3,0.7685877452754724,1,0.5611843334408602,1.3173416821236559,2009-03-01,AMF,-2.848830423686271
US-Slt,2009,4,1.1731081133600427,0.9993055555555556,1.036079828417944,2.2089891972222224,2009-04-01,AMF,-2.387116866832393
US-Slt,2009,5,-0.7515912773521505,1,4.858739442056452,4.107151071236559,2009-05-01,AMF,1.4223608086829083
US-Slt,2009,6,-2.570403625,0.9993055555555556,8.418268054797938,5.835986538194445,2009-06-01,AMF,4.968707483301188
US-Slt,2009,7,-1.6701838911290323,0.9986559139784946,10.400894403042843,8.703500803091398,2009-07-01,AMF,6.938151893422887
US-Slt,2009,8,0.21145157795698927,0.9993279569892473,9.407769012834281,9.638743801075268,2009-08-01,AMF,5.931844565091119
US-Slt,2009,9,-1.1695040402777779,1,6.427675455,5.2581664805555555,2009-09-01,AMF,2.938569069133632
US-Slt,2009,10,0.7851351471774194,1,2.813159532688172,3.598297247311828,2009-10-01,AMF,-0.6891287913014026
US-Slt,2009,11,1.7174137770833333,0.9993055555555556,0.9457523014233324,2.6578791402777777,2009-11-01,AMF,-2.569717960689448
US-Slt,2009,12,1.5093222286468664,0.9993279569892473,0.40981265229577724,1.9189347694892473,2009-12-01,AMF,-3.118839547940209
US-Slt,2010,1,1.0570882685209835,0.9993279569892473,0.08929933394182588,1.1461782291666667,2010-01-01,AMF,-3.452534804417367
US-Slt,2010,2,1.0729479662202381,1,0.1734110971800595,1.246358621279762,2010-02-01,AMF,-3.3816049793023395
US-Slt,2010,3,1.114340713616157,0.9993279569892473,0.9147582501078314,2.0297937385752687,2010-03-01,AMF,-2.653439764497774
US-Slt,2010,4,0.8717911083333333,1,2.2363536870416665,3.1081402125,2010-04-01,AMF,-1.3450262656871452
US-Slt,2010,5,-2.0917281720430108,1,7.2849481477150535,5.193221615591398,2010-05-01,AMF,3.6903862568630355
US-Slt,2010,6,-3.5209153125,0.9993055555555556,10.335845278737109,6.802807520833333,2010-06-01,AMF,6.728101449761885
US-Slt,2010,7,-2.1603306586021507,0.9986559139784946,7.6732693786660375,5.514920190188172,2010-07-01,AMF,4.052343611567607
US-Slt,2010,8,-1.0144237896505377,1,5.717561758057796,4.703143727150538,2010-08-01,AMF,2.0834540528361596
US-Slt,2010,9,0.19352309513888888,0.9986111111111111,3.897231989701944,4.066982093055556,2010-09-01,AMF,0.2499423463571015
US-Slt,2010,10,0.6129701397849462,1,3.02182358421371,3.634797079973118,2010-10-01,AMF,-0.6386479972543389
US-Slt,2010,11,1.526038643782625,0.9986111111111111,0.8221500416529176,2.3485205048611113,2010-11-01,AMF,-2.851503477938337
US-Slt,2010,12,1.5062123991935483,1,0.11516209090725807,1.621373942876344,2010-12-01,AMF,-3.5716733668072034
US-Slt,2011,1,1.092569132392473,0.9986559139784946,0.04723352679987684,1.1400838461021505,2011-01-01,AMF,-3.6527838690377905
US-Slt,2011,2,1.3868998854166668,1,0.24185135026785715,1.6287524694940476,2011-02-01,AMF,-3.4713479836930166
US-Slt,2011,3,0.9632821090601837,0.9993279569892473,0.6648339377141621,1.6281708319892474,2011-03-01,AMF,-3.0615473343699176
US-Slt,2011,4,1.3924978937499999,0.9993055555555556,1.2557570114251209,2.6426337625,2011-04-01,AMF,-2.483806198782165
US-Slt,2011,5,-1.0250629166666667,0.9993279569892473,6.4259295256867235,5.390884030913979,2011-05-01,AMF,2.6731843773562316
US-Slt,2011,6,-3.9764415576388887,0.9993055555555556,10.354375118846386,6.38922951875,2011-06-01,AMF,6.588448032392688
US-Slt,2011,7,-2.3742988810157635,0.9993279569892473,10.165882950515744,7.791423254704301,2011-07-01,AMF,6.38677392593884
US-Slt,2011,8,0.7626265745967742,1,8.95098567735215,9.71359692876344,2011-08-01,AMF,5.15869471465204
US-Slt,2011,9,0.5152652006944444,0.9993055555555556,7.133011081707869,7.637254711805555,2011-09-01,AMF,3.327538180884552
US-Slt,2011,10,0.0786255448615896,0.9986559139784946,3.212073110708103,3.296942936827957,2011-10-01,AMF,-0.60658172823842
US-Slt,2011,11,1.4874366159250743,0.9993055555555556,0.8741766700907655,2.36192125625,2011-11-01,AMF,-2.9576601069789636
US-Slt,2011,12,0.9385949180694749,0.9986559139784946,0.8581564172670686,1.7971737231182796,2011-12-01,AMF,-2.9868622979258665
US-Slt,2012,1,0.7720715957258935,0.9993279569892473,0.34417287752546805,1.116216940188172,2012-01-01,AMF,-3.514027775790673
US-Slt,2012,2,0.745463564038021,0.9985632183908046,0.578765680968626,1.319282496408046,2012-02-01,AMF,-3.2926169104707212
US-Slt,2012,3,0.9107923230699969,0.9946236559139785,1.0104757020115727,1.9262411108870967,2012-03-01,AMF,-2.874088827550981
US-Slt,2012,4,0.9004108916666667,1,1.6310955995416667,2.5315070041666665,2012-04-01,AMF,-2.266650868144093
US-Slt,2012,5,0.2549888597874691,0.9993279569892473,5.064911567089902,5.321972377016129,2012-05-01,AMF,1.1539831612809355
US-Slt,2012,6,-3.982790055764586,0.9993055555555556,9.637567371808343,5.656571333333333,2012-06-01,AMF,5.713457027876171
US-Slt,2012,7,-2.392217251344086,0.9993279569892473,11.04001329561306,8.633440196908602,2012-07-01,AMF,7.102721013557681
US-Slt,2012,8,-0.1913334274193548,0.9979838709677419,9.849399213204883,9.61452807594086,2012-08-01,AMF,5.898924993026299
US-Slt,2012,9,0.6248032326388889,1,6.3019262476875,6.926732286111111,2012-09-01,AMF,2.338270089385709
US-Slt,2012,10,1.1356429704301074,1,2.5020611630241936,3.6377040967741934,2012-10-01,AMF,-1.4747769334008034
US-Slt,2012,11,1.0160713493055555,1,0.9837703874298611,1.9998417618055555,2012-11-01,AMF,-3.0062496471183424
US-Slt,2012,12,0.9363864610215054,0.9993279569892473,0.49463595831411594,1.4261636135752689,2012-12-01,AMF,-3.508566014357293
US-Slt,2013,1,0.7104915909187197,0.9986559139784946,0.23566658098100882,0.9422808427419355,2013-01-01,AMF,-3.7807173298136063
US-Slt,2013,2,0.969503962717389,0.9985119047619048,0.2203632003886831,1.1860264464285715,2013-02-01,AMF,-3.8092026485291384
US-Slt,2013,3,0.8099774090053763,1,0.42700123106989246,1.236979,2013-03-01,AMF,-3.615746555971136
US-Slt,2013,4,0.8299881319444444,1,1.1375856523611112,1.967574861111111,2013-04-01,AMF,-2.918344072803123
US-Slt,2013,5,0.18485438622311828,1,5.068670590860215,5.253521616935484,2013-05-01,AMF,0.9995589275727745
US-Slt,2013,6,-2.7327482444444446,1,9.990770064548611,7.258029165277778,2013-06-01,AMF,5.908476463137965
US-Slt,2013,7,-1.8060491579301075,0.9986559139784946,10.080873040882725,8.250275090725806,2013-07-01,AMF,5.9853975013488725
US-Slt,2013,8,-1.3374595766129032,1,8.035813132392473,6.698348092741935,2013-08-01,AMF,3.9271556547354147
US-Slt,2013,9,-1.2928091458333333,1,5.940844818208333,4.648043554861111,2013-09-01,AMF,1.8190054024280682
US-Slt,2013,10,0.6165522802419354,1,2.674941004233871,3.291488820564516,2013-10-01,AMF,-1.4600803496696002
US-Slt,2013,11,1.3338547958333333,1,0.9341730329861111,2.2680285097222224,2013-11-01,AMF,-3.214030259040566
US-Slt,2013,12,1.1729646656161916,0.9986559139784946,0.45674725947304434,1.6177897647849462,2013-12-01,AMF,-3.7046379706768393
US-SP1,2001,1,-0.08805968548387097,1,4.512936532258064,4.42487936827957,2001-01-01,AMF,0.00670418027864228
US-SP1,2001,2,-0.4889134821428571,0.9985119047619048,3.803335615268573,3.298483630952381,2001-02-01,AMF,-0.7053001786227246
US-SP1,2001,3,-0.8134998219086021,1,3.867060236895161,3.053562231182796,2001-03-01,AMF,-0.6439789989080276
US-SP1,2001,4,-1.4979552583333333,0.9993055555555556,5.509162832371423,3.9987575694444444,2001-04-01,AMF,0.9957201546563439
US-SP1,2001,5,-0.5882191646505376,1,4.7829259215053765,4.194704099462365,2001-05-01,AMF,0.2670798018784067
US-SP1,2001,6,1.4850722527777778,1,5.715353034027777,7.200423611111111,2001-06-01,AMF,1.197103472488917
US-SP1,2001,7,0.47602003024193545,1,5.307721444959677,5.78374500672043,2001-07-01,AMF,0.7870684415089261
US-SP1,2001,8,-0.8058316512096774,1,6.665555600873656,5.859725873655914,2001-08-01,AMF,2.1424991555110147
US-SP1,2001,9,-0.025210687500000002,1,6.0326510848611115,6.0074443055555555,2001-09-01,AMF,1.5071911975865795
US-SP1,2001,10,-0.6315851680107527,1,5.170370212298387,4.538779502688172,2001-10-01,AMF,0.6425068831119645
US-SP1,2001,11,-0.4089077916666667,1,4.062198402013889,3.65329125,2001-11-01,AMF,-0.46806836908442384
US-SP1,2001,12,0.0023873024193548295,0.9993279569892473,3.382084921724502,3.374230443548387,2001-12-01,AMF,-1.1505852912857018
US-SP1,2003,1,-0.2585531225840073,0.9455645161290323,2.0904084697414644,1.8180374529569892,2003-01-01,AMF,-2.4446651851806296
US-SP1,2003,2,-0.04379804315476189,0.9992559523809523,3.0394721388584185,2.9879984375,2003-02-01,AMF,-1.498004957975566
US-SP1,2003,3,0.34113416196236557,1,3.6390958726142473,3.980231989247312,2003-03-01,AMF,-0.9007846661316281
US-SP1,2003,4,-0.5334957645833334,0.9993055555555556,4.980260292277127,4.432617777777778,2003-04-01,AMF,0.43797631161936146
US-SP1,2003,5,-0.8519524798387097,1,5.19386585282258,4.341919489247312,2003-05-01,AMF,0.6491784302529239
US-SP1,2003,6,-0.19372493749999997,1,6.0074316294444445,5.813714652777778,2003-06-01,AMF,1.4603407649628977
US-SP1,2003,7,-0.14974314516129034,1,7.756258328494623,7.6065227822580646,2003-07-01,AMF,3.2067640221011864
US-SP1,2003,8,-0.8384155524193548,1,7.4467055690860215,6.6082932123655915,2003-08-01,AMF,2.8948078207806938
US-SP1,2003,9,-0.17225683402777778,1,6.483751613194444,6.3114936111111115,2003-09-01,AMF,1.9294504229772258
US-SP1,2003,10,-0.748458938172043,1,6.65570257063172,5.907246102150538,2003-10-01,AMF,2.0989979385026114
US-SP1,2003,11,-0.7424472375,1,4.2043311323333334,3.4618756944444447,2003-11-01,AMF,-0.35477694170766616
US-SP1,2003,12,-0.39966542741935485,1,3.679814054637097,3.280148185483871,2003-12-01,AMF,-0.8816974613157932
US-SP1,2004,1,-0.7719349798387097,1,3.4704721695564515,2.698543010752688,2004-01-01,AMF,-1.0934427883083293
US-SP1,2004,2,-0.10139927945402298,0.9992816091954023,2.9397225782074745,2.8321712643678163,2004-02-01,AMF,-1.626595821569197
US-SP1,2004,3,-1.2127575416710163,0.9986559139784946,4.310623094712022,3.086411760752688,2004-03-01,AMF,-0.25809874697653995
US-SP1,2004,4,-1.9101387777777779,1,4.7129485749305555,2.802804861111111,2004-04-01,AMF,0.14182329133010319
US-SP1,2004,5,-1.717392530861781,0.9973118279569892,4.53109642173361,2.7766559811827958,2004-05-01,AMF,-0.042432303778733305
US-SP1,2004,6,-1.3839852222222222,1,4.449462659027778,3.065472777777778,2004-06-01,AMF,-0.12646950839645574
US-SP1,2004,7,0.46528448991935484,0.9979838709677419,4.947600714369271,5.369095026881721,2004-07-01,AMF,0.3692651050331468
US-SP1,2004,8,0.7851645467754985,0.9966397849462365,5.731326021875109,6.5354734543010755,2004-08-01,AMF,1.1505869706270944
US-SP1,2004,9,3.31336845625,0.9993055555555556,0.004636330543478265,3.3047449305555556,2004-09-01,AMF,-4.578506162616427
US-SP1,2004,10,-0.46608383455345026,0.9993279569892473,3.6047704640985487,3.1527239247311827,2004-10-01,AMF,-0.9807754709732469
US-SP1,2004,11,1.0648310545036088,0.9958333333333333,3.1992592727672453,4.284890347222222,2004-11-01,AMF,-1.3886901042164408
US-SP1,2004,12,0.029588758853466887,0.9959677419354839,2.552004512414601,2.562194818548387,2004-12-01,AMF,-2.0383483064809758
US-SP1,2005,1,0.033684853404871984,0.9993279569892473,1.780473752433146,1.8140137096774194,2005-01-01,AMF,-2.8122825083743215
US-SP1,2005,2,0.28690757410714285,0.9970238095238095,2.5796948906743173,2.836412053571429,2005-02-01,AMF,-2.0154648120450402
US-SP1,2005,3,-9.94237903225803e-4,1,3.537154773521505,3.5361594018817204,2005-03-01,AMF,-1.0604083711097432
US-SP1,2005,4,-1.5160524722222222,0.9993055555555556,5.658785477030426,4.130256736111111,2005-04-01,AMF,1.0588188904872868
US-SP1,2005,5,-0.4985991061827957,1,5.277145966491935,4.77854126344086,2005-05-01,AMF,0.6747759380369059
US-SP1,2005,6,-0.7523611638888889,1,5.425463880236111,4.673097222222222,2005-06-01,AMF,0.8206904098691913
US-SP1,2005,7,-0.9103526142473118,1,5.934383177419355,5.024030241935484,2005-07-01,AMF,1.3272062651405447
US-SP1,2005,8,-0.056576653225806475,1,7.466899352889785,7.410316801075269,2005-08-01,AMF,2.8573189986990837
US-SP1,2005,9,0.7778934791666666,0.9993055555555556,7.615264210039716,8.382988125,2005-09-01,AMF,3.0032804139371247
US-SP1,2005,10,-0.6690376830131886,0.9993279569892473,5.166945619850737,4.4978149193548385,2005-10-01,AMF,0.5525583818362548
US-SP1,2005,11,-0.2178872643237323,0.9986111111111111,3.4397262304321465,3.2114665277777776,2005-11-01,AMF,-1.1770644494942262
US-SP1,2005,12,0.019196758131720427,1,2.410297704623656,2.42949751344086,2005-12-01,AMF,-2.2088964172146075
US-SP1,2006,1,-0.6134354731182795,1,3.352998886357527,2.739566733870968,2006-01-01,AMF,-1.2685986773926268
US-SP1,2006,2,-0.022344038467261903,0.9992559523809523,2.099472950721965,2.067270907738095,2006-02-01,AMF,-2.5245280549400793
US-SP1,2006,3,-0.38561374615478305,0.9993279569892473,3.0991060721467534,2.7140181451612904,2006-03-01,AMF,-1.5272983754271816
US-SP1,2006,4,-0.10015850715277778,1,4.585375784583333,4.485211111111111,2006-04-01,AMF,-0.043432104902492025
US-SP1,2006,5,-0.7133549940777569,0.9986559139784946,5.2680899514711,4.558636827956989,2006-05-01,AMF,0.6368786200733839
US-SP1,2006,6,-0.811101094390432,0,5.70890826047608,7.442871111111111,2006-06-01,AMF,1.0752934871664732
US-SP1,2006,7,-0.4960904871789128,0,6.22762437022322,7.813767271505377,2006-07-01,AMF,1.5916061550017224
US-SP1,2006,8,-0.3073767607526882,0.9993279569892473,7.339248030638637,7.02005940860215,2006-08-01,AMF,2.7008263735052496
US-SP1,2006,9,-0.1227449375,0.9993055555555556,5.603048718406262,5.466689722222222,2006-09-01,AMF,0.9622236193609838
US-SP1,2006,10,-0.3599206518817204,0.9993279569892473,5.399120179479308,5.025296505376344,2006-10-01,AMF,0.7558916385221391
US-SP1,2006,11,-0.1339550090277778,1,4.456023060361111,4.322066388888889,2006-11-01,AMF,-0.1896089225079484
US-SP1,2006,12,0.33376396505376343,1,3.7298318649193547,4.063594018817204,2006-12-01,AMF,-0.9182035598615952
US-SP1,2007,1,-0.2535355833333333,1,3.1246085571908604,2.871077553763441,2007-01-01,AMF,-1.52583030950198
US-SP1,2007,2,-1.454334267857143,0.9992559523809523,3.3529049138315794,1.8929324702380952,2007-02-01,AMF,-1.2999373947731516
US-SP1,2007,3,-1.4573181989247312,1,4.270086739549731,2.8127714381720432,2007-03-01,AMF,-0.38515901096689054
US-SP1,2007,4,-0.9847326111111111,1,4.110081042361111,3.125349791666667,2007-04-01,AMF,-0.5475681500674008
US-SP1,2007,5,-1.2857927479838709,1,4.311120149139785,3.025331048387097,2007-05-01,AMF,-0.3489324852006177
US-SP1,2007,6,-0.09324155069444445,1,4.461885872222222,4.368647569444445,2007-06-01,AMF,-0.20057020403007095
US-SP1,2007,7,-0.15671275604838708,0.9993279569892473,5.077559068116853,4.9093415994623655,2007-07-01,AMF,0.41269954995266983
US-SP1,2007,8,0.3794699329973118,0.9993279569892473,4.16940735756255,4.536570497311828,2007-08-01,AMF,-0.4978556025135243
US-SP1,2007,9,0.8472257361111111,1,4.477598859555555,5.3248211111111114,2007-09-01,AMF,-0.1920675424324095
US-SP1,2007,10,0.557087708183048,0.9993279569892473,3.4749201800807756,4.031321975806452,2007-10-01,AMF,-1.1971496638190795
US-SP1,2007,11,-1.4099022145833333,1,4.224288029583334,2.8143836180555555,2007-11-01,AMF,-0.45018525622841216
US-SP1,2007,12,-0.47516813440860217,1,4.142614125078629,3.6674389112903225,2007-12-01,AMF,-0.534262602645007
US-SP1,2008,1,-0.6354459811827957,1,1.5965965875336021,0.9611499529569892,2008-01-01,AMF,-3.0826835821019243
US-SP1,2008,2,-1.4136857466235633,1,1.632718518678161,0.21903258045977012,2008-02-01,AMF,-3.048965092869256
US-SP1,2008,3,-1.2405852930107526,1,2.44543720640457,1.2048508198924732,2008-03-01,AMF,-2.2386498470547376
US-SP1,2008,4,-3.251977013888889,1,7.251462546041667,3.999482,2008-04-01,AMF,2.5649720506704687
US-SP1,2008,5,-1.622875759408602,1,5.3440610948252685,3.7211808467741934,2008-05-01,AMF,0.6551671575421795
US-SP1,2008,6,-0.6314133180555556,1,5.016367182611111,4.3849615972222225,2008-06-01,AMF,0.32506980341613134
US-SP1,2008,7,-0.2430971048387097,1,5.759237049381721,5.516135685483871,2008-07-01,AMF,1.0655362282748506
US-SP1,2008,8,-0.2101360939516129,1,6.137804244805108,5.92765813172043,2008-08-01,AMF,1.4416999817863472
US-SP1,2008,9,-0.6514621458333333,1,4.786515262083333,4.135061041666667,2008-09-01,AMF,0.08800755715268213
US-SP1,2008,10,-0.9848348904569892,1,4.759533735551075,3.774705309139785,2008-10-01,AMF,0.058622588708533666
US-SP1,2008,11,-0.7660393472222222,1,3.9068623253472223,3.1408230555555554,2008-11-01,AMF,-0.79645226340721
US-SP1,2008,12,-1.2483363427419354,1,3.360144048642473,2.111811491935484,2008-12-01,AMF,-1.3455739820238495
US-SP1,2009,1,-0.6576201928763441,0.9993279569892473,3.683062698970264,3.0177577956989246,2009-01-01,AMF,-1.0250587736079495
US-SP1,2009,2,-1.3680121537946428,0.9992559523809523,3.826907374421708,2.451645967261905,2009-02-01,AMF,-0.8836175400683958
US-SP1,2009,3,-0.21940122224462366,1,3.24007785906586,3.0206791666666666,2009-03-01,AMF,-1.4728504973361343
US-SP1,2009,4,-0.7245765972222222,1,4.518226933629166,3.7936506944444446,2009-04-01,AMF,-0.1971048646847187
US-SP1,2009,5,-0.5420332190860215,1,6.384685520026881,5.842645430107527,2009-05-01,AMF,1.6669502798011055
US-SP1,2009,6,-1.3193061180555556,1,7.125970234444445,5.806665069444445,2009-06-01,AMF,2.405831552306779
US-SP1,2009,7,-1.2092493655913978,1,7.877932605739248,6.668685349462366,2009-07-01,AMF,3.1553904816896914
US-SP1,2009,8,-1.2303670114247311,1,7.511064275336022,6.280695430107527,2009-08-01,AMF,2.7861187093745747
US-SP1,2009,9,-1.7349944652777778,1,6.365099207718056,4.630108541666667,2009-09-01,AMF,1.6377501998447181
US-SP1,2009,10,-0.3539876001344086,1,5.002837116465054,4.648840389784946,2009-10-01,AMF,0.2730846666798257
US-SP1,2009,11,-0.5876191277777778,1,4.108695610625,3.5210745833333332,2009-11-01,AMF,-0.6234602810721186
US-SP1,2009,12,-0.4808797177419355,1,3.1784517258534946,2.6975692876344084,2009-12-01,AMF,-1.556107607755515
US-SP1,2010,1,-0.6939784677419355,1,2.737517323965054,2.0435463373655915,2010-01-01,AMF,-1.999445451555846
US-SP1,2010,2,-1.0427851755952382,1,3.309777386078869,2.266991294642857,2010-02-01,AMF,-1.4295888313539216
US-SP1,2010,3,-1.9602752620967743,1,4.232538069153226,2.2722557862903225,2010-03-01,AMF,-0.5092315901914548
US-SP1,2010,4,-2.35240373375,1,5.661108269,3.3086980555555554,2010-04-01,AMF,0.9169351677434281
US-SP1,2010,5,-2.746510624327957,1,5.382616735887097,2.6360904771505376,2010-05-01,AMF,0.6360401927186345
US-SP1,2010,6,-3.7954636066666665,1,7.885571084513889,4.090112777777778,2010-06-01,AMF,3.136591099433536
US-SP1,2010,7,-2.4735811836693546,1,7.437923738575269,4.96433998655914,2010-07-01,AMF,2.686540311583026
US-SP1,2010,8,-0.7763038508064516,1,7.786609185954301,7.010295228494623,2010-08-01,AMF,3.0328223170501674
US-SP1,2010,9,-1.2511894722222223,1,6.198840777361111,4.947656805555556,2010-09-01,AMF,1.442650466545087
US-SP1,2010,10,-0.939420065188172,1,3.9484697420698924,3.009052069892473,2010-10-01,AMF,-0.8101240106580223
US-SP1,2010,11,0.09336974652777778,1,3.989347438611111,4.082714236111111,2010-11-01,AMF,-0.7716497560286943
US-SP1,2010,12,-0.03376655443548387,1,2.5716839349798386,2.537918373655914,2010-12-01,AMF,-2.191716701571857
US-SP1,2011,1,-0.6358543704973119,1,2.9994641094758063,2.363609610215054,2011-01-01,AMF,-1.7663399689877801
US-SP1,2011,2,-1.235712886904762,1,3.7925136809970237,2.5568087053571427,2011-02-01,AMF,-0.9756938393784532
US-SP1,2011,3,-2.1359490403225805,1,4.516040841202957,2.380098299731183,2011-03-01,AMF,-0.25457012108441024
US-SP1,2011,4,-0.7288136020833333,1,5.709944433972222,4.981129583333333,2011-04-01,AMF,0.9369300297729637
US-SP1,2011,5,-0.13264543010752686,1,4.736495406270161,4.603842943548387,2011-05-01,AMF,-0.03892243984098738
US-SP1,2011,6,-0.6154861852083333,1,5.292668767756944,4.677183611111111,2011-06-01,AMF,0.514847479733905
US-SP1,2011,7,-0.2633827352150538,1,5.950003204952957,5.686612701612903,2011-07-01,AMF,1.1697784750180278
US-SP1,2011,8,-0.26822507930107525,1,5.436133249126344,5.167916061827957,2011-08-01,AMF,0.6535050772795241
US-SP1,2011,9,0.2982872152777778,1,5.241640069930556,5.539926111111111,2011-09-01,AMF,0.4566084561718451
US-SP1,2011,10,-0.4111541579301075,1,4.448265965053763,4.037109946236559,2011-10-01,AMF,-0.3391690906168381
US-SP1,2011,11,0.08482177083333332,1,3.7178049368055555,3.8026268055555557,2011-11-01,AMF,-1.0720335607769365
US-SP1,2011,12,0.3548280154569893,1,3.305193935403226,3.6600258064516127,2011-12-01,AMF,-1.4870480040911565
US-Ton,2015,1,-0.3197697891405633,0.9616935483870968,0.715859752688172,0.419444069041132,2015-01-01,AMF,-1.2134886646300909
US-Ton,2015,2,-0.3075911822428053,0.9598214285714286,0.9763549412202381,0.8227557233791228,2015-02-01,AMF,-0.9472842489967146
US-Ton,2015,3,-1.9820857231182796,0.948252688172043,2.3637369038978493,0.4506967647938139,2015-03-01,AMF,0.44580694078220673
US-Ton,2015,4,-2.6368023506944445,0.9875,3.8077378333333334,1.1904494166666666,2015-04-01,AMF,1.8955170973190008
US-Ton,2015,5,-2.865786991263441,0.9616935483870968,3.042237364247312,0.2164275904155493,2015-05-01,AMF,1.1357258553342897
US-Ton,2015,6,-1.8048548479166666,0.9784722222222222,2.1769646931724487,0.41015750902777776,2015-06-01,AMF,0.2761624113607366
US-Ton,2015,7,-1.140593689516129,0.9771505376344086,1.6369965306018532,0.5372627002688172,2015-07-01,AMF,-0.2580965241085487
US-Ton,2015,8,-0.19616946034946237,0.9663978494623656,0.4299112983870968,0.2486127432795699,2015-08-01,AMF,-1.4594725292219952
US-Ton,2015,9,-0.14937278686018132,0.9354166666666667,0.5038900855525362,0.37442502761526636,2015-09-01,AMF,-1.3797845149552452
US-Ton,2015,10,-0.18839148905580433,0.9455645161290323,0.5354364233870967,0.40470586286994004,2015-10-01,AMF,-1.342528950019375
US-Ton,2015,11,-0.2083359736623479,0.9673611111111111,0.5508148047268469,0.3268987717092383,2015-11-01,AMF,-1.3214413415783146
US-Ton,2015,12,0.04408773387096774,0.9663978494623656,0.42819141532258065,0.5324239249134413,2015-12-01,AMF,-1.4383555038812705
US-Ton,2016,1,-0.040243832522610434,0.9711021505376344,0.41659099892277063,0.4355599019091118,2016-01-01,AMF,-1.4442466931797704
US-Ton,2016,2,-0.013854076867816104,0.9561781609195402,0.630402558908046,0.6179359231321839,2016-02-01,AMF,-1.2247259060931848
US-Ton,2016,3,-0.8627660171324789,0.9657258064516129,1.7080001410948054,0.9333229822170013,2016-03-01,AMF,-0.1414190968051153
US-Ton,2016,4,-2.51430640625,0.9868055555555556,3.356467729861111,0.9014314270833333,2016-04-01,AMF,1.5127577190625003
US-Ton,2016,5,-3.42418444422043,0.9563172043010753,3.14486667405914,-0.21305221236559138,2016-05-01,AMF,1.3068658903618395
US-Ton,2016,6,-2.113139910416667,0.9854166666666667,2.0785543132013573,-0.03331248948071755,2016-06-01,AMF,0.24626275660536717
US-Ton,2016,7,-1.3663973125,0.980510752688172,1.6825589421382179,0.3445464939516129,2016-07-01,AMF,-0.14402338735646217
US-Ton,2016,8,-0.8519323561827957,0.9657258064516129,1.2484228958333334,0.42815942943548385,2016-08-01,AMF,-0.5724502065600364
US-Ton,2016,9,-0.30119243819444447,0.9354166666666667,0.48611277708333334,0.20823769097582348,2016-09-01,AMF,-1.3290510982087265
US-Ton,2016,10,-0.19693220136014059,0.9455645161290323,0.44041182188454203,0.24554357599393506,2016-10-01,AMF,-1.3690428263062075
US-Ton,2016,11,-0.18987340972222222,0.9701388888888889,0.695625867753461,0.48392258430999563,2016-11-01,AMF,-1.1081195533359784
US-Ton,2016,12,0.24548005332260814,0.9711021505376344,0.6865223716397849,0.8938575736684115,2016-12-01,AMF,-1.1115138223483443
US-Ton,2017,1,0.18208099440305994,0.9831989247311828,0.5333737149924714,0.7178735964131338,2017-01-01,AMF,-1.2589532518943476
US-Ton,2017,2,-0.07916293190031545,0.9471726190476191,1.0090228950892857,0.9436721087698883,2017-02-01,AMF,-0.7775948446962232
US-Ton,2017,3,-0.5433297002596689,0.9643817204301075,1.0351000389502003,0.5628165221774194,2017-03-01,AMF,-0.7458084737339984
US-Ton,2017,4,-2.019679125,0.99375,3.20818881875,1.191083597485752,2017-04-01,AMF,1.4329895331671112
US-Ton,2017,5,-3.1304730322580645,0.9704301075268817,3.5572061875,0.4605683427419355,2017-05-01,AMF,1.7877161290184214
US-Ton,2017,6,-2.2064265618055554,0.9652777777777778,2.3113734518633735,0.17160539318338236,2017-06-01,AMF,0.5475926204831053
US-Ton,2017,7,-1.7892754280913978,0.9771505376344086,1.859779695498433,0.10633448387096774,2017-07-01,AMF,0.10170809121947481
US-Ton,2017,8,-1.3565073373655914,0.969758064516129,1.6073510403225806,0.27655096509955673,2017-08-01,AMF,-0.14501133685506734
US-Ton,2017,9,-0.8398768138888889,0.9506944444444444,0.9900433118055556,0.18034688125,2017-09-01,AMF,-0.7566098382707821
US-Ton,2017,10,-0.5382059247311828,0.9341397849462365,0.7398521538978494,0.2396538852828576,2017-10-01,AMF,-1.0010917690771781
US-Ton,2017,11,0.16379270208333332,0.9368055555555556,0.4073370934479055,0.6087382192124207,2017-11-01,AMF,-1.327897602425812
US-Ton,2017,12,-0.40791940994623654,0.9744623655913979,0.716023004032258,0.30905170867262777,2017-12-01,AMF,-1.0135024647401494
US-Ton,2018,1,-0.28352612852346437,0.967741935483871,0.9420764516129032,0.6655875760748591,2018-01-01,AMF,-0.7817397900581938
US-Ton,2018,2,-0.61600865625,0.9575892857142857,1.3091312150297618,0.7038522196617578,2018-02-01,AMF,-0.4089757995400251
US-Ton,2018,3,0.001187679343816989,0.9643817204301075,1.4292293125,1.38014261104177,2018-03-01,AMF,-0.28316847496847686
US-Ton,2018,4,-2.6525353451782734,0.9854166666666667,2.9635488895833335,0.31798067430555554,2018-04-01,AMF,1.2568603292161669
US-Ton,2018,5,-3.350212688844086,0.959005376344086,3.8040400248655915,0.5145693971090208,2018-05-01,AMF,2.103060691599735
US-Ton,2018,6,-2.412638636111111,0.9708333333333333,2.539227331023127,0.18140187152777779,2018-06-01,AMF,0.8439572248585808
US-Ton,2018,7,-1.5464294038978494,0.9731182795698925,1.8889791641386677,0.40000351010244706,2018-07-01,AMF,0.19941828507543158
US-Ton,2018,8,-1.2309912943548387,0.9583333333333334,1.3897825967741935,0.20366160416666668,2018-08-01,AMF,-0.2940690551877325
US-Ton,2018,9,-0.8291648805555556,0.9409722222222222,0.998869169075158,0.20456106875,2018-09-01,AMF,-0.6792732557854578
US-Ton,2018,10,-0.8063693803763441,0.956989247311828,0.8675407869623656,0.08477423670939263,2018-10-01,AMF,-0.8048924107969402
US-Ton,2018,11,0.08381390513791871,0.9347222222222222,0.7127503315468732,0.750817994667395,2018-11-01,AMF,-0.9539736391111222
US-Ton,2018,12,0.16046465658602152,0.9596774193548387,0.7039076102150538,0.9025950181451613,2018-12-01,AMF,-0.9571071333416317
US-Ton,2019,1,-0.23957965167355053,0.9596774193548387,0.6353859420017078,0.41637214862488087,2019-01-01,AMF,-1.0199195744536673
US-Ton,2019,2,-0.4485459560068559,0.9613095238095238,0.9123431748511904,0.4613680564480867,2019-02-01,AMF,-0.7372531145028747
US-Ton,2019,3,-0.44569364381720433,0.9650537634408602,0.9565427815860215,0.566557498339078,2019-03-01,AMF,-0.6873442806667334
US-Ton,2019,4,-1.817463,0.9923611111111111,2.5981436930555555,0.8047891486111111,2019-04-01,AMF,0.9599658579041109
US-Ton,2019,5,-3.3602795772849463,0.9670698924731183,3.9365449637096774,0.6345598064516129,2019-05-01,AMF,2.304076355659543
US-Ton,2019,6,-2.9378745166666667,0.9888888888888889,3.450468518873806,0.5288921257868433,2019-06-01,AMF,1.8237091379249817
US-Ton,2019,7,-2.307355370295699,0.9825268817204301,2.549913866106631,0.2671846708305903,2019-07-01,AMF,0.9288637122591167
US-Ton,2019,8,-1.771964192204301,0.967741935483871,2.1470399778225806,0.40481266532258064,2019-08-01,AMF,0.5316990510763765
US-Ton,2019,9,-1.1979306311271207,0.9659722222222222,1.7965439951388888,0.6094464323162465,2019-09-01,AMF,0.18691229549399502
US-Ton,2019,10,-1.145791739919355,0.9610215053763441,1.5842823508064516,0.45366753094856893,2019-10-01,AMF,-0.019640121737132005
US-Ton,2019,11,-0.9214059819444445,0.9305555555555556,0.809778790804392,-0.04259042108649788,2019-11-01,AMF,-0.7884344546378818
US-Ton,2019,12,-0.11577261291519743,0.9596774193548387,0.5609857755376344,0.497613753471103,2019-12-01,AMF,-1.0315182428033292
US-Ton,2020,1,-0.3131680143650599,0.948252688172043,0.8358498918010753,0.540167676425158,2020-01-01,AMF,-0.7509448994385779
US-Ton,2020,2,-0.5363374827586207,0.9489942528735632,1.1193789432471264,0.6127437104885057,2020-02-01,AMF,-0.46170662089121667
US-Ton,2020,3,-0.4457252049731183,0.9583333333333334,1.3393475920698925,0.892164104938652,2020-03-01,AMF,-0.23602874496714044
US-Ton,2020,4,-2.147769245138889,0.9840277777777777,2.8085968291666665,0.6661725980622669,2020-04-01,AMF,1.2389297192309436
US-Ton,2020,5,-3.0767459180107526,0.9596774193548387,3.5918136915322583,0.5481456524322169,2020-05-01,AMF,2.0278558086978453
US-Ton,2020,6,-2.2928857145833335,0.9888888888888889,2.710027638545123,0.4380880451388889,2020-06-01,AMF,1.1517789828120206
US-Ton,2020,7,-1.4806045181451613,0.9872311827956989,1.7504880525332305,0.2896813676075269,2020-07-01,AMF,0.1979486239014382
US-Ton,2020,8,-0.5045881491935484,0.967741935483871,0.8971430947580645,0.39287400465836764,2020-08-01,AMF,-0.6496871067724176
US-Ton,2020,9,-0.5261796541666667,0.9534722222222223,0.7227579909722223,0.22022181553089304,2020-09-01,AMF,-0.8183629834569498
US-Ton,2020,10,-0.3948166942204301,0.9401881720430108,0.590268189516129,0.21607869758064516,2020-10-01,AMF,-0.9451435578117328
US-Ton,2020,11,-0.17064003958333335,0.9395833333333333,0.4944691797268469,0.361228441776337,2020-11-01,AMF,-1.0352333404997047
US-Ton,2020,12,0.09961504426371423,0.9563172043010753,0.4457423487903226,0.5676951983548871,2020-12-01,AMF,-1.078250944334919
US-Uaf,2003,1,0.34595112069892475,1,0.09117329188172044,0.4371245967741936,2003-01-01,AMF,-1.290752951972188
US-Uaf,2003,2,0.24910448779761904,1,0.17540514965029763,0.4245092455357143,2003-02-01,AMF,-1.2106393364726868
US-Uaf,2003,3,-0.4184343303763441,1,0.8162033221774193,0.39777011021505376,2003-03-01,AMF,-0.5739594062146359
US-Uaf,2003,4,0.03381645055555556,1,0.8914293142222223,0.9252470069444444,2003-04-01,AMF,-0.5028516564389052
US-Uaf,2003,5,-0.6465631647177419,1,1.3208098988622312,0.6742470362903226,2003-05-01,AMF,-0.0775893140679685
US-Uaf,2003,6,-1.2974651083333333,1,3.401700128125,2.1042336041666667,2003-06-01,AMF,1.999182672925728
US-Uaf,2003,7,-0.8345249543010753,1,3.9288738063844084,3.094348454301075,2003-07-01,AMF,2.522238108916065
US-Uaf,2003,8,-0.569953625672043,1,2.6700165254032258,2.1000611357526884,2003-08-01,AMF,1.2592625856658093
US-Uaf,2003,9,0.306064778125,1,0.9086803238263889,1.2147455625,2003-09-01,AMF,-0.5061918581800997
US-Uaf,2003,10,0.5288718670698924,1,0.45896266606182795,0.9878348454301076,2003-10-01,AMF,-0.9600277582137328
US-Uaf,2003,11,0.33023679243055554,1,0.12268630072659722,0.45292341736111114,2003-11-01,AMF,-1.3004223658180358
US-Uaf,2003,12,0.4352901806451613,1,-0.18807840519489247,0.2472111556451613,2003-12-01,AMF,-1.6153053140085978
US-Uaf,2004,1,-0.08157219702284946,1,0.20639304655241936,0.1248210436155914,2004-01-01,AMF,-1.2249521045303582
US-Uaf,2004,2,-0.029359217780172416,1,0.2769029842744253,0.24754417744252874,2004-02-01,AMF,-1.1585604090774244
US-Uaf,2004,3,-0.42711637383064516,1,0.6378268257056452,0.2107100248655914,2004-03-01,AMF,-0.8017548099152767
US-Uaf,2004,4,-0.1707306426388889,1,0.8098036101388889,0.6390725395833333,2004-04-01,AMF,-0.6338962677511052
US-Uaf,2004,5,-0.7616570522849463,1,3.200270417607527,2.4386120228494623,2004-05-01,AMF,1.7524522974484606
US-Uaf,2004,6,-1.431458394375,1,4.597769934076389,3.166311736111111,2004-06-01,AMF,3.1458335716482506
US-Uaf,2004,7,-0.9672935168010752,1,3.7365418720067205,2.769249126344086,2004-07-01,AMF,2.28048726730951
US-Uaf,2004,8,-0.031054916196236567,1,2.9670254152553763,2.9359726478494625,2004-08-01,AMF,1.5068525682890934
US-Uaf,2004,9,0.5243928657638889,1,0.7236665621805556,1.2480596944444444,2004-09-01,AMF,-0.7406245270547996
US-Uaf,2004,10,0.6395248186827956,1,0.34254547907258065,0.9820702150537635,2004-10-01,AMF,-1.1258638524318467
US-Uaf,2004,11,0.5010682753263889,1,-0.018864856770833334,0.4822037986111111,2004-11-01,AMF,-1.4913924305443331
US-Uaf,2004,12,0.14575487485215052,1,-0.009174979620967742,0.13657977358870968,2004-12-01,AMF,-1.4858207956635396
US-Uaf,2005,1,0.1589065676344086,0.9926075268817204,0.10203559822826734,0.26160970804897693,2005-01-01,AMF,-1.378728460083377
US-Uaf,2005,2,0.027328959807291667,1,0.5674442464806547,0.5947735927516294,2005-02-01,AMF,-0.9174380541000615
US-Uaf,2005,3,-0.19690118173387097,1,0.28041220084005375,0.0835109616935484,2005-03-01,AMF,-1.2085883420097348
US-Uaf,2005,4,-0.12444256545833333,1,0.6522446268680555,0.5278027354166667,2005-04-01,AMF,-0.8408741582508051
US-Uaf,2005,5,-0.7198734831989247,1,2.4745789470094084,1.754705248655914,2005-05-01,AMF,0.9773419196214754
US-Uaf,2005,6,-1.3414598638194444,1,6.121386677423611,4.779926180555556,2005-06-01,AMF,4.620031407766605
US-Uaf,2005,7,-0.6993501157258064,1,5.195567156653226,4.49622130376344,2005-07-01,AMF,3.690093644727149
US-Uaf,2005,8,-0.028713571236559137,1,4.130589738508064,4.101880174731183,2005-08-01,AMF,2.6209979843129148
US-Uaf,2005,9,0.5035042178472222,1,1.4098281395833334,1.9133328472222222,2005-09-01,AMF,-0.10388185688088836
US-Uaf,2005,10,0.31146425073924733,1,0.36068120327284947,0.6721455309139784,2005-10-01,AMF,-1.1571470354604445
US-Uaf,2005,11,0.9011958138888889,1,0.014112580461111109,0.9153086645833334,2005-11-01,AMF,-1.507833900541255
US-Uaf,2005,12,0.15454876532258063,1,0.006003890793682796,0.16055258629032257,2005-12-01,AMF,-1.5200608324777558
US-Uaf,2006,1,0.12817013501344085,1,-0.011852009821766499,0.1163180395394815,2006-01-01,AMF,-1.5420349753622773
US-Uaf,2006,2,-0.0775300565922619,1,0.23077253009672619,0.15324292261904762,2006-02-01,AMF,-1.3035286777128567
US-Uaf,2006,3,-0.24421780927419354,1,0.3172541307721774,0.07303611928763441,2006-03-01,AMF,-1.2211653193064778
US-Uaf,2006,4,-0.15764692968055555,1,0.45068528427104165,0.29303831319444446,2006-04-01,AMF,-1.0918524080766856
US-Uaf,2006,5,-0.4658328702956989,1,2.077779260483871,1.6119461693548387,2006-05-01,AMF,0.5311233258670714
US-Uaf,2006,6,-0.6133782860416667,1,3.1450739204868055,2.531696111111111,2006-06-01,AMF,1.5942997436009336
US-Uaf,2006,7,-0.7614173225806452,1,5.160992651505376,4.399579435483871,2006-07-01,AMF,3.6061002323504323
US-Uaf,2006,8,-0.0018662681451612985,1,3.6435314640322582,3.641662432795699,2006-08-01,AMF,2.084520802608242
US-Uaf,2006,9,0.55860809930555555,1,1.7544672789583333,2.3130759722222223,2006-09-01,AMF,0.19133837526524494
US-Uaf,2006,10,0.9187145569153226,1,0.43849523778696237,1.357209805107527,2006-10-01,AMF,-1.1287519081751982
US-Uaf,2006,11,0.252271055625,1,0.05617352000694444,0.3084444273263889,2006-11-01,AMF,-1.5151918682242884
US-Uaf,2006,12,0.2943974951612903,1,0.023277146572580645,0.31767544032258066,2006-12-01,AMF,-1.5522064839277243
US-Uaf,2007,1,-0.005227930590656816,0.9993279569892473,0.174596648164721,0.16921941626344086,2007-01-01,AMF,-1.4050052246046563
US-Uaf,2007,2,-0.2067726749702381,1,0.28202477241815477,0.07525218891369048,2007-02-01,AMF,-1.3016953426202946
US-Uaf,2007,3,-0.8094546558400537,1,0.9315228152553764,0.12206818084677419,2007-03-01,AMF,-0.6563155420521453
US-Uaf,2007,4,0.03320070409722222,1,0.5083001965694445,0.5415014583333333,2007-04-01,AMF,-1.0836564030071494
US-Uaf,2007,5,-0.405466544422043,1,1.8934383518346773,1.4879729905913979,2007-05-01,AMF,0.29736350998901123
US-Uaf,2007,6,-1.014715693611111,1,4.775937870208334,3.7612234722222224,2007-06-01,AMF,3.1757447860935955
US-Uaf,2007,7,-0.5170950898319893,1,5.67514165188172,5.1580433467741935,2007-07-01,AMF,4.0708303254979095
US-Uaf,2007,8,0.07143794005376344,1,4.679506467943549,4.750945430107527,2007-08-01,AMF,3.071076899290666
US-Uaf,2007,9,0.5134710966666667,1,1.8430958812777778,2.356566638888889,2007-09-01,AMF,0.2305480703558228
US-Uaf,2007,10,0.4945160112701613,0.9986559139784946,0.30699088469882363,0.7927371706989247,2007-10-01,AMF,-1.3096751684922034
US-Uaf,2007,11,0.5288120479861111,1,0.15923618433333334,0.6880477916666666,2007-11-01,AMF,-1.4615481111267659
US-Uaf,2007,12,0.1449938230107527,1,0.013895014381048386,0.158888218077957,2007-12-01,AMF,-1.6110075233481231
US-Uaf,2008,1,0.013575731222786092,0.9986559139784946,0.644949083223908,0.6583837090053763,2008-01-01,AMF,-0.9840716967743359
US-Uaf,2008,2,-0.2579840220402299,1,0.45930363573513555,0.201319670050569,2008-02-01,AMF,-1.1738353865321804
US-Uaf,2008,3,-0.29919187998655916,1,0.5324484873991936,0.233256688172043,2008-03-01,AMF,-1.1048087771371946
US-Uaf,2008,4,0.06435593875,1,0.6520887528472222,0.71644356875,2008-04-01,AMF,-0.9892867539582383
US-Uaf,2008,5,-0.5424950366935484,1,1.8412103054435485,1.2987161424731182,2008-05-01,AMF,0.19571655636901575
US-Uaf,2008,6,-1.1431467965972222,1,4.293525478888889,3.150379861111111,2008-06-01,AMF,2.6439134875452845
US-Uaf,2008,7,-1.2446897985887098,1,4.5455868404569895,3.3009007392473118,2008-07-01,AMF,2.891856606844313
US-Uaf,2008,8,-0.13230123588709677,1,3.6081680692204303,3.4758657258064516,2008-08-01,AMF,1.950319593338681
US-Uaf,2008,9,0.9595218807638889,1,1.483434847973611,2.4429584861111113,2008-09-01,AMF,-0.17853187017721053
US-Uaf,2008,10,0.6031085620967742,1,0.2497406431048387,0.8528491599462366,2008-10-01,AMF,-1.416344317315055
US-Uaf,2008,11,0.46731156403472224,1,0.12315877895833334,0.5904703,2008-11-01,AMF,-1.5470444237306327
US-Uaf,2008,12,0.020235628293010753,1,0.0523832157358871,0.07261871593622984,2008-12-01,AMF,-1.6219382292221511
US-Uaf,2009,1,-0.3033347352755376,1,0.3609473017473118,0.05761227089756243,2009-01-01,AMF,-1.3174923854797984
US-Uaf,2009,2,-0.23617354305059524,1,0.32983791169642857,0.09366495736607143,2009-02-01,AMF,-1.352720017799754
US-Uaf,2009,3,-0.45368542456317207,1,0.5964215793682796,0.1427361740591398,2009-03-01,AMF,-1.0902545923969753
US-Uaf,2009,4,-0.25338616694652777,1,0.5861586456798611,0.33277226111111113,2009-04-01,AMF,-1.1046357683544659
US-Uaf,2009,5,-0.5291623279569893,1,1.7789546599193549,1.24979,2009-05-01,AMF,0.08404200361595555
US-Uaf,2009,6,-1.3904254492361112,1,3.975873359125,2.5854439583333333,2009-06-01,AMF,2.2768424605525284
US-Uaf,2009,7,-0.2597109801075269,1,5.180611102419355,4.920903427419355,2009-07-01,AMF,3.477461961577811
US-Uaf,2009,8,0.6980050407930107,1,3.0412185752419356,3.739225,2009-08-01,AMF,1.3339511921313196
US-Uaf,2009,9,0.6478529814583334,1,1.38913740725,2.0369904444444447,2009-09-01,AMF,-0.3222482181296882
US-Uaf,2009,10,0.9944909728494623,1,0.5178583795698924,1.5123509677419356,2009-10-01,AMF,-1.197645488078868
US-Uaf,2009,11,0.44348762333333336,1,0.018903136166666668,0.46239080694444445,2009-11-01,AMF,-1.7007189737511659
US-Uaf,2009,12,0.3620673359543011,1,0.011561975221774195,0.3736294079301075,2009-12-01,AMF,-1.7121783769651306
US-Uaf,2010,1,-0.054487785698924734,1,0.19452437771505376,0.14003664092741935,2010-01-01,AMF,-1.5333342167409232
US-Uaf,2010,2,0.09286141332589286,1,0.2720482425892857,0.364909265625,2010-02-01,AMF,-1.4599285941357634
US-Uaf,2010,3,-0.4908581024663978,1,0.6252712847311828,0.13441279838709677,2010-03-01,AMF,-1.1108237942629386
US-Uaf,2010,4,0.026452759016835848,0.9993055555555556,1.1207626476005321,1.1485171944444446,2010-04-01,AMF,-0.6194506736626616
US-Uaf,2010,5,-0.05506359704301075,1,2.922826669354839,2.867760954301075,2010-05-01,AMF,1.178495105822573
US-Uaf,2010,6,-0.7204480923611111,1,4.9674645749930555,4.247012708333333,2010-06-01,AMF,3.2190147691917175
US-Uaf,2010,7,-0.7278641521505377,1,5.19801270389785,4.470150134408602,2010-07-01,AMF,3.4454446558274396
US-Uaf,2010,8,0.6635162033602151,1,5.513905392473118,6.177425336021505,2010-08-01,AMF,3.757219102133636
US-Uaf,2010,9,1.3245896769444445,0.9993055555555556,2.493932935384889,3.8117722916666668,2010-09-01,AMF,0.7331284027763344
US-Uaf,2010,10,0.7579900610887097,1,0.31454339580712365,1.0725332325268817,2010-10-01,AMF,-1.4503793790705035
US-Uaf,2010,11,0.4522305225,1,0.12682597020833333,0.5790564284722223,2010-11-01,AMF,-1.6422150469383658
US-Uaf,2010,12,-0.0778065725672043,1,0.16417265228494624,0.08636599462365592,2010-12-01,AMF,-1.6089866071308252
US-Uaf,2011,1,0.06747728322592143,0.9993279569892473,0.17019950755102406,0.23779669079301075,2011-01-01,AMF,-1.6070779941338196
US-Uaf,2011,2,-0.1914491955357143,1,0.26711773947247025,0.07566898675595238,2011-02-01,AMF,-1.5142780044814457
US-Uaf,2011,3,-0.28749993934139784,1,0.47084769161290324,0.18334714932795698,2011-03-01,AMF,-1.3146662946100849
US-Uaf,2011,4,-0.26944826666666666,1,0.7404897661111111,0.47104117916666666,2011-04-01,AMF,-1.0491424623809493
US-Uaf,2011,5,-0.5464001627688172,1,2.375763852627688,1.8293639180107526,2011-05-01,AMF,0.5820133818665556
US-Uaf,2011,6,-0.9481688246527777,1,5.254307904597222,4.306139166666667,2011-06-01,AMF,3.456439191567017
US-Uaf,2011,7,-0.8000030731854839,1,5.533706305712365,4.733704502688172,2011-07-01,AMF,3.7317193504130883
US-Uaf,2011,8,0.22901390376344086,1,4.911230325665323,5.140238508064516,2011-08-01,AMF,3.1051251280969736
US-Uaf,2011,9,1.5932061395833332,1,2.6960888888194443,4.2892946527777776,2011-09-01,AMF,0.885865448982023
US-Uaf,2011,10,1.140242691580042,0.9979838709677419,0.9135451180883096,2.052766323924731,2011-10-01,AMF,-0.900796564018184
US-Uaf,2011,11,0.32001723168055557,1,0.1653653684097222,0.4853822413888889,2011-11-01,AMF,-1.6530945559658434
US-Uaf,2011,12,0.501175633266129,1,-0.0768560749798387,0.42431932123655913,2011-12-01,AMF,-1.8994342416244765
US-Uaf,2012,1,-0.06402325043010752,1,0.10543249628360216,0.04140931947580645,2012-01-01,AMF,-1.7212639126301081
US-Uaf,2012,2,0.02345916791666667,1,0.224274435158046,0.24773336547413793,2012-02-01,AMF,-1.6065402160247366
US-Uaf,2012,3,-0.5306299015389785,1,0.6342504812701613,0.10362022043010753,2012-03-01,AMF,-1.2006824121816935
US-Uaf,2012,4,-0.09354910409722222,1,1.3545528009027779,1.2610019583333334,2012-04-01,AMF,-0.484498334818149
US-Uaf,2012,5,-1.1930605365591398,1,3.2035181815860216,2.0104574596774194,2012-05-01,AMF,1.3603488035960225
US-Uaf,2012,6,-1.555172827638889,1,4.758924953236111,3.203749097222222,2012-06-01,AMF,2.9116373329770395
US-Uaf,2012,7,-1.2610092002688171,1,5.070695386155914,3.8096866935483873,2012-07-01,AMF,3.2192895236277708
US-Uaf,2012,8,0.13301254065860216,1,4.619905853494624,4.752915053763441,2012-08-01,AMF,2.764381748697408
US-Uaf,2012,9,0.8558767580555555,1,1.6844013483333333,2.540277638888889,2012-09-01,AMF,-0.17524099873295468
US-Uaf,2012,10,0.5432703323252688,1,0.2905611214247312,0.8338312634408602,2012-10-01,AMF,-1.573199467910629
US-Uaf,2012,11,0.4266437952638889,1,0.07530653445138889,0.5019501576388888,2012-11-01,AMF,-1.7925722971530436
US-Uaf,2012,12,0.37123679797715053,1,-0.1489385574596774,0.22229763512108142,2012-12-01,AMF,-2.0209356313331814
US-Uaf,2013,1,0.09970344267473118,1,0.09687969172715054,0.19658307943448064,2013-01-01,AMF,-1.7792356244154262
US-Uaf,2013,2,-0.020661154657738094,1,0.30176222877306547,0.28110129613095236,2013-02-01,AMF,-1.5784713296385837
US-Uaf,2013,3,-0.4446966715860215,1,0.7712256034341398,0.3265288446908602,2013-03-01,AMF,-1.1131261972465814
US-Uaf,2013,4,-0.7180411239375,1,0.9690930726388889,0.25105158055555554,2013-04-01,AMF,-0.9193769703109046
US-Uaf,2013,5,-0.3150063502016129,1,1.837592177686156,1.522587560483871,2013-05-01,AMF,-0.054996107532709795
US-Uaf,2013,6,-1.1929215720138888,1,4.439344426388889,3.2464207638888887,2013-06-01,AMF,2.542637898900951
US-Uaf,2013,7,-1.4424884798387096,1,5.800225369623656,4.357743413978494,2013-07-01,AMF,3.8994005998666466
US-Uaf,2013,8,-0.39018927688172045,1,4.638363708064516,4.248170295698925,2013-08-01,AMF,2.733420696038434
US-Uaf,2013,9,0.5238128293333333,1,1.4785429388819444,2.0023547083333333,2013-09-01,AMF,-0.4305183154132102
US-Uaf,2013,10,0.7954171592069893,1,0.43437874905174734,1.2297964852150538,2013-10-01,AMF,-1.4788007475124794
US-Uaf,2013,11,0.6990194802777778,1,0.011534333527777775,0.7105533708333334,2013-11-01,AMF,-1.9057634053055212
US-Uaf,2013,12,0.5296210704670699,1,-0.1546106934879032,0.37501019146505377,2013-12-01,AMF,-2.0760266745902745
US-UMB,2015,1,0.5258914472892581,0.9993279569892473,0.05015783327199046,0.5759873411290323,2015-01-01,AMF,-3.8003645598185303
US-UMB,2015,2,0.44726280736607144,1,-0.10452041651785715,0.3427424951636905,2015-02-01,AMF,-3.958888827705061
US-UMB,2015,3,0.7692287727150537,1,0.05626416779569893,0.8254922113575269,2015-03-01,AMF,-3.8019502614881886
US-UMB,2015,4,0.8924197483401346,0.9979166666666667,1.0765795451005957,1.9624448253472222,2015-04-01,AMF,-2.7854809022799745
US-UMB,2015,5,0.7984035648521506,1,3.842674701814516,4.641076948185484,2015-05-01,AMF,-0.023231763662737964
US-UMB,2015,6,-4.613698029027778,1,10.771270814583334,6.157572214375,2015-06-01,AMF,6.901518331009397
US-UMB,2015,7,-5.308643932862903,1,11.313717853360215,6.005075981115591,2015-07-01,AMF,7.440119351689595
US-UMB,2015,8,-3.5667457694892475,1,8.991497200510752,5.424750465658602,2015-08-01,AMF,5.114052680743448
US-UMB,2015,9,-1.9713678719473007,0.9986111111111111,7.019526432933055,5.051163066875,2015-09-01,AMF,3.138235895069067
US-UMB,2015,10,0.7554926679435484,1,2.353012277950941,3.108508130174731,2015-10-01,AMF,-1.5321242780097295
US-UMB,2015,11,1.4536337932667842,0.9958333333333333,0.38526023436408047,1.8373207349305556,2015-11-01,AMF,-3.5037223396932733
US-UMB,2015,12,0.8464635594640101,0.9939516129032258,0.15906821806044646,1.0222994215053764,2015-12-01,AMF,-3.733760374093591
US-UMB,2016,1,0.5846466280241935,1,-0.14603178970900538,0.43861468346774196,2016-01-01,AMF,-4.042706399959726
US-UMB,2016,2,0.6299967445311012,1,-0.074798635704023,0.5574700620689655,2016-02-01,AMF,-3.975319264051427
US-UMB,2016,3,0.6734418615389784,1,0.15960823039650537,0.8330501018817205,2016-03-01,AMF,-3.7447584160475818
US-UMB,2016,4,0.7730292391941945,1,0.6075332379277778,1.4027558130555555,2016-04-01,AMF,-3.300679426612993
US-UMB,2016,5,0.5601882694422712,1,3.464038999798387,4.007630105174731,2016-05-01,AMF,-0.44801968283906646
US-UMB,2016,6,-5.075843065972222,1,11.084165085659722,6.008324794652777,2016-06-01,AMF,7.168260384925586
US-UMB,2016,7,-4.515542798918613,1,11.58885145672043,7.084335790994624,2016-07-01,AMF,7.669100737889611
US-UMB,2016,8,-3.012192194892473,1,8.21267546639785,5.200482136021505,2016-08-01,AMF,4.289078729470346
US-UMB,2016,9,-2.122199037152778,0.9993055555555556,7.1588981355566625,5.047284220833333,2016-09-01,AMF,3.2314553805324757
US-UMB,2016,10,1.145089260483871,0.9993279569892473,2.5394218550749303,3.677925628158602,2016-10-01,AMF,-1.39186691804594
US-UMB,2016,11,1.5562943936642382,0.9979166666666667,0.4946493403710364,2.0680103991666665,2016-11-01,AMF,-3.4404854508465172
US-UMB,2016,12,0.807301240456147,0.9993279569892473,0.026844490154975146,0.8371054351478494,2016-12-01,AMF,-3.912136319159261
US-UMB,2017,1,0.7032754425399615,0.9946236559139785,0.03940440082897989,0.7502317151209678,2017-01-01,AMF,-3.9034224265819404
US-UMB,2017,2,0.6010578396354167,1,0.04084709869047619,0.6419050102678572,2017-02-01,AMF,-3.905825746817127
US-UMB,2017,3,0.5305714309811828,1,0.06071432035752688,0.591286025,2017-03-01,AMF,-3.8898045432467603
US-UMB,2017,4,0.895095412442695,0.9993055555555556,0.8027420616193224,1.6981149886805555,2017-04-01,AMF,-3.1516228200816476
US-UMB,2017,5,0.6810328053763441,1,2.7694738233803764,3.450503997177419,2017-05-01,AMF,-1.1887370764172769
US-UMB,2017,6,-3.6491447256944443,1,10.973135517708334,7.323993256805555,2017-06-01,AMF,7.011078599813997
US-UMB,2017,7,-4.469833150537634,1,11.337468344959678,6.867626537231183,2017-07-01,AMF,7.371565408968658
US-UMB,2017,8,-3.3127618256720432,1,9.414026578682796,6.101254435752688,2017-08-01,AMF,5.444277624595093
US-UMB,2017,9,-2.1324364840277776,1,7.273079730236111,5.140632817430555,2017-09-01,AMF,3.299484758051724
US-UMB,2017,10,0.6750679123655914,0.9993279569892473,2.618325292029066,3.2996208828629032,2017-10-01,AMF,-1.3591156982520038
US-UMB,2017,11,1.184601651736111,0.9993055555555556,0.30710619112524995,1.4869750011111111,2017-11-01,AMF,-3.6741808172525032
US-UMB,2017,12,0.7461718568307878,0.9966397849462365,0.06946945200100997,0.8259619522849463,2017-12-01,AMF,-3.9156635744734265
US-Vcm,2007,1,0.26388517352889784,1,0.37128878219758066,0.6351734188844086,2007-01-01,AMF,-1.3828893770086346
US-Vcm,2007,2,0.4369390532738095,1,0.24532359955357144,0.6822627022321428,2007-02-01,AMF,-1.5045366802371622
US-Vcm,2007,3,-0.2701693119287634,1,1.1167510278225807,0.8465817649193549,2007-03-01,AMF,-0.6287913725526678
US-Vcm,2007,4,-1.6832489100742691,0.9958333333333333,2.5779445573483244,0.904840303125,2007-04-01,AMF,0.8367200363885604
US-Vcm,2007,5,-2.296602221718818,0.9973118279569892,3.3246443934105834,1.035713910013441,2007-05-01,AMF,1.587737751866304
US-Vcm,2007,6,-0.7244418701388889,1,1.9862229428472222,1.2617812097916667,2007-06-01,AMF,0.2536341807184276
US-Vcm,2007,7,-1.9097419536290323,1,3.229331840672043,1.3195913652553763,2007-07-01,AMF,1.5010609579587328
US-Vcm,2007,8,-2.3528209987537316,0.9979838709677419,3.6689803876905125,1.3227151072580645,2007-08-01,AMF,1.9450273843926873
US-Vcm,2007,9,-2.541261267674434,0.9847222222222223,3.66515378929508,1.1922345718055556,2007-09-01,AMF,1.9455186654127392
US-Vcm,2007,10,-1.456335327553854,0.9838709677419355,2.4437278982499553,1.0345886254032257,2007-10-01,AMF,0.7284106537830993
US-Vcm,2007,11,-0.6627598788194444,1,1.5706887564583334,0.9079285957638888,2007-11-01,AMF,-0.14031060859303796
US-Vcm,2007,12,0.7336143620833333,1,-0.13740471881048388,0.5962097832661291,2007-12-01,AMF,-1.8440862044463706
US-Vcm,2008,1,0.6648933194892473,1,-0.10131671511424731,0.5635758030913979,2008-01-01,AMF,-1.8036803213346493
US-Vcm,2008,2,0.5941673191235632,1,0.07334799400862069,0.6675143875,2008-02-01,AMF,-1.6246977327962968
US-Vcm,2008,3,0.6530368433333333,1,-0.1515016218373656,0.5015356086021505,2008-03-01,AMF,-1.8452294692267983
US-Vcm,2008,4,-0.27788051333333336,1,0.5583692845451389,0.2804888201388889,2008-04-01,AMF,-1.1310406834288091
US-Vcm,2008,5,-2.254762363862763,0.9959677419354839,2.5642860992389647,0.3067088265456989,2008-05-01,AMF,0.8791940106805012
US-Vcm,2008,6,-1.4846383735416666,0.9986111111111111,3.2395942581583643,1.7651139071527777,2008-06-01,AMF,1.5588200490153854
US-Vcm,2008,7,-2.642155132201765,0.9858870967741935,3.6308390645650053,1.0768698185483871,2008-07-01,AMF,1.9543827348375113
US-Vcm,2008,8,-1.667077598197399,0.9993279569892473,3.4046604670481733,1.7293571663978495,2008-08-01,AMF,1.7325220167361637
US-Vcm,2008,9,-2.28261287125,1,3.3732881453125,1.0906773872222222,2008-09-01,AMF,1.705467574415975
US-Vcm,2008,10,-1.3825577413172043,1,2.0207713315389784,0.6382138261424731,2008-10-01,AMF,0.3572686400579381
US-Vcm,2008,11,-0.40414754770833333,1,1.0757415223263889,0.6715932271527778,2008-11-01,AMF,-0.5834432897391667
US-Vcm,2008,12,0.37821615740591397,1,0.16589440735215052,0.5441112580645161,2008-12-01,AMF,-1.4889725252979205
US-Vcm,2009,1,0.3241020020564516,1,0.2201213004704301,0.5442242152553763,2009-01-01,AMF,-1.430427752764156
US-Vcm,2009,2,0.20250000557291667,1,0.3373392474925595,0.5398391264136905,2009-02-01,AMF,-1.308891926326542
US-Vcm,2009,3,0.18965748981425198,1,0.3603711270430108,0.5522884932795699,2009-03-01,AMF,-1.2815421673606062
US-Vcm,2009,4,-0.6268971572986111,1,1.1985069145861111,0.571610234375,2009-04-01,AMF,-0.4390885004020212
US-Vcm,2009,5,-2.0251796514784948,0.9986559139784946,3.00832594910545,0.9849185584677419,2009-05-01,AMF,1.3750484135328023
US-Vcm,2009,6,-1.6508175274652779,1,3.420641978847222,1.7698212460416667,2009-06-01,AMF,1.7916823226900591
US-Vcm,2009,7,-1.0210356911962366,1,2.925679860685484,1.904644970094086,2009-07-01,AMF,1.3010380839438056
US-Vcm,2009,8,-1.3321402373655915,1,2.5843574491935484,1.252217297311828,2009-08-01,AMF,0.9640335518673546
US-Vcm,2009,9,-1.2100598149305555,0.9986111111111111,2.354716282023474,1.1386994643055555,2009-09-01,AMF,0.7387102641127651
US-Vcm,2009,10,-0.9399278300403225,0.9966397849462365,1.2911389574289092,0.33826075450268817,2009-10-01,AMF,-0.32054918106631525
US-Vcm,2009,11,-0.1800319337777778,1,0.34194604883055557,0.1619135275,2009-11-01,AMF,-1.2654242102491844
US-Vcm,2009,12,0.5575853120698925,1,-0.24968914746841397,0.307896476344086,2009-12-01,AMF,-1.852741527132669
US-Vcm,2010,1,0.48443976028225805,1,-0.17604407441397849,0.30839556713709676,2010-01-01,AMF,-1.774778574662749
US-Vcm,2010,2,0.5434423991071429,1,-0.21668239441964285,0.3267601162202381,2010-02-01,AMF,-1.8110990152529285
US-Vcm,2010,3,0.6089548744556451,1,-0.41990704280913976,0.18904868561827956,2010-03-01,AMF,-2.0100057842269408
US-Vcm,2010,4,-0.4598665246281787,0.9993055555555556,0.8529431908475444,0.3929206990972222,2010-04-01,AMF,-0.732837671154772
US-Vcm,2010,5,-1.3043403715524193,1,1.9405125698252688,0.636173092405914,2010-05-01,AMF,0.35904958723843694
US-Vcm,2010,6,-1.254262638888889,1,3.130680562013889,1.8764179541666666,2010-06-01,AMF,1.5535354588425418
US-Vcm,2010,7,-2.3952457194892474,1,4.180310223924732,1.7850667767473118,2010-07-01,AMF,2.607483000168869
US-Vcm,2010,8,-2.618306455645161,1,4.351246122466398,1.7329406217069891,2010-08-01,AMF,2.78273677812602
US-Vcm,2010,9,-2.270582094861111,1,3.2015165028263888,0.9309327846527777,2010-09-01,AMF,1.6373250379014954
US-Vcm,2010,10,-1.9391118304408312,0.9993279569892473,2.397503068813817,0.45843789677419355,2010-10-01,AMF,0.8376294833044082
US-Vcm,2010,11,0.41376754666666665,0.9993055555555556,-0.06722799464721667,0.34411521395833333,2010-11-01,AMF,-1.6227837007411408
US-Vcm,2010,12,0.40032889485887097,1,-0.11456862322580645,0.2857601573252688,2010-12-01,AMF,-1.6658064499042458
US-Vcm,2011,1,0.6047345857728494,1,-0.41822612069892473,0.1865089821908602,2011-01-01,AMF,-1.9651460679618793
US-Vcm,2011,2,0.6939427364583334,1,-0.4048964025892857,0.28904612938988095,2011-02-01,AMF,-1.9474984704367555
US-Vcm,2011,3,0.4256810279233871,1,-0.23985218719758064,0.1858290505376344,2011-03-01,AMF,-1.778136375629566
US-Vcm,2011,4,-0.6792813402222222,0.9993055555555556,1.1679414849568943,0.4886499077777778,2011-04-01,AMF,-0.36602482405960635
US-Vcm,2011,5,-1.5020515230510754,1,2.255603388436156,0.7535522814516129,2011-05-01,AMF,0.7259549588351398
US-Vcm,2011,6,-0.29877849368055553,1,2.20487469125,1.9060962872222222,2011-06-01,AMF,0.6795441410644687
US-Vcm,2011,7,-1.2516637122983871,1,2.608321354502688,1.3566576076612904,2011-07-01,AMF,1.0873086837326413
US-Vcm,2011,8,-1.1013975567876344,1,3.0684553384408604,1.9670595516801075,2011-08-01,AMF,1.5517605470862983
US-Vcm,2011,9,-1.8812206861111112,1,3.004069191666667,1.1228493798611112,2011-09-01,AMF,1.4916922797275893
US-Vcm,2011,10,-1.3943628809139785,0.9993279569892473,1.7986961620891881,0.4020702568548387,2011-10-01,AMF,0.2906371295655953
US-Vcm,2011,11,-0.054130499666666665,1,0.29686675984930555,0.24273609298611112,2011-11-01,AMF,-1.2068743932588026
US-Vcm,2011,12,0.44941255030241933,1,0.20595715022849462,0.6553700764784947,2011-12-01,AMF,-1.293466123464129
US-Vcm,2012,1,0.30958537177419354,1,-0.043735210572580646,0.26584932883064516,2012-01-01,AMF,-1.5388406048497194
US-Vcm,2012,2,0.3150614480603448,1,0.04995567263649425,0.3650168764367816,2012-02-01,AMF,-1.4408318422251598
US-Vcm,2012,3,-0.1375017706854839,1,0.34689635372983874,0.20939412258064516,2012-03-01,AMF,-1.1395732817163309
US-Vcm,2012,4,-1.6347127104836119,1,2.0321832341944446,0.3970936759722222,2012-04-01,AMF,0.5500314781637596
US-Vcm,2012,5,-1.7663973534946236,1,2.6662849322580646,0.8998894422715054,2012-05-01,AMF,1.1884510556428642
US-Vcm,2012,6,-1.3390263618055556,1,2.4721008162500002,1.1330763797916668,2012-06-01,AMF,0.9985848190502846
US-Vcm,2012,7,-1.3825315010752688,1,2.62519128844086,1.2426592356182795,2012-07-01,AMF,1.155993170656629
US-Vcm,2012,8,-1.6555380483064517,1,3.4256691184139787,1.770133854704301,2012-08-01,AMF,1.9607888800452324
US-Vcm,2012,9,-1.9280127681654287,0.9993055555555556,2.8312839286209956,0.9034541428472223,2012-09-01,AMF,1.370721569667734
US-Vcm,2012,10,-1.1962647877016128,0.9993279569892473,1.5451824194751724,0.35127379758064514,2012-10-01,AMF,0.08893793993739543
US-Vcm,2012,11,-0.5594812979584447,0.9993055555555556,0.8351247516753342,0.2756302348611111,2012-11-01,AMF,-0.6168018484469582
US-Vcm,2012,12,0.255026035483871,1,0.16001398749327958,0.41503995819892475,2012-12-01,AMF,-1.2875947332135282
US-Vcp,2007,1,0.02097357532398492,0.9986559139784946,0.8137054636739187,0.8347687674731182,2007-01-01,AMF,-2.033780126725657
US-Vcp,2007,2,-0.21857326089285714,1,0.8616732517113095,0.643099828125,2007-02-01,AMF,-1.9839983821228258
US-Vcp,2007,3,-1.4830336656445595,0.9986559139784946,2.7135430721590303,1.2299857795698925,2007-03-01,AMF,-0.1303146051096647
US-Vcp,2007,4,-3.1539990108021816,0.9979166666666667,4.07025141846667,0.9152939451388888,2007-04-01,AMF,1.228207697763416
US-Vcp,2007,5,-3.0462874737701613,1,4.383627560080646,1.3373401680107526,2007-05-01,AMF,1.5433977959428329
US-Vcp,2007,6,-1.1030270973611112,1,2.972551304888889,1.8695273472222222,2007-06-01,AMF,0.1341354973165173
US-Vcp,2007,7,0.5584125433467741,1,2.464765491061828,3.0231745766129032,2007-07-01,AMF,-0.37183635994510267
US-Vcp,2007,8,-0.3253087,1,3.802478795221774,3.477165188172043,2007-08-01,AMF,0.9676909007802845
US-Vcp,2007,9,-0.9296970920833333,1,3.625819574715972,2.6961291666666667,2007-09-01,AMF,0.7928456368399235
US-Vcp,2007,10,-1.5839688701747312,1,3.37572645609543,1.7917575806451613,2007-10-01,AMF,0.5445664747848229
US-Vcp,2007,11,-0.4355828493055556,1,1.8759702814583334,1.4403872291666666,2007-11-01,AMF,-0.9533757432868328
US-Vcp,2007,12,-0.15572106485215054,1,1.1191652563239247,0.9634441559139785,2007-12-01,AMF,-1.7083668118558002
US-Vcp,2008,1,0.2858956084408602,1,0.5342881745295699,0.8201829495967742,2008-01-01,AMF,-2.2914299370847138
US-Vcp,2008,2,0.017523623915229884,1,0.8837161981465518,0.9012398798491379,2008-02-01,AMF,-1.940187956902291
US-Vcp,2008,3,-0.9866816899193548,1,1.4881601893346774,0.5014786612903226,2008-03-01,AMF,-1.3339300091487243
US-Vcp,2008,4,-2.884753582916667,1,3.451338429236111,0.5665856951388889,2008-04-01,AMF,0.6310621873181503
US-Vcp,2008,5,-3.1099155066532256,1,4.2817516094086026,1.171839811827957,2008-05-01,AMF,1.4632893240560831
US-Vcp,2008,6,-2.1406840585542404,0.9986111111111111,4.494173754865367,2.3624642916666665,2008-06-01,AMF,1.6775254260782881
US-Vcp,2008,7,-0.5206199469758065,1,4.202279868212366,3.681659744623656,2008-07-01,AMF,1.3874454959907287
US-Vcp,2008,8,-0.6289154590053764,1,4.126100366875,3.4971793413978496,2008-08-01,AMF,1.3130799512188036
US-Vcp,2008,9,-1.3970758203472222,1,4.782458760631944,3.385382472222222,2008-09-01,AMF,1.9712523015411894
US-Vcp,2008,10,-0.9587240732526882,1,3.712122151814516,2.7533971438172045,2008-10-01,AMF,0.9027296492892021
US-Vcp,2008,11,-0.48082575729166666,1,2.1046859726875,1.6238610208333333,2008-11-01,AMF,-0.702892573272373
US-Vcp,2008,12,0.11933398434139784,1,0.9366645656115591,1.0559976353494624,2008-12-01,AMF,-1.8691000237828725
US-Vcp,2009,1,0.05612704711021506,1,1.1497425081989248,1.2058693346774194,2009-01-01,AMF,-1.6542081246300657
US-Vcp,2009,2,-0.3085372523139881,1,1.2199304637872024,0.9113929092261904,2009-02-01,AMF,-1.582206212476347
US-Vcp,2009,3,-1.4172071209005377,1,3.3552019642540323,1.93799625,2009-03-01,AMF,0.5548792445559241
US-Vcp,2009,4,-2.8746479904861113,1,4.266160643916667,1.391513798611111,2009-04-01,AMF,1.4676518807839996
US-Vcp,2009,5,-3.303033577520161,1,4.85877574764785,1.5557352016129031,2009-05-01,AMF,2.062080941080624
US-Vcp,2009,6,-2.0311682458333333,1,4.473467483434722,2.4422893055555557,2009-06-01,AMF,1.6785866334329371
US-Vcp,2009,7,-0.25530073575268813,1,3.0779883140456987,2.8226922715053764,2009-07-01,AMF,0.28492142060935494
US-Vcp,2009,8,-0.09049355712365592,1,2.995490447110215,2.9049951545698924,2009-08-01,AMF,0.2042375102393122
US-Vcp,2009,9,-0.8099779631944445,1,3.7457966013958335,2.935817673611111,2009-09-01,AMF,0.9563576210903719
US-Vcp,2009,10,-0.9814187347580645,1,2.924930795497312,1.9435098051075268,2009-10-01,AMF,0.13730577175729147
US-Vcp,2009,11,-0.09342535161805557,1,2.4510880366666665,2.3576623333333333,2009-11-01,AMF,-0.33472303050791274
US-Vcp,2009,12,0.2260609628360215,1,1.0060498909805107,1.2321101935483871,2009-12-01,AMF,-1.7779472196286277
US-Vcp,2010,1,0.38916783978494623,1,1.027424112936828,1.4165930577956989,2010-01-01,AMF,-1.754759041106869
US-Vcp,2010,2,0.17315006607142858,1,0.6198038197916667,0.792953152529762,2010-02-01,AMF,-2.160565377686589
US-Vcp,2010,3,-0.30656448911290324,1,1.575518323158602,1.268954744623656,2010-03-01,AMF,-1.2030369177542126
US-Vcp,2010,4,-2.99336226,1,4.447487999388889,1.4541280763888889,2010-04-01,AMF,1.670746715041515
US-Vcp,2010,5,-3.188831800403226,1,5.315204539650538,2.12637313844086,2010-05-01,AMF,2.5402772118686054
US-Vcp,2010,6,-1.0065633620833334,1,4.071679907916667,3.065115763888889,2010-06-01,AMF,1.2985665367001753
US-Vcp,2010,7,0.06248767399193548,1,3.232859102755376,3.2953470430107528,2010-07-01,AMF,0.46155968810432585
US-Vcp,2010,8,-0.8740272827284946,1,5.686956366754032,4.812935215053764,2010-08-01,AMF,2.917470908668423
US-Vcp,2010,9,-0.97824824625,1,4.423936457152778,3.4456910416666666,2010-09-01,AMF,1.6562649556326101
US-Vcp,2010,10,-1.763140249324948,1,4.1747382514784945,2.3980307258064517,2010-10-01,AMF,1.4088807065237676
US-Vcp,2010,11,-0.5278032284722223,1,2.0368695722222223,1.5090657986111111,2010-11-01,AMF,-0.7271740161670635
US-Vcp,2010,12,-0.09338592647849463,1,1.2565148145094087,1.1631299735147849,2010-12-01,AMF,-1.5057148173144361
US-Vcp,2011,1,0.2057629252016129,1,1.2363024184811828,1.442066939516129,2011-01-01,AMF,-1.5241132567772209
US-Vcp,2011,2,0.10021647276041666,1,0.7145257329241071,0.8147425988169643,2011-02-01,AMF,-2.0440759857688553
US-Vcp,2011,3,-1.238525262298387,1,2.2137767844086023,0.9752482728494624,2011-03-01,AMF,-0.5430109777189192
US-Vcp,2011,4,-2.239175967395833,1,3.3173835088958334,1.0782052638888888,2011-04-01,AMF,0.5624097033337532
US-Vcp,2011,5,-1.2198361545497312,1,2.3053374171774195,1.085500564516129,2011-05-01,AMF,-0.44782243181921966
US-Vcp,2011,6,1.2032049640277778,1,0.43852721743055556,1.6417331736111112,2011-06-01,AMF,-2.3128186750006425
US-Vcp,2011,7,0.9019409084139784,1,2.528056571323925,3.429999932795699,2011-07-01,AMF,-0.22147536454183198
US-Vcp,2011,8,0.44007809079301075,1,4.914257262432796,5.354330712365591,2011-08-01,AMF,2.16653928313248
US-Vcp,2011,9,-0.5508851497916667,1,4.059418453541666,3.508535138888889,2011-09-01,AMF,1.3135144308067919
US-Vcp,2011,10,-0.9086638340053763,1,3.2998934639784947,2.391235262096774,2011-10-01,AMF,0.5558033978090613
US-Vcp,2011,11,-0.6661688568055556,1,2.0832346019583334,1.4170637708333333,2011-11-01,AMF,-0.659041507645659
US-Vcp,2011,12,0.29157020873655914,1,0.8431646370295699,1.1347338682795698,2011-12-01,AMF,-1.8972975160089816
US-Vcp,2012,1,-0.032944408534946235,1,1.0927795885080644,1.0598352016129031,2012-01-01,AMF,-1.645868607965046
US-Vcp,2012,2,-0.04630086940373564,1,0.8442480624137931,0.7979469655172414,2012-02-01,AMF,-1.8925861774938761
US-Vcp,2012,3,-0.8687590485215054,1,2.352899703514785,1.4841416323924732,2012-03-01,AMF,-0.382120579827443
US-Vcp,2012,4,-2.5026047424305555,1,4.067986544236111,1.5653815486111111,2012-04-01,AMF,1.334780217459324
US-Vcp,2012,5,-2.307938885752688,1,4.636392018918011,2.3284495900537636,2012-05-01,AMF,1.9049996487066652
US-Vcp,2012,6,0.7343175696527778,1,1.592311592,2.3266289374999998,2012-06-01,AMF,-1.1372668216459048
US-Vcp,2012,7,0.44001661364247313,1,4.216290911505376,4.656303024193549,2012-07-01,AMF,1.4885264544249124
US-Vcp,2012,8,-0.1964062000672043,1,4.000595698857527,3.8041950940860216,2012-08-01,AMF,1.2746451983425047
US-Vcp,2012,9,-0.07111729013888887,1,3.5940522417013887,3.522929791666667,2012-09-01,AMF,0.8699156977518074
US-Vcp,2012,10,-0.6414639172043011,1,2.0136096290524192,1.3721436962365592,2012-10-01,AMF,-0.7087129583317209
US-Vcp,2012,11,0.08902028097222223,1,2.372450425,2.461470652777778,2012-11-01,AMF,-0.34805820581869923
US-Vcp,2012,12,0.11875961094758065,1,1.1743609103494623,1.2931212452956988,2012-12-01,AMF,-1.5443337639037955
US-Wrc,1999,1,-0.4262200703853629,0.9932795698924731,0.8642913479610695,0.4244315456989247,1999-01-01,AMF,-2.086301413256683
US-Wrc,1999,2,-0.7264357993360293,0.9962797619047619,0.9946380289695722,0.28355706101190475,1999-02-01,AMF,-1.9504431958978508
US-Wrc,1999,3,-1.8538445618951613,0.9993279569892473,2.335447911719789,0.47379635551075266,1999-03-01,AMF,-0.6041217767972976
US-Wrc,1999,4,-2.8146681522916666,0.9979166666666667,3.6941837366311367,0.8948365833333334,1999-04-01,AMF,0.7601255844643863
US-Wrc,1999,5,-2.473606566532258,1,4.40381757483871,1.930217130376344,1999-05-01,AMF,1.4752709590222957
US-Wrc,1999,6,-2.0504785694444445,1,4.18206978375,2.131593027777778,1999-06-01,AMF,1.2590347042839218
US-Wrc,1999,7,-0.5882389628360215,1,3.627161115188172,3.0389183467741936,1999-07-01,AMF,0.7096375720724295
US-Wrc,1999,8,-0.8736678631048387,0.9986559139784946,3.568446508726349,2.7314497311827957,1999-08-01,AMF,0.6564345019609423
US-Wrc,1999,9,-0.6140999341388889,1,1.6768310134027777,1.062731486111111,1999-09-01,AMF,-1.2296694570122928
US-Wrc,1999,10,-0.699004565188172,1,1.6420602177553763,0.9430536021505377,1999-10-01,AMF,-1.258928716309358
US-Wrc,1999,11,0.16684654239410876,0.9965277777777778,1.123733521474767,1.280723911111111,1999-11-01,AMF,-1.7717438762396311
US-Wrc,1999,12,-0.11841858881105204,0.9852150537634409,1.7931395213559835,1.7356042607526883,1999-12-01,AMF,-1.0968263400080787
US-Wrc,2000,1,-0.1039444419422043,1,0.7356373883333334,0.631692876344086,2000-01-01,AMF,-2.1488169366803933
US-Wrc,2000,2,-0.9485484814853129,0.9992816091954023,1.1659155988439038,0.2122604216954023,2000-02-01,AMF,-1.7130271898194864
US-Wrc,2000,3,-1.9074267965430107,1,2.2427403142466398,0.3353128561827957,2000-03-01,AMF,-0.6306909380664145
US-Wrc,2000,4,-2.2708460951746052,0.9944444444444445,3.8489009953421505,1.6218847986111111,2000-04-01,AMF,0.9809812793794321
US-Wrc,2000,5,-2.220728261195286,0.9986559139784946,4.570434797992275,2.3386703494623657,2000-05-01,AMF,1.7080266183798924
US-Wrc,2000,6,-0.2820507152777778,1,5.229797194513889,4.947752222222222,2000-06-01,AMF,2.3729005512518424
US-Wrc,2000,7,0.06915396572580645,1,2.8323222079301074,2.901474260752688,2000-07-01,AMF,-0.01906289898160285
US-Wrc,2000,8,-1.514798083407258,0.9993279569892473,2.7430980877556506,1.2470975739247312,2000-08-01,AMF,-0.10277548280572357
US-Wrc,2000,9,-1.8173671850694444,1,3.070178150625,1.2528090902777778,2000-09-01,AMF,0.22981611641396157
US-Wrc,2000,10,-1.3837372916153405,0.9979838709677419,2.541370645463813,1.1400560685483871,2000-10-01,AMF,-0.29347985239688895
US-Wrc,2000,11,-0.014541749215277778,0.9993055555555556,1.1483419511032376,1.1244933027777777,2000-11-01,AMF,-1.6809970104071283
US-Wrc,2000,12,0.14915593094402527,0.9966397849462365,0.5939532335844706,0.7423299520833333,2000-12-01,AMF,-2.2298741915755595
US-Wrc,2001,1,-0.19495517979980193,0.9993279569892473,0.7968850097889959,0.6018183205645161,2001-01-01,AMF,-2.021430879020698
US-Wrc,2001,2,-0.7651949875386805,0.9992559523809523,1.0297166591419658,0.26449671875,2001-02-01,AMF,-1.7830876933173923
US-Wrc,2001,3,-1.6193056469086022,1,2.419181532123656,0.7998754704301075,2001-03-01,AMF,-0.3881112839853662
US-Wrc,2001,4,-3.2782508785593554,0.9972222222222222,4.69419000886644,1.4080943472222223,2001-04-01,AMF,1.8924087291077536
US-Wrc,2001,5,-1.0724373979549853,0.9926075268817204,5.127539594943731,4.160539583333334,2001-05-01,AMF,2.331269851535381
US-Wrc,2001,6,-0.5851817047053343,0.9993055555555556,4.713275392906221,4.128939166666667,2001-06-01,AMF,1.9225171858482069
US-Wrc,2001,7,0.22551543172248067,0.9986559139784946,3.685469826014068,3.912513373655914,2001-07-01,AMF,0.9002231553063902
US-Wrc,2001,8,0.14679349519586948,0.9952956989247311,4.796149019216893,4.951931720430108,2001-08-01,AMF,2.0164138848595505
US-Wrc,2001,9,0.05899150138888889,0.9986111111111111,3.3972349317070853,3.4176821527777776,2001-09-01,AMF,0.6230113337000794
US-Wrc,2001,10,-0.7177681821236559,0.9986559139784946,2.2979935646349867,1.5790484543010752,2001-10-01,AMF,-0.4707184970216832
US-Wrc,2001,11,0.1529942663874803,0.9951388888888889,1.0424012328630807,1.207773125,2001-11-01,AMF,-1.7207992924432531
US-Wrc,2001,12,-0.05202907121551841,0.9979838709677419,0.7960105278104812,0.7448090927419355,2001-12-01,AMF,-1.9616784611455165
US-Wrc,2002,1,-0.3240886353572768,0.9926075268817204,0.5541395077250278,0.21477677150537636,2002-01-01,AMF,-2.198037944880634
US-Wrc,2002,2,-0.796638272500046,0.9955357142857143,1.2256839144124796,0.4289831130952381,2002-02-01,AMF,-1.5209820018428462
US-Wrc,2002,3,-1.691166501344086,0.9993279569892473,2.4283732182786286,0.7459319287634408,2002-03-01,AMF,-0.31278116162636116
US-Wrc,2002,4,-2.7285378533090276,1,4.00673444775,1.278199625,2002-04-01,AMF,1.2710916041953466
US-Wrc,2002,5,-2.4093661184033675,0.9993279569892473,4.396887306771445,1.9887189112903225,2002-05-01,AMF,1.6667559995671273
US-Wrc,2002,6,0.07844011343075852,0.9993055555555556,3.4547805993298177,3.535366875,2002-06-01,AMF,0.730160828475836
US-Wrc,2002,7,0.5603606104716272,0.9986559139784946,2.612245969314444,3.1728431451612904,2002-07-01,AMF,-0.10686226518920176
US-Wrc,2002,8,-0.32519870811155915,0.9986559139784946,2.4895618627282223,2.127920443548387,2002-08-01,AMF,-0.22403483542508737
US-Wrc,2002,9,-0.844735123040525,0.9993055555555556,2.910241519448877,2.067772166666667,2002-09-01,AMF,0.2021563576459032
US-Wrc,2002,10,-0.9124296966138592,0.9973118279569892,1.663871259252015,0.7648043823924732,2002-10-01,AMF,-1.0387023662006227
US-Wrc,2002,11,0.23880739658509298,0.9958333333333333,1.334012248085821,1.554953611111111,2002-11-01,AMF,-1.3630498410164806
US-Wrc,2002,12,0.7230975608909399,0.9966397849462365,1.4731029964454216,2.2030468413978497,2002-12-01,AMF,-1.218447556306544
US-Wrc,2003,1,0.27649479313819597,0.9939516129032258,1.7161792478563143,2.0237793413978493,2003-01-01,AMF,-0.9698597685453153
US-Wrc,2003,2,-0.8701435327091873,0.9903273809523809,1.955031386102633,1.1070342782738096,2003-02-01,AMF,-0.7254960939486605
US-Wrc,2003,3,-1.3380897306800386,0.9899193548387096,3.4811715326556967,2.1780678225806454,2003-03-01,AMF,0.8061555889547392
US-Wrc,2003,4,-2.0074704297545307,0.9979166666666667,5.141365020989584,3.1527225555555556,2003-04-01,AMF,2.4718606136389623
US-Wrc,2003,5,-1.7340741316020745,0.9979838709677419,4.830282407910209,3.1301582661290324,2003-05-01,AMF,2.1662895369099235
US-Wrc,2003,6,0.4101703754605416,0.9993055555555556,5.472196088141015,5.889991111111111,2003-06-01,AMF,2.813714753491065
US-Wrc,2003,7,0.7002988471774193,0.9993279569892473,3.9052866712111007,4.627379502688172,2003-07-01,AMF,1.2523168729114873
US-Wrc,2003,8,-0.1779801937726301,0.9986559139784946,3.486144749201803,3.3098807795698924,2003-08-01,AMF,0.8386864872525257
US-Wrc,2003,9,0.18503606800076994,0.9986111111111111,5.839907362795424,6.055075902777777,2003-09-01,AMF,3.1979606371964824
US-Wrc,2003,10,0.9955820535868211,0.9979838709677419,2.890369066409129,3.90175376344086,2003-10-01,AMF,0.2539338771605236
US-Wrc,2003,11,0.24009894354383168,0.9763888888888889,0.7893718724122035,0.9668099034722222,2003-11-01,AMF,-1.841551780486066
US-Wrc,2003,12,0.11559582562057381,0.989247311827957,0.47509640943111514,0.5709469731182796,2003-12-01,AMF,-2.1503157071168184
US-Wrc,2004,1,-0.2120329253919504,0.9919354838709677,0.8964168423434695,0.6798118541666667,2004-01-01,AMF,-1.7234837378541277
US-Wrc,2004,2,-1.0002426325086111,0.9985632183908046,1.3092717899237254,0.302167408045977,2004-02-01,AMF,-1.3051172539235358
US-Wrc,2004,3,-2.201786034249683,0.9946236559139785,3.2521126707826236,1.0532222177419355,2004-03-01,AMF,0.6432351632856983
US-Wrc,2004,4,-2.878817380725293,0.9993055555555556,4.1311856191108465,1.2519664305555556,2004-04-01,AMF,1.5278196479642572
US-Wrc,2004,5,-2.9582722748655916,0.9986559139784946,5.084806608265032,2.102728629032258,2004-05-01,AMF,2.486952173468778
US-Wrc,2004,6,-0.3657912217616806,1,4.212327170416667,3.8696134722222224,2004-06-01,AMF,1.6199842719707493
US-Wrc,2004,7,-0.47518719492361655,0.9993279569892473,2.8269342894234666,2.3511072580645163,2004-07-01,AMF,0.24010292732788532
US-Wrc,2004,8,-0.08496509801774547,0.9966397849462365,2.9894485519427785,2.846797379032258,2004-08-01,AMF,0.40812872619753326
US-Wrc,2004,9,-1.0699216634027777,1,3.0915356333333333,2.0216153041666667,2004-09-01,AMF,0.5157273439384241
US-Wrc,2004,10,-0.36689224191336195,0.9979838709677419,2.0777718608046176,1.7122224462365592,2004-10-01,AMF,-0.49252489223995555
US-Wrc,2004,11,-0.8302712280566611,0.9972222222222222,1.7550214990771285,0.9487029027777778,2004-11-01,AMF,-0.8097637176171087
US-Wrc,2004,12,-0.38325527906332585,0.9939516129032258,1.0039005168693402,0.6234990053763441,2004-12-01,AMF,-1.555373163474561
US-Wrc,2005,1,-0.29448304052378144,0.9966397849462365,0.8143118838908391,0.5256100201612903,2005-01-01,AMF,-1.739450260102726
US-Wrc,2005,2,-1.1192417280208333,0.9985119047619048,1.4352928686605928,0.31579447916666664,2005-02-01,AMF,-1.1129577389826364
US-Wrc,2005,3,-2.610127387146265,0.9946236559139785,3.2409669658205833,0.6232959509408602,2005-03-01,AMF,0.6982278945276903
US-Wrc,2005,4,-3.0293127780856564,0.33125,4.260993974936209,1.3470767708333333,2005-04-01,AMF,1.723766439993652
US-Wrc,2005,5,-2.158044290671341,0,4.160101192574947,1.434195934139785,2005-05-01,AMF,1.628385193982726
US-Wrc,2005,6,-0.8005992316740517,0,4.119175711252388,1.3183447083333333,2005-06-01,AMF,1.5929712490105028
US-Wrc,2005,7,0.04801576491080919,0,2.752806093962491,1.3544885416666668,2005-07-01,AMF,0.2321131680709422
US-Wrc,2005,8,-0.5348729287146412,0,2.7716270505167753,1.1638694018817204,2005-08-01,AMF,0.2564456609755622
US-Wrc,2005,9,-0.5867748105565034,0,2.593648182655382,0.8300913194444445,2005-09-01,AMF,0.0839783294645049
US-Wrc,2005,10,-0.5381519557769372,0,2.0110564442741916,0.5798355241935483,2005-10-01,AMF,-0.4931018725663493
US-Wrc,2005,11,0.03378434005600694,0,1.1245588055840279,0.3242060625,2005-11-01,AMF,-1.374087974906177
US-Wrc,2005,12,0.07946681081722774,6.720430107526882e-4,0.7247366061592221,0.1776232930107527,2005-12-01,AMF,-1.768398637980647
US-Wrc,2006,1,-0.3313732482143622,0.9966397849462365,0.7873088072260565,0.45638465725806454,2006-01-01,AMF,-1.7003149005634763
US-Wrc,2006,2,-0.5610053504966019,0.9985119047619048,1.0234030299868908,0.45479809895833334,2006-02-01,AMF,-1.458709141452306
US-Wrc,2006,3,-2.0687316608948985,0.9979838709677419,2.708840286862143,0.6490296706989247,2006-03-01,AMF,0.232239651773282
US-Wrc,2006,4,-2.971709304469991,0.99375,3.7961847029135347,0.8143292847222222,2006-04-01,AMF,1.32509560417501
US-Wrc,2006,5,-2.288998891801075,1,4.521582138575269,2.2325848319892474,2006-05-01,AMF,2.05600457618708
US-Wrc,2006,6,-2.110930254612184,0.9993055555555556,4.800766914349348,2.6897172222222223,2006-06-01,AMF,2.3407008883114946
US-Wrc,2006,7,-1.1832608625672043,1,3.8581871446236558,2.674920698924731,2006-07-01,AMF,1.4036326549361389
US-Wrc,2006,8,-1.7643955451612903,0.9993279569892473,2.5550732438040376,0.8063142674731183,2006-08-01,AMF,0.10603029046685677
US-Wrc,2006,9,-1.4840671305555555,0.9993055555555556,1.6523034002289465,0.18511682638888888,2006-09-01,AMF,-0.7912280167578982
US-Wrc,2006,10,-1.6842545812475325,0.9986559139784946,2.4089797951520513,0.7399095295698924,2006-10-01,AMF,-0.029040085484457426
US-Wrc,2006,11,-0.5261460090277778,1,1.2957704498958333,0.7696250625,2006-11-01,AMF,-1.1367378943903395
US-Wrc,2006,12,0.17684910256697872,0.9926075268817204,0.46874506441224784,0.6367825493714798,2006-12-01,AMF,-1.9582517435235889
US-Wrc,2007,1,0.014406579988324102,0,0.807633397551624,0.6674292882713483,2007-01-01,AMF,-1.6138518740338765
US-Wrc,2007,2,-0.7507645667333339,0,1.231075736474499,0.46592631069885015,2007-02-01,AMF,-1.1848979987606656
US-Wrc,2007,3,-2.37324736692213,0,2.521651074237977,0.758987522267025,2007-03-01,AMF,0.11118887535314836
US-Wrc,2007,4,-3.7249133945833335,0.7152777777777778,4.416630673690704,0.7364599839937399,2007-04-01,AMF,2.011680011156211
US-Wrc,2007,5,-2.7245398710349464,1,4.451600355645161,1.7270581518817205,2007-05-01,AMF,2.0521612294610048
US-Wrc,2007,6,-1.8634929097222221,1,5.416706766944444,3.5532215277777777,2007-06-01,AMF,3.022779177110624
US-Wrc,2007,7,0.09310631182795696,0.9993279569892473,2.4179823091900587,2.491926478494624,2007-07-01,AMF,0.0295662557065742
US-Wrc,2007,8,-1.0920127318548387,1,3.1500631119623654,2.0580510282258064,2007-08-01,AMF,0.767158594829217
US-Wrc,2007,9,-1.070907964097222,1,3.08655082375,2.015640875,2007-09-01,AMF,0.7091578429671876
US-Wrc,2007,10,-1.0063878846303764,1,2.3557629758198924,1.349376370967742,2007-10-01,AMF,-0.01611846861258412
US-Wrc,2007,11,-0.14080579047396227,0.9993055555555556,1.2997073441288876,1.1583310833333333,2007-11-01,AMF,-1.066662563953253
US-Wrc,2007,12,0.02535708685751444,0.9979838709677419,0.6794012739405213,0.6909498904569893,2007-12-01,AMF,-1.681457097791283
US-Wrc,2008,1,0.37096913933392306,0.9979838709677419,0.44980334837919206,0.8077490591397849,2008-01-01,AMF,-1.9055434870022763
US-Wrc,2008,2,-1.2091956459467719,0.9985632183908046,1.6764107342031878,0.4596011206896552,2008-02-01,AMF,-0.6734245648279445
US-Wrc,2008,3,-2.331590068817204,0.9986559139784946,2.9459700027917703,0.5992874059139784,2008-03-01,AMF,0.601646240110974
US-Wrc,2008,4,-3.6163219077044593,0.9993055555555556,4.122013337624735,0.5050689951388889,2008-04-01,AMF,1.783201111294275
US-Wrc,2008,5,-2.9859457157160887,0.9986559139784946,4.161144302566046,1.1607705174731182,2008-05-01,AMF,1.8278436125859219
US-Wrc,2008,6,-0.7595252465202389,0.9979166666666667,3.5086296917154227,2.7457687777777777,2008-06-01,AMF,1.1808405380856344
US-Wrc,2008,7,-0.5556079823924731,1,2.613948514919355,2.0583384677419354,2008-07-01,AMF,0.2916708976399026
US-Wrc,2008,8,-0.742891466869912,0.9966397849462365,3.244081288204137,2.4306709811827956,2008-08-01,AMF,0.9273152072750206
US-Wrc,2008,9,-0.4613535922226611,0.9944444444444445,2.4121615501031273,1.9517095069444443,2008-09-01,AMF,0.10090700552434703
US-Wrc,2008,10,-1.2100265449596774,0.9959677419354839,3.3539701971967824,2.171285557795699,2008-10-01,AMF,1.0482271889683383
US-Wrc,2008,11,0.01966323037932731,0.9243055555555556,2.2523896401422467,2.3320166458333333,2008-11-01,AMF,-0.04784183173586147
US-Wrc,2008,12,0.08033550879999929,0,0.7242903127870907,1.3296925359306195,2008-12-01,AMF,-1.5704296227406813
US-Wrc,2009,1,-0.11767531740512313,0,0.807633397551624,0.6674292882713483,2009-01-01,AMF,-1.481575001625812
US-Wrc,2009,2,-0.7511375001558385,0,1.231075736474499,0.46592631069885015,2009-02-01,AMF,-1.052621126352601
US-Wrc,2009,3,-1.8072735381654597,0,2.521651074237977,0.758987522267025,2009-03-01,AMF,0.24346574776121285
US-Wrc,2009,4,-2.71496963892644,0.9104166666666667,3.5645357515495983,0.8617336133521162,2009-04-01,AMF,1.2918619614231703
US-Wrc,2009,5,-1.7472751303246485,0.9986559139784946,3.115244705882788,1.3813312634408603,2009-05-01,AMF,0.84808245210669575
US-Wrc,2009,6,-0.9168044761754498,0.9972222222222222,3.923043721613784,2.989015486111111,2009-06-01,AMF,1.661393004188028
US-Wrc,2009,7,0.7047369396480889,0.9993279569892473,2.0250074585188527,2.7298014112903224,2009-07-01,AMF,-0.2311317225565674
US-Wrc,2009,8,-0.45123033602150536,0.9986559139784946,2.7599212772560553,2.2753620295698926,2009-08-01,AMF,0.5092936325309714
US-Wrc,2009,9,-0.5398398264887395,0.7111111111111111,2.1937274641453253,1.3562625902777778,2009-09-01,AMF,-0.051388644229422756
US-Wrc,2009,10,-0.5381519557769372,0,2.0110564442741916,0.8576760215053764,2009-10-01,AMF,-0.22854812775022038
US-Wrc,2009,11,0.03378434005600694,0,1.1245588055840279,0.7321987916666667,2009-11-01,AMF,-1.1095342300900481
US-Wrc,2009,12,0.08033550879999929,0,0.7242903127870907,0.8248545362903226,2009-12-01,AMF,-1.504291186536649
US-Wrc,2010,1,0.07129295956864645,0.9946236559139785,0.6613298407948004,0.7268415053763441,2010-01-01,AMF,-1.5617401221786036
US-Wrc,2010,2,-0.6823063807245953,0.9985119047619048,1.2637356810170883,0.5815002232142857,2010-02-01,AMF,-0.9538227456059796
US-Wrc,2010,3,-1.818634641475155,0.9946236559139785,2.892697019384722,1.0761447983870969,2010-03-01,AMF,0.6806501291119901
US-Wrc,2010,4,-2.564343116837108,0.9972222222222222,4.300809207532354,1.7276085833333332,2010-04-01,AMF,2.094273853609958
US-Wrc,2010,5,-2.471787169180586,0.9979838709677419,4.152284283828212,1.6661884744623656,2010-05-01,AMF,1.9512604662561526
US-Wrc,2010,6,-0.40626069760285916,0.9986111111111111,3.9323078096539734,3.5424905,2010-06-01,AMF,1.7367955284322496
US-Wrc,2010,7,0.7871233921606144,0.9973118279569892,2.1246861294149104,2.8488625940860217,2010-07-01,AMF,-0.06531461545647738
US-Wrc,2010,8,-0.02578645069593787,0.9973118279569892,3.431567627143786,3.353785504032258,2010-08-01,AMF,1.2470784186227342
US-Wrc,2010,9,-0.4098084299720839,0.9958333333333333,3.062167804748996,2.6189981805555553,2010-09-01,AMF,0.8831901325782803
US-Wrc,2010,10,-0.08444395340209511,0.9966397849462365,1.7155223660269556,1.581187445564516,2010-10-01,AMF,-0.4579437697934241
US-Wrc,2010,11,0.3872618285963135,0.9951388888888889,0.9748085417268356,1.3554006666666667,2010-11-01,AMF,-1.1931460577432078
US-Wrc,2010,12,0.20718642517445912,0.9979838709677419,0.7129097204700094,0.9140198387096774,2010-12-01,AMF,-1.4495333426496981
US-Wrc,2011,1,-0.1547359489599307,0.991263440860215,0.6855997453432933,0.5186067338709678,2011-01-01,AMF,-1.4713317814260785
US-Wrc,2011,2,-0.32888424667399113,0.9985119047619048,0.8771907473968409,0.5416869196428571,2011-02-01,AMF,-1.2742292430221946
US-Wrc,2011,3,-1.026139858922161,0.9959677419354839,1.510259945879629,0.4933609744623656,2011-03-01,AMF,-0.6356485081890706
US-Wrc,2011,4,-2.3727182020377504,0.9993055555555556,3.3688983114553572,0.9960360277777778,2011-04-01,AMF,1.2285013937369935
US-Wrc,2011,5,-2.95198825,1,4.273559176189516,1.321573998655914,2011-05-01,AMF,2.1386737948214884
US-Wrc,2011,6,-1.582004451388889,1,4.496954089659722,2.914947777777778,2011-06-01,AMF,2.3675802446420304
US-Wrc,2011,7,-0.8251308676138028,0.9973118279569892,2.643443574504618,1.818208803763441,2011-07-01,AMF,0.5195812658372625
US-Wrc,2011,8,-0.5438664348629794,0.9979838709677419,2.144719399146566,1.6034682190860214,2011-08-01,AMF,0.0263686268295463
US-Wrc,2011,9,-0.22680376332502186,0.9965277777777778,1.611149058015273,1.3805146458333333,2011-09-01,AMF,-0.5016901779514106
US-Wrc,2011,10,0.32151523151481104,0.9959677419354839,1.056335958415184,1.3450556115591399,2011-10-01,AMF,-1.0509917412011636
US-Wrc,2011,11,-0.21109460636199753,0.9986111111111111,1.0841177069430794,0.8728948888888889,2011-11-01,AMF,-1.017698456322932
US-Wrc,2011,12,0.04105671693548387,1,0.6056827268615591,0.6467396639784946,2011-12-01,AMF,-1.490621900054116
US-Wrc,2012,1,-0.1293591417975871,0.9946236559139785,0.6280096007136525,0.504468064516129,2012-01-01,AMF,-1.4627834898516867
US-Wrc,2012,2,-0.5953530673132184,0.9985632183908046,0.9837617744722515,0.37448078304597704,2012-02-01,AMF,-1.1015197797427518
US-Wrc,2012,3,-1.0223677028658098,0.9966397849462365,1.2600074676422393,0.22872137768817205,2012-03-01,AMF,-0.8197625502224282
US-Wrc,2012,4,-2.233442180326389,0.9972222222222222,2.781720146221825,0.5921371458333333,2012-04-01,AMF,0.7074616647074934
US-Wrc,2012,5,-2.2443119260752686,1,3.7789144159005374,1.5346016733870969,2012-05-01,AMF,1.7101674707365422
US-Wrc,2012,6,-1.4705253269275564,0.9993055555555556,4.14327503617011,2.6730385416666667,2012-06-01,AMF,2.08003962735645
US-Wrc,2012,7,0.14054921903463,0.9986559139784946,3.0665632989911895,3.232046102150538,2012-07-01,AMF,1.0088394265278662
US-Wrc,2012,8,0.00966326435641422,0.9952956989247311,1.7061988809102078,1.7038388575268817,2012-08-01,AMF,-0.3460134552027795
US-Wrc,2012,9,-0.8695312374999999,1,1.913805038,1.0442741736111112,2012-09-01,AMF,-0.1328957617626513
US-Wrc,2012,10,-0.4663929539079181,0.9973118279569892,1.1144253757460423,0.6527972043010752,2012-10-01,AMF,-0.9267638876662729
US-Wrc,2012,11,0.08874043989677102,0.9916666666666667,0.5745681940748053,0.6611740902777777,2012-11-01,AMF,-1.4611095329871737
US-Wrc,2012,12,0.08296974350405249,0.9973118279569892,0.4119691124958339,0.49525653897849464,2012-12-01,AMF,-1.618197078215809
US-Wrc,2013,1,-0.18800519086021505,1,0.5692607848790323,0.3812555913978495,2013-01-01,AMF,-1.4553938694822748
US-Wrc,2013,2,-0.8570118272752281,0.9992559523809523,1.1642794399627976,0.30719606398809524,2013-02-01,AMF,-0.8548636780481735
US-Wrc,2013,3,-1.656248512867355,0.9986559139784946,2.07498535273524,0.41841919690860213,2013-03-01,AMF,0.061353771074604824
US-Wrc,2013,4,-2.2867724538888887,0.9993055555555556,3.2319453840283323,0.9565270625,2013-04-01,AMF,1.2238253387180331
US-Wrc,2013,5,-1.5349717073089093,0.9973118279569892,3.586842323517815,2.041362795698925,2013-05-01,AMF,1.5842338145578518
US-Wrc,2013,6,-0.9406146072387489,0.9972222222222222,3.735933133044107,2.795780625,2013-06-01,AMF,1.73883616043448
US-Wrc,2013,7,0.31839791265481476,0.9993279569892473,2.7097102853594137,3.0279290322580645,2013-07-01,AMF,0.7181248491001226
US-Wrc,2013,8,-0.6716080379392039,0.9966397849462365,2.577009736454705,1.8469082862903226,2013-08-01,AMF,0.5909358365457501
US-Wrc,2013,9,0.45798273462916816,0.9979166666666667,2.0075992291017255,2.506276597222222,2013-09-01,AMF,0.027036865543106442
US-Wrc,2013,10,-1.091501724059156,0.9979838709677419,1.8365106023819324,0.7584733434139785,2013-10-01,AMF,-0.13854022482635062
US-Wrc,2013,11,1.8984491134034913e-4,0.9972222222222222,0.8522012047129974,0.86523225,2013-11-01,AMF,-1.1173380861449498
US-Wrc,2013,12,-0.052635013128240385,0.9926075268817204,0.20456247152800167,0.13842436424731183,2013-12-01,AMF,-1.7594652829796094
US-Wrc,2014,1,-0.16651244998415507,0.9993279569892473,0.5033454191776239,0.336558563844086,2014-01-01,AMF,-1.455170798979651
US-Wrc,2014,2,-0.37194660809396635,0.9910714285714286,0.7402588564201487,0.3698925818452381,2014-02-01,AMF,-1.2127458253867902
US-Wrc,2014,3,-1.2571312249541935,0.9919354838709677,1.5936337370724842,0.36773338037634407,2014-03-01,AMF,-0.35385940838411867
US-Wrc,2014,4,-2.1772230745843313,0.9965277777777778,2.713448024264758,0.551310375,2014-04-01,AMF,0.7714664151584909
US-Wrc,2014,5,-1.8150609794493213,0.9973118279569892,2.621105148624416,0.8298555416666666,2014-05-01,AMF,0.684635075868485
US-Wrc,2014,6,-0.9115624656876304,0.9993055555555556,2.563589476093569,1.6507858333333334,2014-06-01,AMF,0.632630939687974
US-Wrc,2014,7,0.5833519764664976,0.9818548387096774,0.9610524355526181,1.5004945967741936,2014-07-01,AMF,-0.9643945645026409
US-Wrc,2014,8,-0.2753797745491598,0.9973118279569892,1.5523568354742487,1.2922503561827956,2014-08-01,AMF,-0.36757862823067405
US-Wrc,2014,9,-0.1786514868822246,0.9972222222222222,2.3300233885567914,2.1703717916666667,2014-09-01,AMF,0.4155994612022046
US-Wrc,2014,10,0.8172197488133386,0.9905913978494624,2.0077454588681953,2.8023666666666665,2014-10-01,AMF,0.09883306786394458
US-Wrc,2014,11,0.9423663380569247,0.9951388888888889,0.845509375835551,1.7866045,2014-11-01,AMF,-1.057891478818364
US-Wrc,2014,12,0.29105118615197845,0.9932795698924731,0.5434915401886654,0.8434982728494623,2014-12-01,AMF,-1.3543977781149135
US-Wrc,2015,1,-0.09025827729443199,0.9879032258064516,1.4519821888616602,1.177654418828288,2015-01-01,AMF,-0.4403955930915825
US-Wrc,2015,2,-0.4085443813287745,0.9880952380952381,1.6140077893339417,1.0038452286778259,2015-02-01,AMF,-0.272858456268965
US-Wrc,2015,3,-2.1405389141616,0.9791666666666666,3.4383781555738087,1.3426134274193549,2015-03-01,AMF,1.557023446321238
US-Wrc,2015,4,-2.2971727946148857,0.9993055555555556,3.8332419919133414,1.536424638888889,2015-04-01,AMF,1.9573988190111067
US-Wrc,2015,5,-0.8953442592970484,0.9986559139784946,3.485573939747995,2.6049803091397847,2015-05-01,AMF,1.6152423031960963
US-Wrc,2015,6,0.9470244513888889,1,2.121158511736111,3.068184513888889,2015-06-01,AMF,0.2563384115345485
US-Wrc,2015,7,0.21308350201612902,0.9993279569892473,2.1348962732438275,2.3681105510752687,2015-07-01,AMF,0.2755877093926008
US-Wrc,2015,8,-0.1706428946176837,0.9986559139784946,1.1521926283406008,0.979870120967742,2015-08-01,AMF,-0.7016043991602898
US-Wrc,2015,9,-0.5033199362277365,0.9993055555555556,1.2429545545234264,0.7314025972222222,2015-09-01,AMF,-0.6053309366271281
US-Wrc,2015,10,-0.5837567509078829,0.9959677419354839,1.2031573201859005,0.6163440927419355,2015-10-01,AMF,-0.6396166346143181
US-Wrc,2015,11,-0.007344346775410181,0.9958333333333333,0.49642730128394275,0.4758208611111111,2015-11-01,AMF,-1.3408351171659396
US-Wrc,2015,12,-0.08041580524510772,0.9939516129032258,0.37765297025348665,0.28643014771505376,2015-12-01,AMF,-1.4540979118460597
